station_id,station_nid,forecast_issue_datetime,forecast_issue_date,target_datetime,target_date,lead_hours,forecast_level_raw,forecast_level_cm,forecast_available,availability_source,html_value_raw,xml_html_match,capture_datetime_utc,capture_datetime_local,forecast_run_hash,first_seen_at,last_seen_at,quality_flag
03013570-89c3-468d-929e-389aa605e929,95,2026-08-02T03:00:00+03:00,2026-08-02,2026-08-07T03:00:00+03:00,2026-08-07,120,-101,-101,True,xml_with_html_mismatch,-104,False,2026-08-03T14:01:46Z,2026-08-03T17:01:46+03:00,14d35a6906363826513894a2bd21a813e30bb646e7e199d86e496d793eea0b65,2026-08-03T14:01:46Z,2026-08-03T14:01:46Z,xml_html_value_mismatch
03013570-89c3-468d-929e-389aa605e929,95,2026-08-02T03:00:00+03:00,2026-08-02,2026-08-03T03:00:00+03:00,2026-08-03,24,-88,-88,True,xml_with_html_mismatch,-92,False,2026-08-03T14:01:46Z,2026-08-03T17:01:46+03:00,14d35a6906363826513894a2bd21a813e30bb646e7e199d86e496d793eea0b65,2026-08-03T14:01:46Z,2026-08-03T14:01:46Z,xml_html_value_mismatch
03013570-89c3-468d-929e-389aa605e929,95,2026-08-02T03:00:00+03:00,2026-08-02,2026-08-04T03:00:00+03:00,2026-08-04,48,-92,-92,True,xml_with_html_mismatch,-95,False,2026-08-03T14:01:46Z,2026-08-03T17:01:46+03:00,14d35a6906363826513894a2bd21a813e30bb646e7e199d86e496d793eea0b65,2026-08-03T14:01:46Z,2026-08-03T14:01:46Z,xml_html_value_mismatch
03013570-89c3-468d-929e-389aa605e929,95,2026-08-02T03:00:00+03:00,2026-08-02,2026-08-05T03:00:00+03:00,2026-08-05,72,-95,-95,True,xml_with_html_mismatch,-98,False,2026-08-03T14:01:46Z,2026-08-03T17:01:46+03:00,14d35a6906363826513894a2bd21a813e30bb646e7e199d86e496d793eea0b65,2026-08-03T14:01:46Z,2026-08-03T14:01:46Z,xml_html_value_mismatch
03013570-89c3-468d-929e-389aa605e929,95,2026-08-02T03:00:00+03:00,2026-08-02,2026-08-06T03:00:00+03:00,2026-08-06,96,-99,-99,True,xml_with_html_mismatch,-101,False,2026-08-03T14:01:46Z,2026-08-03T17:01:46+03:00,14d35a6906363826513894a2bd21a813e30bb646e7e199d86e496d793eea0b65,2026-08-03T14:01:46Z,2026-08-03T14:01:46Z,xml_html_value_mismatch
03013570-89c3-468d-929e-389aa605e929,95,2026-08-04T03:00:00+03:00,2026-08-04,2026-08-09T03:00:00+03:00,2026-08-09,120,-103,-103,True,xml_html_confirmed,-103,True,2026-08-05T07:00:07Z,2026-08-05T10:00:07+03:00,41a4c5d2fadd82e4bd7f91bd22ce77cf3a2663cd485267b113bf8a87e8b7434c,2026-08-04T12:07:23Z,2026-08-05T07:00:07Z,valid
03013570-89c3-468d-929e-389aa605e929,95,2026-08-04T03:00:00+03:00,2026-08-04,2026-08-05T03:00:00+03:00,2026-08-05,24,-95,-95,True,xml_html_confirmed,-95,True,2026-08-05T07:00:07Z,2026-08-05T10:00:07+03:00,41a4c5d2fadd82e4bd7f91bd22ce77cf3a2663cd485267b113bf8a87e8b7434c,2026-08-04T12:07:23Z,2026-08-05T07:00:07Z,valid
03013570-89c3-468d-929e-389aa605e929,95,2026-08-04T03:00:00+03:00,2026-08-04,2026-08-06T03:00:00+03:00,2026-08-06,48,-98,-98,True,xml_html_confirmed,-98,True,2026-08-05T07:00:07Z,2026-08-05T10:00:07+03:00,41a4c5d2fadd82e4bd7f91bd22ce77cf3a2663cd485267b113bf8a87e8b7434c,2026-08-04T12:07:23Z,2026-08-05T07:00:07Z,valid
03013570-89c3-468d-929e-389aa605e929,95,2026-08-04T03:00:00+03:00,2026-08-04,2026-08-07T03:00:00+03:00,2026-08-07,72,-100,-100,True,xml_html_confirmed,-100,True,2026-08-05T07:00:07Z,2026-08-05T10:00:07+03:00,41a4c5d2fadd82e4bd7f91bd22ce77cf3a2663cd485267b113bf8a87e8b7434c,2026-08-04T12:07:23Z,2026-08-05T07:00:07Z,valid
03013570-89c3-468d-929e-389aa605e929,95,2026-08-04T03:00:00+03:00,2026-08-04,2026-08-08T03:00:00+03:00,2026-08-08,96,-101,-101,True,xml_html_confirmed,-101,True,2026-08-05T07:00:07Z,2026-08-05T10:00:07+03:00,41a4c5d2fadd82e4bd7f91bd22ce77cf3a2663cd485267b113bf8a87e8b7434c,2026-08-04T12:07:23Z,2026-08-05T07:00:07Z,valid
03013570-89c3-468d-929e-389aa605e929,95,2026-08-05T03:00:00+03:00,2026-08-05,2026-08-10T03:00:00+03:00,2026-08-10,120,-101,-101,True,xml_html_confirmed,-101,True,2026-08-06T07:00:16Z,2026-08-06T10:00:16+03:00,704c318ca810b9ca3d987145984886ffc927f7b3037208803783c65bd1f9854e,2026-08-05T15:00:16Z,2026-08-06T07:00:16Z,valid
03013570-89c3-468d-929e-389aa605e929,95,2026-08-05T03:00:00+03:00,2026-08-05,2026-08-06T03:00:00+03:00,2026-08-06,24,-97,-97,True,xml_html_confirmed,-97,True,2026-08-06T07:00:16Z,2026-08-06T10:00:16+03:00,704c318ca810b9ca3d987145984886ffc927f7b3037208803783c65bd1f9854e,2026-08-05T15:00:16Z,2026-08-06T07:00:16Z,valid
03013570-89c3-468d-929e-389aa605e929,95,2026-08-05T03:00:00+03:00,2026-08-05,2026-08-07T03:00:00+03:00,2026-08-07,48,-98,-98,True,xml_html_confirmed,-98,True,2026-08-06T07:00:16Z,2026-08-06T10:00:16+03:00,704c318ca810b9ca3d987145984886ffc927f7b3037208803783c65bd1f9854e,2026-08-05T15:00:16Z,2026-08-06T07:00:16Z,valid
03013570-89c3-468d-929e-389aa605e929,95,2026-08-05T03:00:00+03:00,2026-08-05,2026-08-08T03:00:00+03:00,2026-08-08,72,-99,-99,True,xml_html_confirmed,-99,True,2026-08-06T07:00:16Z,2026-08-06T10:00:16+03:00,704c318ca810b9ca3d987145984886ffc927f7b3037208803783c65bd1f9854e,2026-08-05T15:00:16Z,2026-08-06T07:00:16Z,valid
03013570-89c3-468d-929e-389aa605e929,95,2026-08-05T03:00:00+03:00,2026-08-05,2026-08-09T03:00:00+03:00,2026-08-09,96,-100,-100,True,xml_html_confirmed,-100,True,2026-08-06T07:00:16Z,2026-08-06T10:00:16+03:00,704c318ca810b9ca3d987145984886ffc927f7b3037208803783c65bd1f9854e,2026-08-05T15:00:16Z,2026-08-06T07:00:16Z,valid
03013570-89c3-468d-929e-389aa605e929,95,2026-08-06T03:00:00+03:00,2026-08-06,2026-08-11T03:00:00+03:00,2026-08-11,120,-103,-103,True,xml_html_confirmed,-103,True,2026-08-07T07:00:17Z,2026-08-07T10:00:17+03:00,f9b34f0123f691c9f92de77ce0e78bf9e139e74f0998f557fb1475bedc2111ee,2026-08-06T15:00:17Z,2026-08-07T07:00:17Z,valid
03013570-89c3-468d-929e-389aa605e929,95,2026-08-06T03:00:00+03:00,2026-08-06,2026-08-07T03:00:00+03:00,2026-08-07,24,-100,-100,True,xml_html_confirmed,-100,True,2026-08-07T07:00:17Z,2026-08-07T10:00:17+03:00,f9b34f0123f691c9f92de77ce0e78bf9e139e74f0998f557fb1475bedc2111ee,2026-08-06T15:00:17Z,2026-08-07T07:00:17Z,valid
03013570-89c3-468d-929e-389aa605e929,95,2026-08-06T03:00:00+03:00,2026-08-06,2026-08-08T03:00:00+03:00,2026-08-08,48,-101,-101,True,xml_html_confirmed,-101,True,2026-08-07T07:00:17Z,2026-08-07T10:00:17+03:00,f9b34f0123f691c9f92de77ce0e78bf9e139e74f0998f557fb1475bedc2111ee,2026-08-06T15:00:17Z,2026-08-07T07:00:17Z,valid
03013570-89c3-468d-929e-389aa605e929,95,2026-08-06T03:00:00+03:00,2026-08-06,2026-08-09T03:00:00+03:00,2026-08-09,72,-102,-102,True,xml_html_confirmed,-102,True,2026-08-07T07:00:17Z,2026-08-07T10:00:17+03:00,f9b34f0123f691c9f92de77ce0e78bf9e139e74f0998f557fb1475bedc2111ee,2026-08-06T15:00:17Z,2026-08-07T07:00:17Z,valid
03013570-89c3-468d-929e-389aa605e929,95,2026-08-06T03:00:00+03:00,2026-08-06,2026-08-10T03:00:00+03:00,2026-08-10,96,-102,-102,True,xml_html_confirmed,-102,True,2026-08-07T07:00:17Z,2026-08-07T10:00:17+03:00,f9b34f0123f691c9f92de77ce0e78bf9e139e74f0998f557fb1475bedc2111ee,2026-08-06T15:00:17Z,2026-08-07T07:00:17Z,valid
031cc7fd-3f5f-4d3f-8c42-01438e8dd69a,98,2026-08-02T03:00:00+03:00,2026-08-02,2026-08-07T03:00:00+03:00,2026-08-07,120,0,,False,html_blank_xml_zero,,,2026-08-03T14:01:46Z,2026-08-03T17:01:46+03:00,489d76e4c88b458a12d18266fa46dceac2733d31e2c47095c5eb3d3cd74746fc,2026-08-03T14:01:46Z,2026-08-03T14:01:46Z,missing_forecast_encoded_as_zero
031cc7fd-3f5f-4d3f-8c42-01438e8dd69a,98,2026-08-02T03:00:00+03:00,2026-08-02,2026-08-03T03:00:00+03:00,2026-08-03,24,0,,False,html_blank_xml_zero,,,2026-08-03T14:01:46Z,2026-08-03T17:01:46+03:00,489d76e4c88b458a12d18266fa46dceac2733d31e2c47095c5eb3d3cd74746fc,2026-08-03T14:01:46Z,2026-08-03T14:01:46Z,missing_forecast_encoded_as_zero
031cc7fd-3f5f-4d3f-8c42-01438e8dd69a,98,2026-08-02T03:00:00+03:00,2026-08-02,2026-08-04T03:00:00+03:00,2026-08-04,48,0,,False,html_blank_xml_zero,,,2026-08-03T14:01:46Z,2026-08-03T17:01:46+03:00,489d76e4c88b458a12d18266fa46dceac2733d31e2c47095c5eb3d3cd74746fc,2026-08-03T14:01:46Z,2026-08-03T14:01:46Z,missing_forecast_encoded_as_zero
031cc7fd-3f5f-4d3f-8c42-01438e8dd69a,98,2026-08-02T03:00:00+03:00,2026-08-02,2026-08-05T03:00:00+03:00,2026-08-05,72,0,,False,html_blank_xml_zero,,,2026-08-03T14:01:46Z,2026-08-03T17:01:46+03:00,489d76e4c88b458a12d18266fa46dceac2733d31e2c47095c5eb3d3cd74746fc,2026-08-03T14:01:46Z,2026-08-03T14:01:46Z,missing_forecast_encoded_as_zero
031cc7fd-3f5f-4d3f-8c42-01438e8dd69a,98,2026-08-02T03:00:00+03:00,2026-08-02,2026-08-06T03:00:00+03:00,2026-08-06,96,0,,False,html_blank_xml_zero,,,2026-08-03T14:01:46Z,2026-08-03T17:01:46+03:00,489d76e4c88b458a12d18266fa46dceac2733d31e2c47095c5eb3d3cd74746fc,2026-08-03T14:01:46Z,2026-08-03T14:01:46Z,missing_forecast_encoded_as_zero
031cc7fd-3f5f-4d3f-8c42-01438e8dd69a,98,2026-08-04T03:00:00+03:00,2026-08-04,2026-08-09T03:00:00+03:00,2026-08-09,120,0,,False,html_blank_xml_zero,,,2026-08-05T07:00:07Z,2026-08-05T10:00:07+03:00,dab257c8590334bff4d7b5f96fb218c7e2cac623f6f7eb7ce1381f33ec17c081,2026-08-04T12:07:23Z,2026-08-05T07:00:07Z,missing_forecast_encoded_as_zero
031cc7fd-3f5f-4d3f-8c42-01438e8dd69a,98,2026-08-04T03:00:00+03:00,2026-08-04,2026-08-05T03:00:00+03:00,2026-08-05,24,0,,False,html_blank_xml_zero,,,2026-08-05T07:00:07Z,2026-08-05T10:00:07+03:00,dab257c8590334bff4d7b5f96fb218c7e2cac623f6f7eb7ce1381f33ec17c081,2026-08-04T12:07:23Z,2026-08-05T07:00:07Z,missing_forecast_encoded_as_zero
031cc7fd-3f5f-4d3f-8c42-01438e8dd69a,98,2026-08-04T03:00:00+03:00,2026-08-04,2026-08-06T03:00:00+03:00,2026-08-06,48,0,,False,html_blank_xml_zero,,,2026-08-05T07:00:07Z,2026-08-05T10:00:07+03:00,dab257c8590334bff4d7b5f96fb218c7e2cac623f6f7eb7ce1381f33ec17c081,2026-08-04T12:07:23Z,2026-08-05T07:00:07Z,missing_forecast_encoded_as_zero
031cc7fd-3f5f-4d3f-8c42-01438e8dd69a,98,2026-08-04T03:00:00+03:00,2026-08-04,2026-08-07T03:00:00+03:00,2026-08-07,72,0,,False,html_blank_xml_zero,,,2026-08-05T07:00:07Z,2026-08-05T10:00:07+03:00,dab257c8590334bff4d7b5f96fb218c7e2cac623f6f7eb7ce1381f33ec17c081,2026-08-04T12:07:23Z,2026-08-05T07:00:07Z,missing_forecast_encoded_as_zero
031cc7fd-3f5f-4d3f-8c42-01438e8dd69a,98,2026-08-04T03:00:00+03:00,2026-08-04,2026-08-08T03:00:00+03:00,2026-08-08,96,0,,False,html_blank_xml_zero,,,2026-08-05T07:00:07Z,2026-08-05T10:00:07+03:00,dab257c8590334bff4d7b5f96fb218c7e2cac623f6f7eb7ce1381f33ec17c081,2026-08-04T12:07:23Z,2026-08-05T07:00:07Z,missing_forecast_encoded_as_zero
031cc7fd-3f5f-4d3f-8c42-01438e8dd69a,98,2026-08-05T03:00:00+03:00,2026-08-05,2026-08-10T03:00:00+03:00,2026-08-10,120,0,,False,html_blank_xml_zero,,,2026-08-06T07:00:16Z,2026-08-06T10:00:16+03:00,f7c9876e8ff71c516c9e3ca9f5f6aa459c48d08ad6b4f915160e7ac50708ae3c,2026-08-05T15:00:16Z,2026-08-06T07:00:16Z,missing_forecast_encoded_as_zero
031cc7fd-3f5f-4d3f-8c42-01438e8dd69a,98,2026-08-05T03:00:00+03:00,2026-08-05,2026-08-06T03:00:00+03:00,2026-08-06,24,0,,False,html_blank_xml_zero,,,2026-08-06T07:00:16Z,2026-08-06T10:00:16+03:00,f7c9876e8ff71c516c9e3ca9f5f6aa459c48d08ad6b4f915160e7ac50708ae3c,2026-08-05T15:00:16Z,2026-08-06T07:00:16Z,missing_forecast_encoded_as_zero
031cc7fd-3f5f-4d3f-8c42-01438e8dd69a,98,2026-08-05T03:00:00+03:00,2026-08-05,2026-08-07T03:00:00+03:00,2026-08-07,48,0,,False,html_blank_xml_zero,,,2026-08-06T07:00:16Z,2026-08-06T10:00:16+03:00,f7c9876e8ff71c516c9e3ca9f5f6aa459c48d08ad6b4f915160e7ac50708ae3c,2026-08-05T15:00:16Z,2026-08-06T07:00:16Z,missing_forecast_encoded_as_zero
031cc7fd-3f5f-4d3f-8c42-01438e8dd69a,98,2026-08-05T03:00:00+03:00,2026-08-05,2026-08-08T03:00:00+03:00,2026-08-08,72,0,,False,html_blank_xml_zero,,,2026-08-06T07:00:16Z,2026-08-06T10:00:16+03:00,f7c9876e8ff71c516c9e3ca9f5f6aa459c48d08ad6b4f915160e7ac50708ae3c,2026-08-05T15:00:16Z,2026-08-06T07:00:16Z,missing_forecast_encoded_as_zero
031cc7fd-3f5f-4d3f-8c42-01438e8dd69a,98,2026-08-05T03:00:00+03:00,2026-08-05,2026-08-09T03:00:00+03:00,2026-08-09,96,0,,False,html_blank_xml_zero,,,2026-08-06T07:00:16Z,2026-08-06T10:00:16+03:00,f7c9876e8ff71c516c9e3ca9f5f6aa459c48d08ad6b4f915160e7ac50708ae3c,2026-08-05T15:00:16Z,2026-08-06T07:00:16Z,missing_forecast_encoded_as_zero
031cc7fd-3f5f-4d3f-8c42-01438e8dd69a,98,2026-08-06T03:00:00+03:00,2026-08-06,2026-08-11T03:00:00+03:00,2026-08-11,120,0,,False,html_blank_xml_zero,,,2026-08-07T07:00:17Z,2026-08-07T10:00:17+03:00,a1e8c0daa2224ee71d5a180e3cffdb979380df0d37677b34b5e9033a88361620,2026-08-06T15:00:17Z,2026-08-07T07:00:17Z,missing_forecast_encoded_as_zero
031cc7fd-3f5f-4d3f-8c42-01438e8dd69a,98,2026-08-06T03:00:00+03:00,2026-08-06,2026-08-07T03:00:00+03:00,2026-08-07,24,0,,False,html_blank_xml_zero,,,2026-08-07T07:00:17Z,2026-08-07T10:00:17+03:00,a1e8c0daa2224ee71d5a180e3cffdb979380df0d37677b34b5e9033a88361620,2026-08-06T15:00:17Z,2026-08-07T07:00:17Z,missing_forecast_encoded_as_zero
031cc7fd-3f5f-4d3f-8c42-01438e8dd69a,98,2026-08-06T03:00:00+03:00,2026-08-06,2026-08-08T03:00:00+03:00,2026-08-08,48,0,,False,html_blank_xml_zero,,,2026-08-07T07:00:17Z,2026-08-07T10:00:17+03:00,a1e8c0daa2224ee71d5a180e3cffdb979380df0d37677b34b5e9033a88361620,2026-08-06T15:00:17Z,2026-08-07T07:00:17Z,missing_forecast_encoded_as_zero
031cc7fd-3f5f-4d3f-8c42-01438e8dd69a,98,2026-08-06T03:00:00+03:00,2026-08-06,2026-08-09T03:00:00+03:00,2026-08-09,72,0,,False,html_blank_xml_zero,,,2026-08-07T07:00:17Z,2026-08-07T10:00:17+03:00,a1e8c0daa2224ee71d5a180e3cffdb979380df0d37677b34b5e9033a88361620,2026-08-06T15:00:17Z,2026-08-07T07:00:17Z,missing_forecast_encoded_as_zero
031cc7fd-3f5f-4d3f-8c42-01438e8dd69a,98,2026-08-06T03:00:00+03:00,2026-08-06,2026-08-10T03:00:00+03:00,2026-08-10,96,0,,False,html_blank_xml_zero,,,2026-08-07T07:00:17Z,2026-08-07T10:00:17+03:00,a1e8c0daa2224ee71d5a180e3cffdb979380df0d37677b34b5e9033a88361620,2026-08-06T15:00:17Z,2026-08-07T07:00:17Z,missing_forecast_encoded_as_zero
09b542d8-41d7-4746-8d84-e081f76a8c37,99,2026-08-02T03:00:00+03:00,2026-08-02,2026-08-07T03:00:00+03:00,2026-08-07,120,-136,-136,True,xml_with_html_mismatch,-138,False,2026-08-03T14:01:46Z,2026-08-03T17:01:46+03:00,468b85a287e30cb51db5dc2a735e1ada570fa0d4843f052b0a59c9552c1dd360,2026-08-03T14:01:46Z,2026-08-03T14:01:46Z,xml_html_value_mismatch
09b542d8-41d7-4746-8d84-e081f76a8c37,99,2026-08-02T03:00:00+03:00,2026-08-02,2026-08-03T03:00:00+03:00,2026-08-03,24,-126,-126,True,xml_with_html_mismatch,-130,False,2026-08-03T14:01:46Z,2026-08-03T17:01:46+03:00,468b85a287e30cb51db5dc2a735e1ada570fa0d4843f052b0a59c9552c1dd360,2026-08-03T14:01:46Z,2026-08-03T14:01:46Z,xml_html_value_mismatch
09b542d8-41d7-4746-8d84-e081f76a8c37,99,2026-08-02T03:00:00+03:00,2026-08-02,2026-08-04T03:00:00+03:00,2026-08-04,48,-129,-129,True,xml_with_html_mismatch,-132,False,2026-08-03T14:01:46Z,2026-08-03T17:01:46+03:00,468b85a287e30cb51db5dc2a735e1ada570fa0d4843f052b0a59c9552c1dd360,2026-08-03T14:01:46Z,2026-08-03T14:01:46Z,xml_html_value_mismatch
09b542d8-41d7-4746-8d84-e081f76a8c37,99,2026-08-02T03:00:00+03:00,2026-08-02,2026-08-05T03:00:00+03:00,2026-08-05,72,-132,-132,True,xml_with_html_mismatch,-134,False,2026-08-03T14:01:46Z,2026-08-03T17:01:46+03:00,468b85a287e30cb51db5dc2a735e1ada570fa0d4843f052b0a59c9552c1dd360,2026-08-03T14:01:46Z,2026-08-03T14:01:46Z,xml_html_value_mismatch
09b542d8-41d7-4746-8d84-e081f76a8c37,99,2026-08-02T03:00:00+03:00,2026-08-02,2026-08-06T03:00:00+03:00,2026-08-06,96,-134,-134,True,xml_with_html_mismatch,-136,False,2026-08-03T14:01:46Z,2026-08-03T17:01:46+03:00,468b85a287e30cb51db5dc2a735e1ada570fa0d4843f052b0a59c9552c1dd360,2026-08-03T14:01:46Z,2026-08-03T14:01:46Z,xml_html_value_mismatch
09b542d8-41d7-4746-8d84-e081f76a8c37,99,2026-08-04T03:00:00+03:00,2026-08-04,2026-08-09T03:00:00+03:00,2026-08-09,120,-137,-137,True,xml_html_confirmed,-137,True,2026-08-05T07:00:07Z,2026-08-05T10:00:07+03:00,06d0aebe30c7d01b03d603e4b6165df2b12c56ac95fde0d6addbbf6dbf6ca09a,2026-08-04T12:07:23Z,2026-08-05T07:00:07Z,valid
09b542d8-41d7-4746-8d84-e081f76a8c37,99,2026-08-04T03:00:00+03:00,2026-08-04,2026-08-05T03:00:00+03:00,2026-08-05,24,-133,-133,True,xml_html_confirmed,-133,True,2026-08-05T07:00:07Z,2026-08-05T10:00:07+03:00,06d0aebe30c7d01b03d603e4b6165df2b12c56ac95fde0d6addbbf6dbf6ca09a,2026-08-04T12:07:23Z,2026-08-05T07:00:07Z,valid
09b542d8-41d7-4746-8d84-e081f76a8c37,99,2026-08-04T03:00:00+03:00,2026-08-04,2026-08-06T03:00:00+03:00,2026-08-06,48,-134,-134,True,xml_html_confirmed,-134,True,2026-08-05T07:00:07Z,2026-08-05T10:00:07+03:00,06d0aebe30c7d01b03d603e4b6165df2b12c56ac95fde0d6addbbf6dbf6ca09a,2026-08-04T12:07:23Z,2026-08-05T07:00:07Z,valid
09b542d8-41d7-4746-8d84-e081f76a8c37,99,2026-08-04T03:00:00+03:00,2026-08-04,2026-08-07T03:00:00+03:00,2026-08-07,72,-135,-135,True,xml_html_confirmed,-135,True,2026-08-05T07:00:07Z,2026-08-05T10:00:07+03:00,06d0aebe30c7d01b03d603e4b6165df2b12c56ac95fde0d6addbbf6dbf6ca09a,2026-08-04T12:07:23Z,2026-08-05T07:00:07Z,valid
09b542d8-41d7-4746-8d84-e081f76a8c37,99,2026-08-04T03:00:00+03:00,2026-08-04,2026-08-08T03:00:00+03:00,2026-08-08,96,-136,-136,True,xml_html_confirmed,-136,True,2026-08-05T07:00:07Z,2026-08-05T10:00:07+03:00,06d0aebe30c7d01b03d603e4b6165df2b12c56ac95fde0d6addbbf6dbf6ca09a,2026-08-04T12:07:23Z,2026-08-05T07:00:07Z,valid
09b542d8-41d7-4746-8d84-e081f76a8c37,99,2026-08-05T03:00:00+03:00,2026-08-05,2026-08-10T03:00:00+03:00,2026-08-10,120,-138,-138,True,xml_html_confirmed,-138,True,2026-08-06T07:00:16Z,2026-08-06T10:00:16+03:00,2aecf9086c4eb9ba89602f05cdcd1fa61d86f7504aa870885bb7453d3325388e,2026-08-05T15:00:16Z,2026-08-06T07:00:16Z,valid
09b542d8-41d7-4746-8d84-e081f76a8c37,99,2026-08-05T03:00:00+03:00,2026-08-05,2026-08-06T03:00:00+03:00,2026-08-06,24,-135,-135,True,xml_html_confirmed,-135,True,2026-08-06T07:00:16Z,2026-08-06T10:00:16+03:00,2aecf9086c4eb9ba89602f05cdcd1fa61d86f7504aa870885bb7453d3325388e,2026-08-05T15:00:16Z,2026-08-06T07:00:16Z,valid
09b542d8-41d7-4746-8d84-e081f76a8c37,99,2026-08-05T03:00:00+03:00,2026-08-05,2026-08-07T03:00:00+03:00,2026-08-07,48,-135,-135,True,xml_html_confirmed,-135,True,2026-08-06T07:00:16Z,2026-08-06T10:00:16+03:00,2aecf9086c4eb9ba89602f05cdcd1fa61d86f7504aa870885bb7453d3325388e,2026-08-05T15:00:16Z,2026-08-06T07:00:16Z,valid
09b542d8-41d7-4746-8d84-e081f76a8c37,99,2026-08-05T03:00:00+03:00,2026-08-05,2026-08-08T03:00:00+03:00,2026-08-08,72,-136,-136,True,xml_html_confirmed,-136,True,2026-08-06T07:00:16Z,2026-08-06T10:00:16+03:00,2aecf9086c4eb9ba89602f05cdcd1fa61d86f7504aa870885bb7453d3325388e,2026-08-05T15:00:16Z,2026-08-06T07:00:16Z,valid
09b542d8-41d7-4746-8d84-e081f76a8c37,99,2026-08-05T03:00:00+03:00,2026-08-05,2026-08-09T03:00:00+03:00,2026-08-09,96,-137,-137,True,xml_html_confirmed,-137,True,2026-08-06T07:00:16Z,2026-08-06T10:00:16+03:00,2aecf9086c4eb9ba89602f05cdcd1fa61d86f7504aa870885bb7453d3325388e,2026-08-05T15:00:16Z,2026-08-06T07:00:16Z,valid
09b542d8-41d7-4746-8d84-e081f76a8c37,99,2026-08-06T03:00:00+03:00,2026-08-06,2026-08-11T03:00:00+03:00,2026-08-11,120,-139,-139,True,xml_html_confirmed,-139,True,2026-08-07T07:00:17Z,2026-08-07T10:00:17+03:00,2abfe03069a9458666d294354d9b6d8f212114eb5df943a7867cc1d789ad38d3,2026-08-06T15:00:17Z,2026-08-07T07:00:17Z,valid
09b542d8-41d7-4746-8d84-e081f76a8c37,99,2026-08-06T03:00:00+03:00,2026-08-06,2026-08-07T03:00:00+03:00,2026-08-07,24,-137,-137,True,xml_html_confirmed,-137,True,2026-08-07T07:00:17Z,2026-08-07T10:00:17+03:00,2abfe03069a9458666d294354d9b6d8f212114eb5df943a7867cc1d789ad38d3,2026-08-06T15:00:17Z,2026-08-07T07:00:17Z,valid
09b542d8-41d7-4746-8d84-e081f76a8c37,99,2026-08-06T03:00:00+03:00,2026-08-06,2026-08-08T03:00:00+03:00,2026-08-08,48,-137,-137,True,xml_html_confirmed,-137,True,2026-08-07T07:00:17Z,2026-08-07T10:00:17+03:00,2abfe03069a9458666d294354d9b6d8f212114eb5df943a7867cc1d789ad38d3,2026-08-06T15:00:17Z,2026-08-07T07:00:17Z,valid
09b542d8-41d7-4746-8d84-e081f76a8c37,99,2026-08-06T03:00:00+03:00,2026-08-06,2026-08-09T03:00:00+03:00,2026-08-09,72,-138,-138,True,xml_html_confirmed,-138,True,2026-08-07T07:00:17Z,2026-08-07T10:00:17+03:00,2abfe03069a9458666d294354d9b6d8f212114eb5df943a7867cc1d789ad38d3,2026-08-06T15:00:17Z,2026-08-07T07:00:17Z,valid
09b542d8-41d7-4746-8d84-e081f76a8c37,99,2026-08-06T03:00:00+03:00,2026-08-06,2026-08-10T03:00:00+03:00,2026-08-10,96,-138,-138,True,xml_html_confirmed,-138,True,2026-08-07T07:00:17Z,2026-08-07T10:00:17+03:00,2abfe03069a9458666d294354d9b6d8f212114eb5df943a7867cc1d789ad38d3,2026-08-06T15:00:17Z,2026-08-07T07:00:17Z,valid
1a87220f-e0ae-4cf3-b921-e1e5b73f5f75,104,2026-08-02T03:00:00+03:00,2026-08-02,2026-08-07T03:00:00+03:00,2026-08-07,120,0,,False,html_blank_xml_zero,,,2026-08-03T14:01:46Z,2026-08-03T17:01:46+03:00,0819f2697ec0fe355d1709d0a8063b666567870ce9312ae20ca8163c33af2a84,2026-08-03T14:01:46Z,2026-08-03T14:01:46Z,missing_forecast_encoded_as_zero
1a87220f-e0ae-4cf3-b921-e1e5b73f5f75,104,2026-08-02T03:00:00+03:00,2026-08-02,2026-08-03T03:00:00+03:00,2026-08-03,24,0,,False,html_blank_xml_zero,,,2026-08-03T14:01:46Z,2026-08-03T17:01:46+03:00,0819f2697ec0fe355d1709d0a8063b666567870ce9312ae20ca8163c33af2a84,2026-08-03T14:01:46Z,2026-08-03T14:01:46Z,missing_forecast_encoded_as_zero
1a87220f-e0ae-4cf3-b921-e1e5b73f5f75,104,2026-08-02T03:00:00+03:00,2026-08-02,2026-08-04T03:00:00+03:00,2026-08-04,48,0,,False,html_blank_xml_zero,,,2026-08-03T14:01:46Z,2026-08-03T17:01:46+03:00,0819f2697ec0fe355d1709d0a8063b666567870ce9312ae20ca8163c33af2a84,2026-08-03T14:01:46Z,2026-08-03T14:01:46Z,missing_forecast_encoded_as_zero
1a87220f-e0ae-4cf3-b921-e1e5b73f5f75,104,2026-08-02T03:00:00+03:00,2026-08-02,2026-08-05T03:00:00+03:00,2026-08-05,72,0,,False,html_blank_xml_zero,,,2026-08-03T14:01:46Z,2026-08-03T17:01:46+03:00,0819f2697ec0fe355d1709d0a8063b666567870ce9312ae20ca8163c33af2a84,2026-08-03T14:01:46Z,2026-08-03T14:01:46Z,missing_forecast_encoded_as_zero
1a87220f-e0ae-4cf3-b921-e1e5b73f5f75,104,2026-08-02T03:00:00+03:00,2026-08-02,2026-08-06T03:00:00+03:00,2026-08-06,96,0,,False,html_blank_xml_zero,,,2026-08-03T14:01:46Z,2026-08-03T17:01:46+03:00,0819f2697ec0fe355d1709d0a8063b666567870ce9312ae20ca8163c33af2a84,2026-08-03T14:01:46Z,2026-08-03T14:01:46Z,missing_forecast_encoded_as_zero
1a87220f-e0ae-4cf3-b921-e1e5b73f5f75,104,2026-08-04T03:00:00+03:00,2026-08-04,2026-08-09T03:00:00+03:00,2026-08-09,120,0,,False,html_blank_xml_zero,,,2026-08-05T07:00:07Z,2026-08-05T10:00:07+03:00,2a0a8dd4cbefa2f7283d85977ce5ace01aeafd64062a6cb0f76e0faa51020837,2026-08-04T12:07:23Z,2026-08-05T07:00:07Z,missing_forecast_encoded_as_zero
1a87220f-e0ae-4cf3-b921-e1e5b73f5f75,104,2026-08-04T03:00:00+03:00,2026-08-04,2026-08-05T03:00:00+03:00,2026-08-05,24,0,,False,html_blank_xml_zero,,,2026-08-05T07:00:07Z,2026-08-05T10:00:07+03:00,2a0a8dd4cbefa2f7283d85977ce5ace01aeafd64062a6cb0f76e0faa51020837,2026-08-04T12:07:23Z,2026-08-05T07:00:07Z,missing_forecast_encoded_as_zero
1a87220f-e0ae-4cf3-b921-e1e5b73f5f75,104,2026-08-04T03:00:00+03:00,2026-08-04,2026-08-06T03:00:00+03:00,2026-08-06,48,0,,False,html_blank_xml_zero,,,2026-08-05T07:00:07Z,2026-08-05T10:00:07+03:00,2a0a8dd4cbefa2f7283d85977ce5ace01aeafd64062a6cb0f76e0faa51020837,2026-08-04T12:07:23Z,2026-08-05T07:00:07Z,missing_forecast_encoded_as_zero
1a87220f-e0ae-4cf3-b921-e1e5b73f5f75,104,2026-08-04T03:00:00+03:00,2026-08-04,2026-08-07T03:00:00+03:00,2026-08-07,72,0,,False,html_blank_xml_zero,,,2026-08-05T07:00:07Z,2026-08-05T10:00:07+03:00,2a0a8dd4cbefa2f7283d85977ce5ace01aeafd64062a6cb0f76e0faa51020837,2026-08-04T12:07:23Z,2026-08-05T07:00:07Z,missing_forecast_encoded_as_zero
1a87220f-e0ae-4cf3-b921-e1e5b73f5f75,104,2026-08-04T03:00:00+03:00,2026-08-04,2026-08-08T03:00:00+03:00,2026-08-08,96,0,,False,html_blank_xml_zero,,,2026-08-05T07:00:07Z,2026-08-05T10:00:07+03:00,2a0a8dd4cbefa2f7283d85977ce5ace01aeafd64062a6cb0f76e0faa51020837,2026-08-04T12:07:23Z,2026-08-05T07:00:07Z,missing_forecast_encoded_as_zero
1a87220f-e0ae-4cf3-b921-e1e5b73f5f75,104,2026-08-05T03:00:00+03:00,2026-08-05,2026-08-10T03:00:00+03:00,2026-08-10,120,0,,False,html_blank_xml_zero,,,2026-08-06T07:00:16Z,2026-08-06T10:00:16+03:00,02033b734560fca3c1b2eeb2c99c45813dcc1f93ae214ef3b06c62b1e739c388,2026-08-05T15:00:16Z,2026-08-06T07:00:16Z,missing_forecast_encoded_as_zero
1a87220f-e0ae-4cf3-b921-e1e5b73f5f75,104,2026-08-05T03:00:00+03:00,2026-08-05,2026-08-06T03:00:00+03:00,2026-08-06,24,0,,False,html_blank_xml_zero,,,2026-08-06T07:00:16Z,2026-08-06T10:00:16+03:00,02033b734560fca3c1b2eeb2c99c45813dcc1f93ae214ef3b06c62b1e739c388,2026-08-05T15:00:16Z,2026-08-06T07:00:16Z,missing_forecast_encoded_as_zero
1a87220f-e0ae-4cf3-b921-e1e5b73f5f75,104,2026-08-05T03:00:00+03:00,2026-08-05,2026-08-07T03:00:00+03:00,2026-08-07,48,0,,False,html_blank_xml_zero,,,2026-08-06T07:00:16Z,2026-08-06T10:00:16+03:00,02033b734560fca3c1b2eeb2c99c45813dcc1f93ae214ef3b06c62b1e739c388,2026-08-05T15:00:16Z,2026-08-06T07:00:16Z,missing_forecast_encoded_as_zero
1a87220f-e0ae-4cf3-b921-e1e5b73f5f75,104,2026-08-05T03:00:00+03:00,2026-08-05,2026-08-08T03:00:00+03:00,2026-08-08,72,0,,False,html_blank_xml_zero,,,2026-08-06T07:00:16Z,2026-08-06T10:00:16+03:00,02033b734560fca3c1b2eeb2c99c45813dcc1f93ae214ef3b06c62b1e739c388,2026-08-05T15:00:16Z,2026-08-06T07:00:16Z,missing_forecast_encoded_as_zero
1a87220f-e0ae-4cf3-b921-e1e5b73f5f75,104,2026-08-05T03:00:00+03:00,2026-08-05,2026-08-09T03:00:00+03:00,2026-08-09,96,0,,False,html_blank_xml_zero,,,2026-08-06T07:00:16Z,2026-08-06T10:00:16+03:00,02033b734560fca3c1b2eeb2c99c45813dcc1f93ae214ef3b06c62b1e739c388,2026-08-05T15:00:16Z,2026-08-06T07:00:16Z,missing_forecast_encoded_as_zero
1a87220f-e0ae-4cf3-b921-e1e5b73f5f75,104,2026-08-06T03:00:00+03:00,2026-08-06,2026-08-11T03:00:00+03:00,2026-08-11,120,0,,False,html_blank_xml_zero,,,2026-08-07T07:00:17Z,2026-08-07T10:00:17+03:00,9cc43b1bb2e13e7da077f7868bffe8809703378e593c9143609f638cf0dddbdb,2026-08-06T15:00:17Z,2026-08-07T07:00:17Z,missing_forecast_encoded_as_zero
1a87220f-e0ae-4cf3-b921-e1e5b73f5f75,104,2026-08-06T03:00:00+03:00,2026-08-06,2026-08-07T03:00:00+03:00,2026-08-07,24,0,,False,html_blank_xml_zero,,,2026-08-07T07:00:17Z,2026-08-07T10:00:17+03:00,9cc43b1bb2e13e7da077f7868bffe8809703378e593c9143609f638cf0dddbdb,2026-08-06T15:00:17Z,2026-08-07T07:00:17Z,missing_forecast_encoded_as_zero
1a87220f-e0ae-4cf3-b921-e1e5b73f5f75,104,2026-08-06T03:00:00+03:00,2026-08-06,2026-08-08T03:00:00+03:00,2026-08-08,48,0,,False,html_blank_xml_zero,,,2026-08-07T07:00:17Z,2026-08-07T10:00:17+03:00,9cc43b1bb2e13e7da077f7868bffe8809703378e593c9143609f638cf0dddbdb,2026-08-06T15:00:17Z,2026-08-07T07:00:17Z,missing_forecast_encoded_as_zero
1a87220f-e0ae-4cf3-b921-e1e5b73f5f75,104,2026-08-06T03:00:00+03:00,2026-08-06,2026-08-09T03:00:00+03:00,2026-08-09,72,0,,False,html_blank_xml_zero,,,2026-08-07T07:00:17Z,2026-08-07T10:00:17+03:00,9cc43b1bb2e13e7da077f7868bffe8809703378e593c9143609f638cf0dddbdb,2026-08-06T15:00:17Z,2026-08-07T07:00:17Z,missing_forecast_encoded_as_zero
1a87220f-e0ae-4cf3-b921-e1e5b73f5f75,104,2026-08-06T03:00:00+03:00,2026-08-06,2026-08-10T03:00:00+03:00,2026-08-10,96,0,,False,html_blank_xml_zero,,,2026-08-07T07:00:17Z,2026-08-07T10:00:17+03:00,9cc43b1bb2e13e7da077f7868bffe8809703378e593c9143609f638cf0dddbdb,2026-08-06T15:00:17Z,2026-08-07T07:00:17Z,missing_forecast_encoded_as_zero
264afec2-a181-408b-979c-473e5eaf4940,103,2026-08-02T03:00:00+03:00,2026-08-02,2026-08-07T03:00:00+03:00,2026-08-07,120,0,,False,html_blank_xml_zero,,,2026-08-03T14:01:46Z,2026-08-03T17:01:46+03:00,9d060ebb60a4665e5ebd5633d7dc3a912d88716c4f0a1ab32b3ca22ec6484727,2026-08-03T14:01:46Z,2026-08-03T14:01:46Z,missing_forecast_encoded_as_zero
264afec2-a181-408b-979c-473e5eaf4940,103,2026-08-02T03:00:00+03:00,2026-08-02,2026-08-03T03:00:00+03:00,2026-08-03,24,0,,False,html_blank_xml_zero,,,2026-08-03T14:01:46Z,2026-08-03T17:01:46+03:00,9d060ebb60a4665e5ebd5633d7dc3a912d88716c4f0a1ab32b3ca22ec6484727,2026-08-03T14:01:46Z,2026-08-03T14:01:46Z,missing_forecast_encoded_as_zero
264afec2-a181-408b-979c-473e5eaf4940,103,2026-08-02T03:00:00+03:00,2026-08-02,2026-08-04T03:00:00+03:00,2026-08-04,48,0,,False,html_blank_xml_zero,,,2026-08-03T14:01:46Z,2026-08-03T17:01:46+03:00,9d060ebb60a4665e5ebd5633d7dc3a912d88716c4f0a1ab32b3ca22ec6484727,2026-08-03T14:01:46Z,2026-08-03T14:01:46Z,missing_forecast_encoded_as_zero
264afec2-a181-408b-979c-473e5eaf4940,103,2026-08-02T03:00:00+03:00,2026-08-02,2026-08-05T03:00:00+03:00,2026-08-05,72,0,,False,html_blank_xml_zero,,,2026-08-03T14:01:46Z,2026-08-03T17:01:46+03:00,9d060ebb60a4665e5ebd5633d7dc3a912d88716c4f0a1ab32b3ca22ec6484727,2026-08-03T14:01:46Z,2026-08-03T14:01:46Z,missing_forecast_encoded_as_zero
264afec2-a181-408b-979c-473e5eaf4940,103,2026-08-02T03:00:00+03:00,2026-08-02,2026-08-06T03:00:00+03:00,2026-08-06,96,0,,False,html_blank_xml_zero,,,2026-08-03T14:01:46Z,2026-08-03T17:01:46+03:00,9d060ebb60a4665e5ebd5633d7dc3a912d88716c4f0a1ab32b3ca22ec6484727,2026-08-03T14:01:46Z,2026-08-03T14:01:46Z,missing_forecast_encoded_as_zero
264afec2-a181-408b-979c-473e5eaf4940,103,2026-08-04T03:00:00+03:00,2026-08-04,2026-08-09T03:00:00+03:00,2026-08-09,120,0,,False,html_blank_xml_zero,,,2026-08-05T07:00:07Z,2026-08-05T10:00:07+03:00,d276f44069fad4b47c46689f11abbce50f0d580377bd30e1f325f1e0895e435c,2026-08-04T12:07:23Z,2026-08-05T07:00:07Z,missing_forecast_encoded_as_zero
264afec2-a181-408b-979c-473e5eaf4940,103,2026-08-04T03:00:00+03:00,2026-08-04,2026-08-05T03:00:00+03:00,2026-08-05,24,0,,False,html_blank_xml_zero,,,2026-08-05T07:00:07Z,2026-08-05T10:00:07+03:00,d276f44069fad4b47c46689f11abbce50f0d580377bd30e1f325f1e0895e435c,2026-08-04T12:07:23Z,2026-08-05T07:00:07Z,missing_forecast_encoded_as_zero
264afec2-a181-408b-979c-473e5eaf4940,103,2026-08-04T03:00:00+03:00,2026-08-04,2026-08-06T03:00:00+03:00,2026-08-06,48,0,,False,html_blank_xml_zero,,,2026-08-05T07:00:07Z,2026-08-05T10:00:07+03:00,d276f44069fad4b47c46689f11abbce50f0d580377bd30e1f325f1e0895e435c,2026-08-04T12:07:23Z,2026-08-05T07:00:07Z,missing_forecast_encoded_as_zero
264afec2-a181-408b-979c-473e5eaf4940,103,2026-08-04T03:00:00+03:00,2026-08-04,2026-08-07T03:00:00+03:00,2026-08-07,72,0,,False,html_blank_xml_zero,,,2026-08-05T07:00:07Z,2026-08-05T10:00:07+03:00,d276f44069fad4b47c46689f11abbce50f0d580377bd30e1f325f1e0895e435c,2026-08-04T12:07:23Z,2026-08-05T07:00:07Z,missing_forecast_encoded_as_zero
264afec2-a181-408b-979c-473e5eaf4940,103,2026-08-04T03:00:00+03:00,2026-08-04,2026-08-08T03:00:00+03:00,2026-08-08,96,0,,False,html_blank_xml_zero,,,2026-08-05T07:00:07Z,2026-08-05T10:00:07+03:00,d276f44069fad4b47c46689f11abbce50f0d580377bd30e1f325f1e0895e435c,2026-08-04T12:07:23Z,2026-08-05T07:00:07Z,missing_forecast_encoded_as_zero
264afec2-a181-408b-979c-473e5eaf4940,103,2026-08-05T03:00:00+03:00,2026-08-05,2026-08-10T03:00:00+03:00,2026-08-10,120,0,,False,html_blank_xml_zero,,,2026-08-06T07:00:16Z,2026-08-06T10:00:16+03:00,1155ab7269b4015962d0ee6fef76dbbc3203b48701de23a0c5e0ea4e09ef9f9b,2026-08-05T15:00:16Z,2026-08-06T07:00:16Z,missing_forecast_encoded_as_zero
264afec2-a181-408b-979c-473e5eaf4940,103,2026-08-05T03:00:00+03:00,2026-08-05,2026-08-06T03:00:00+03:00,2026-08-06,24,0,,False,html_blank_xml_zero,,,2026-08-06T07:00:16Z,2026-08-06T10:00:16+03:00,1155ab7269b4015962d0ee6fef76dbbc3203b48701de23a0c5e0ea4e09ef9f9b,2026-08-05T15:00:16Z,2026-08-06T07:00:16Z,missing_forecast_encoded_as_zero
264afec2-a181-408b-979c-473e5eaf4940,103,2026-08-05T03:00:00+03:00,2026-08-05,2026-08-07T03:00:00+03:00,2026-08-07,48,0,,False,html_blank_xml_zero,,,2026-08-06T07:00:16Z,2026-08-06T10:00:16+03:00,1155ab7269b4015962d0ee6fef76dbbc3203b48701de23a0c5e0ea4e09ef9f9b,2026-08-05T15:00:16Z,2026-08-06T07:00:16Z,missing_forecast_encoded_as_zero
264afec2-a181-408b-979c-473e5eaf4940,103,2026-08-05T03:00:00+03:00,2026-08-05,2026-08-08T03:00:00+03:00,2026-08-08,72,0,,False,html_blank_xml_zero,,,2026-08-06T07:00:16Z,2026-08-06T10:00:16+03:00,1155ab7269b4015962d0ee6fef76dbbc3203b48701de23a0c5e0ea4e09ef9f9b,2026-08-05T15:00:16Z,2026-08-06T07:00:16Z,missing_forecast_encoded_as_zero
264afec2-a181-408b-979c-473e5eaf4940,103,2026-08-05T03:00:00+03:00,2026-08-05,2026-08-09T03:00:00+03:00,2026-08-09,96,0,,False,html_blank_xml_zero,,,2026-08-06T07:00:16Z,2026-08-06T10:00:16+03:00,1155ab7269b4015962d0ee6fef76dbbc3203b48701de23a0c5e0ea4e09ef9f9b,2026-08-05T15:00:16Z,2026-08-06T07:00:16Z,missing_forecast_encoded_as_zero
264afec2-a181-408b-979c-473e5eaf4940,103,2026-08-06T03:00:00+03:00,2026-08-06,2026-08-11T03:00:00+03:00,2026-08-11,120,0,,False,html_blank_xml_zero,,,2026-08-07T07:00:17Z,2026-08-07T10:00:17+03:00,2492895b31e632107a1df9f55f8256c43199da934f3188e8901e4d89ef1814f8,2026-08-06T15:00:17Z,2026-08-07T07:00:17Z,missing_forecast_encoded_as_zero
264afec2-a181-408b-979c-473e5eaf4940,103,2026-08-06T03:00:00+03:00,2026-08-06,2026-08-07T03:00:00+03:00,2026-08-07,24,0,,False,html_blank_xml_zero,,,2026-08-07T07:00:17Z,2026-08-07T10:00:17+03:00,2492895b31e632107a1df9f55f8256c43199da934f3188e8901e4d89ef1814f8,2026-08-06T15:00:17Z,2026-08-07T07:00:17Z,missing_forecast_encoded_as_zero
264afec2-a181-408b-979c-473e5eaf4940,103,2026-08-06T03:00:00+03:00,2026-08-06,2026-08-08T03:00:00+03:00,2026-08-08,48,0,,False,html_blank_xml_zero,,,2026-08-07T07:00:17Z,2026-08-07T10:00:17+03:00,2492895b31e632107a1df9f55f8256c43199da934f3188e8901e4d89ef1814f8,2026-08-06T15:00:17Z,2026-08-07T07:00:17Z,missing_forecast_encoded_as_zero
264afec2-a181-408b-979c-473e5eaf4940,103,2026-08-06T03:00:00+03:00,2026-08-06,2026-08-09T03:00:00+03:00,2026-08-09,72,0,,False,html_blank_xml_zero,,,2026-08-07T07:00:17Z,2026-08-07T10:00:17+03:00,2492895b31e632107a1df9f55f8256c43199da934f3188e8901e4d89ef1814f8,2026-08-06T15:00:17Z,2026-08-07T07:00:17Z,missing_forecast_encoded_as_zero
264afec2-a181-408b-979c-473e5eaf4940,103,2026-08-06T03:00:00+03:00,2026-08-06,2026-08-10T03:00:00+03:00,2026-08-10,96,0,,False,html_blank_xml_zero,,,2026-08-07T07:00:17Z,2026-08-07T10:00:17+03:00,2492895b31e632107a1df9f55f8256c43199da934f3188e8901e4d89ef1814f8,2026-08-06T15:00:17Z,2026-08-07T07:00:17Z,missing_forecast_encoded_as_zero
267d20a8-8a85-4d85-97e1-8aee686e9535,88,2026-08-02T03:00:00+03:00,2026-08-02,2026-08-07T03:00:00+03:00,2026-08-07,120,-227,-227,True,xml_with_html_mismatch,-228,False,2026-08-03T14:01:46Z,2026-08-03T17:01:46+03:00,707afb86835850187f757546058ac4094afa96b60243a9c34884457866831203,2026-08-03T14:01:46Z,2026-08-03T14:01:46Z,xml_html_value_mismatch
267d20a8-8a85-4d85-97e1-8aee686e9535,88,2026-08-02T03:00:00+03:00,2026-08-02,2026-08-03T03:00:00+03:00,2026-08-03,24,-218,-218,True,xml_with_html_mismatch,-216,False,2026-08-03T14:01:46Z,2026-08-03T17:01:46+03:00,707afb86835850187f757546058ac4094afa96b60243a9c34884457866831203,2026-08-03T14:01:46Z,2026-08-03T14:01:46Z,xml_html_value_mismatch
267d20a8-8a85-4d85-97e1-8aee686e9535,88,2026-08-02T03:00:00+03:00,2026-08-02,2026-08-04T03:00:00+03:00,2026-08-04,48,-220,-220,True,xml_with_html_mismatch,-219,False,2026-08-03T14:01:46Z,2026-08-03T17:01:46+03:00,707afb86835850187f757546058ac4094afa96b60243a9c34884457866831203,2026-08-03T14:01:46Z,2026-08-03T14:01:46Z,xml_html_value_mismatch
267d20a8-8a85-4d85-97e1-8aee686e9535,88,2026-08-02T03:00:00+03:00,2026-08-02,2026-08-05T03:00:00+03:00,2026-08-05,72,-222,-222,True,xml_html_confirmed,-222,True,2026-08-03T14:01:46Z,2026-08-03T17:01:46+03:00,707afb86835850187f757546058ac4094afa96b60243a9c34884457866831203,2026-08-03T14:01:46Z,2026-08-03T14:01:46Z,valid
267d20a8-8a85-4d85-97e1-8aee686e9535,88,2026-08-02T03:00:00+03:00,2026-08-02,2026-08-06T03:00:00+03:00,2026-08-06,96,-224,-224,True,xml_with_html_mismatch,-225,False,2026-08-03T14:01:46Z,2026-08-03T17:01:46+03:00,707afb86835850187f757546058ac4094afa96b60243a9c34884457866831203,2026-08-03T14:01:46Z,2026-08-03T14:01:46Z,xml_html_value_mismatch
267d20a8-8a85-4d85-97e1-8aee686e9535,88,2026-08-04T03:00:00+03:00,2026-08-04,2026-08-09T03:00:00+03:00,2026-08-09,120,-228,-228,True,xml_html_confirmed,-228,True,2026-08-05T07:00:07Z,2026-08-05T10:00:07+03:00,8e6a2ed85a4d65d631a78849614c6637d1f587dd9c6e4d0904c9b7a1ae0fc4a9,2026-08-04T12:07:23Z,2026-08-05T07:00:07Z,valid
267d20a8-8a85-4d85-97e1-8aee686e9535,88,2026-08-04T03:00:00+03:00,2026-08-04,2026-08-05T03:00:00+03:00,2026-08-05,24,-217,-217,True,xml_html_confirmed,-217,True,2026-08-05T07:00:07Z,2026-08-05T10:00:07+03:00,8e6a2ed85a4d65d631a78849614c6637d1f587dd9c6e4d0904c9b7a1ae0fc4a9,2026-08-04T12:07:23Z,2026-08-05T07:00:07Z,valid
267d20a8-8a85-4d85-97e1-8aee686e9535,88,2026-08-04T03:00:00+03:00,2026-08-04,2026-08-06T03:00:00+03:00,2026-08-06,48,-220,-220,True,xml_html_confirmed,-220,True,2026-08-05T07:00:07Z,2026-08-05T10:00:07+03:00,8e6a2ed85a4d65d631a78849614c6637d1f587dd9c6e4d0904c9b7a1ae0fc4a9,2026-08-04T12:07:23Z,2026-08-05T07:00:07Z,valid
267d20a8-8a85-4d85-97e1-8aee686e9535,88,2026-08-04T03:00:00+03:00,2026-08-04,2026-08-07T03:00:00+03:00,2026-08-07,72,-223,-223,True,xml_html_confirmed,-223,True,2026-08-05T07:00:07Z,2026-08-05T10:00:07+03:00,8e6a2ed85a4d65d631a78849614c6637d1f587dd9c6e4d0904c9b7a1ae0fc4a9,2026-08-04T12:07:23Z,2026-08-05T07:00:07Z,valid
267d20a8-8a85-4d85-97e1-8aee686e9535,88,2026-08-04T03:00:00+03:00,2026-08-04,2026-08-08T03:00:00+03:00,2026-08-08,96,-226,-226,True,xml_html_confirmed,-226,True,2026-08-05T07:00:07Z,2026-08-05T10:00:07+03:00,8e6a2ed85a4d65d631a78849614c6637d1f587dd9c6e4d0904c9b7a1ae0fc4a9,2026-08-04T12:07:23Z,2026-08-05T07:00:07Z,valid
267d20a8-8a85-4d85-97e1-8aee686e9535,88,2026-08-05T03:00:00+03:00,2026-08-05,2026-08-10T03:00:00+03:00,2026-08-10,120,-226,-226,True,xml_html_confirmed,-226,True,2026-08-06T07:00:16Z,2026-08-06T10:00:16+03:00,51b0649f3c22789e2a827a7a4e71cc85e3fb87aac83f8ba1d7b010572680fde9,2026-08-05T15:00:16Z,2026-08-06T07:00:16Z,valid
267d20a8-8a85-4d85-97e1-8aee686e9535,88,2026-08-05T03:00:00+03:00,2026-08-05,2026-08-06T03:00:00+03:00,2026-08-06,24,-216,-216,True,xml_html_confirmed,-216,True,2026-08-06T07:00:16Z,2026-08-06T10:00:16+03:00,51b0649f3c22789e2a827a7a4e71cc85e3fb87aac83f8ba1d7b010572680fde9,2026-08-05T15:00:16Z,2026-08-06T07:00:16Z,valid
267d20a8-8a85-4d85-97e1-8aee686e9535,88,2026-08-05T03:00:00+03:00,2026-08-05,2026-08-07T03:00:00+03:00,2026-08-07,48,-219,-219,True,xml_html_confirmed,-219,True,2026-08-06T07:00:16Z,2026-08-06T10:00:16+03:00,51b0649f3c22789e2a827a7a4e71cc85e3fb87aac83f8ba1d7b010572680fde9,2026-08-05T15:00:16Z,2026-08-06T07:00:16Z,valid
267d20a8-8a85-4d85-97e1-8aee686e9535,88,2026-08-05T03:00:00+03:00,2026-08-05,2026-08-08T03:00:00+03:00,2026-08-08,72,-222,-222,True,xml_html_confirmed,-222,True,2026-08-06T07:00:16Z,2026-08-06T10:00:16+03:00,51b0649f3c22789e2a827a7a4e71cc85e3fb87aac83f8ba1d7b010572680fde9,2026-08-05T15:00:16Z,2026-08-06T07:00:16Z,valid
267d20a8-8a85-4d85-97e1-8aee686e9535,88,2026-08-05T03:00:00+03:00,2026-08-05,2026-08-09T03:00:00+03:00,2026-08-09,96,-224,-224,True,xml_html_confirmed,-224,True,2026-08-06T07:00:16Z,2026-08-06T10:00:16+03:00,51b0649f3c22789e2a827a7a4e71cc85e3fb87aac83f8ba1d7b010572680fde9,2026-08-05T15:00:16Z,2026-08-06T07:00:16Z,valid
267d20a8-8a85-4d85-97e1-8aee686e9535,88,2026-08-06T03:00:00+03:00,2026-08-06,2026-08-11T03:00:00+03:00,2026-08-11,120,-228,-228,True,xml_html_confirmed,-228,True,2026-08-07T07:00:17Z,2026-08-07T10:00:17+03:00,1c6b869edd8a81b1330b6338f33707bb38ad500a5dbc92f517225e58a0f12411,2026-08-06T15:00:17Z,2026-08-07T07:00:17Z,valid
267d20a8-8a85-4d85-97e1-8aee686e9535,88,2026-08-06T03:00:00+03:00,2026-08-06,2026-08-07T03:00:00+03:00,2026-08-07,24,-220,-220,True,xml_html_confirmed,-220,True,2026-08-07T07:00:17Z,2026-08-07T10:00:17+03:00,1c6b869edd8a81b1330b6338f33707bb38ad500a5dbc92f517225e58a0f12411,2026-08-06T15:00:17Z,2026-08-07T07:00:17Z,valid
267d20a8-8a85-4d85-97e1-8aee686e9535,88,2026-08-06T03:00:00+03:00,2026-08-06,2026-08-08T03:00:00+03:00,2026-08-08,48,-223,-223,True,xml_html_confirmed,-223,True,2026-08-07T07:00:17Z,2026-08-07T10:00:17+03:00,1c6b869edd8a81b1330b6338f33707bb38ad500a5dbc92f517225e58a0f12411,2026-08-06T15:00:17Z,2026-08-07T07:00:17Z,valid
267d20a8-8a85-4d85-97e1-8aee686e9535,88,2026-08-06T03:00:00+03:00,2026-08-06,2026-08-09T03:00:00+03:00,2026-08-09,72,-226,-226,True,xml_html_confirmed,-226,True,2026-08-07T07:00:17Z,2026-08-07T10:00:17+03:00,1c6b869edd8a81b1330b6338f33707bb38ad500a5dbc92f517225e58a0f12411,2026-08-06T15:00:17Z,2026-08-07T07:00:17Z,valid
267d20a8-8a85-4d85-97e1-8aee686e9535,88,2026-08-06T03:00:00+03:00,2026-08-06,2026-08-10T03:00:00+03:00,2026-08-10,96,-227,-227,True,xml_html_confirmed,-227,True,2026-08-07T07:00:17Z,2026-08-07T10:00:17+03:00,1c6b869edd8a81b1330b6338f33707bb38ad500a5dbc92f517225e58a0f12411,2026-08-06T15:00:17Z,2026-08-07T07:00:17Z,valid
29f3d156-04e1-46bc-b699-bbea096e212f,89,2026-08-02T03:00:00+03:00,2026-08-02,2026-08-07T03:00:00+03:00,2026-08-07,120,-178,-178,True,xml_with_html_mismatch,-181,False,2026-08-03T14:01:46Z,2026-08-03T17:01:46+03:00,7caba5564565451a69848280bc695728f42774406d8108594986eb10d541a1fa,2026-08-03T14:01:46Z,2026-08-03T14:01:46Z,xml_html_value_mismatch
29f3d156-04e1-46bc-b699-bbea096e212f,89,2026-08-02T03:00:00+03:00,2026-08-02,2026-08-03T03:00:00+03:00,2026-08-03,24,-164,-164,True,xml_with_html_mismatch,-167,False,2026-08-03T14:01:46Z,2026-08-03T17:01:46+03:00,7caba5564565451a69848280bc695728f42774406d8108594986eb10d541a1fa,2026-08-03T14:01:46Z,2026-08-03T14:01:46Z,xml_html_value_mismatch
29f3d156-04e1-46bc-b699-bbea096e212f,89,2026-08-02T03:00:00+03:00,2026-08-02,2026-08-04T03:00:00+03:00,2026-08-04,48,-166,-166,True,xml_with_html_mismatch,-170,False,2026-08-03T14:01:46Z,2026-08-03T17:01:46+03:00,7caba5564565451a69848280bc695728f42774406d8108594986eb10d541a1fa,2026-08-03T14:01:46Z,2026-08-03T14:01:46Z,xml_html_value_mismatch
29f3d156-04e1-46bc-b699-bbea096e212f,89,2026-08-02T03:00:00+03:00,2026-08-02,2026-08-05T03:00:00+03:00,2026-08-05,72,-169,-169,True,xml_with_html_mismatch,-174,False,2026-08-03T14:01:46Z,2026-08-03T17:01:46+03:00,7caba5564565451a69848280bc695728f42774406d8108594986eb10d541a1fa,2026-08-03T14:01:46Z,2026-08-03T14:01:46Z,xml_html_value_mismatch
29f3d156-04e1-46bc-b699-bbea096e212f,89,2026-08-02T03:00:00+03:00,2026-08-02,2026-08-06T03:00:00+03:00,2026-08-06,96,-173,-173,True,xml_with_html_mismatch,-177,False,2026-08-03T14:01:46Z,2026-08-03T17:01:46+03:00,7caba5564565451a69848280bc695728f42774406d8108594986eb10d541a1fa,2026-08-03T14:01:46Z,2026-08-03T14:01:46Z,xml_html_value_mismatch
29f3d156-04e1-46bc-b699-bbea096e212f,89,2026-08-04T03:00:00+03:00,2026-08-04,2026-08-09T03:00:00+03:00,2026-08-09,120,-181,-181,True,xml_html_confirmed,-181,True,2026-08-05T07:00:07Z,2026-08-05T10:00:07+03:00,0660358f75360df4d6fe31f9194f270eb2763fac9ed4050746759bf490095e6c,2026-08-04T12:07:23Z,2026-08-05T07:00:07Z,valid
29f3d156-04e1-46bc-b699-bbea096e212f,89,2026-08-04T03:00:00+03:00,2026-08-04,2026-08-05T03:00:00+03:00,2026-08-05,24,-168,-168,True,xml_html_confirmed,-168,True,2026-08-05T07:00:07Z,2026-08-05T10:00:07+03:00,0660358f75360df4d6fe31f9194f270eb2763fac9ed4050746759bf490095e6c,2026-08-04T12:07:23Z,2026-08-05T07:00:07Z,valid
29f3d156-04e1-46bc-b699-bbea096e212f,89,2026-08-04T03:00:00+03:00,2026-08-04,2026-08-06T03:00:00+03:00,2026-08-06,48,-172,-172,True,xml_html_confirmed,-172,True,2026-08-05T07:00:07Z,2026-08-05T10:00:07+03:00,0660358f75360df4d6fe31f9194f270eb2763fac9ed4050746759bf490095e6c,2026-08-04T12:07:23Z,2026-08-05T07:00:07Z,valid
29f3d156-04e1-46bc-b699-bbea096e212f,89,2026-08-04T03:00:00+03:00,2026-08-04,2026-08-07T03:00:00+03:00,2026-08-07,72,-175,-175,True,xml_html_confirmed,-175,True,2026-08-05T07:00:07Z,2026-08-05T10:00:07+03:00,0660358f75360df4d6fe31f9194f270eb2763fac9ed4050746759bf490095e6c,2026-08-04T12:07:23Z,2026-08-05T07:00:07Z,valid
29f3d156-04e1-46bc-b699-bbea096e212f,89,2026-08-04T03:00:00+03:00,2026-08-04,2026-08-08T03:00:00+03:00,2026-08-08,96,-179,-179,True,xml_html_confirmed,-179,True,2026-08-05T07:00:07Z,2026-08-05T10:00:07+03:00,0660358f75360df4d6fe31f9194f270eb2763fac9ed4050746759bf490095e6c,2026-08-04T12:07:23Z,2026-08-05T07:00:07Z,valid
29f3d156-04e1-46bc-b699-bbea096e212f,89,2026-08-05T03:00:00+03:00,2026-08-05,2026-08-10T03:00:00+03:00,2026-08-10,120,-179,-179,True,xml_html_confirmed,-179,True,2026-08-06T07:00:16Z,2026-08-06T10:00:16+03:00,403272a5590817398a4c0db0e63fc9fdcac167af14ce0919373b978fa825fcbf,2026-08-05T15:00:16Z,2026-08-06T07:00:16Z,valid
29f3d156-04e1-46bc-b699-bbea096e212f,89,2026-08-05T03:00:00+03:00,2026-08-05,2026-08-06T03:00:00+03:00,2026-08-06,24,-169,-169,True,xml_html_confirmed,-169,True,2026-08-06T07:00:16Z,2026-08-06T10:00:16+03:00,403272a5590817398a4c0db0e63fc9fdcac167af14ce0919373b978fa825fcbf,2026-08-05T15:00:16Z,2026-08-06T07:00:16Z,valid
29f3d156-04e1-46bc-b699-bbea096e212f,89,2026-08-05T03:00:00+03:00,2026-08-05,2026-08-07T03:00:00+03:00,2026-08-07,48,-172,-172,True,xml_html_confirmed,-172,True,2026-08-06T07:00:16Z,2026-08-06T10:00:16+03:00,403272a5590817398a4c0db0e63fc9fdcac167af14ce0919373b978fa825fcbf,2026-08-05T15:00:16Z,2026-08-06T07:00:16Z,valid
29f3d156-04e1-46bc-b699-bbea096e212f,89,2026-08-05T03:00:00+03:00,2026-08-05,2026-08-08T03:00:00+03:00,2026-08-08,72,-175,-175,True,xml_html_confirmed,-175,True,2026-08-06T07:00:16Z,2026-08-06T10:00:16+03:00,403272a5590817398a4c0db0e63fc9fdcac167af14ce0919373b978fa825fcbf,2026-08-05T15:00:16Z,2026-08-06T07:00:16Z,valid
29f3d156-04e1-46bc-b699-bbea096e212f,89,2026-08-05T03:00:00+03:00,2026-08-05,2026-08-09T03:00:00+03:00,2026-08-09,96,-177,-177,True,xml_html_confirmed,-177,True,2026-08-06T07:00:16Z,2026-08-06T10:00:16+03:00,403272a5590817398a4c0db0e63fc9fdcac167af14ce0919373b978fa825fcbf,2026-08-05T15:00:16Z,2026-08-06T07:00:16Z,valid
29f3d156-04e1-46bc-b699-bbea096e212f,89,2026-08-06T03:00:00+03:00,2026-08-06,2026-08-11T03:00:00+03:00,2026-08-11,120,-181,-181,True,xml_html_confirmed,-181,True,2026-08-07T07:00:17Z,2026-08-07T10:00:17+03:00,7538075a51c270fb38fc62d5b2b78a4f5ddab96aafdb932014f76ebdfc3cc0ff,2026-08-06T15:00:17Z,2026-08-07T07:00:17Z,valid
29f3d156-04e1-46bc-b699-bbea096e212f,89,2026-08-06T03:00:00+03:00,2026-08-06,2026-08-07T03:00:00+03:00,2026-08-07,24,-172,-172,True,xml_html_confirmed,-172,True,2026-08-07T07:00:17Z,2026-08-07T10:00:17+03:00,7538075a51c270fb38fc62d5b2b78a4f5ddab96aafdb932014f76ebdfc3cc0ff,2026-08-06T15:00:17Z,2026-08-07T07:00:17Z,valid
29f3d156-04e1-46bc-b699-bbea096e212f,89,2026-08-06T03:00:00+03:00,2026-08-06,2026-08-08T03:00:00+03:00,2026-08-08,48,-176,-176,True,xml_html_confirmed,-176,True,2026-08-07T07:00:17Z,2026-08-07T10:00:17+03:00,7538075a51c270fb38fc62d5b2b78a4f5ddab96aafdb932014f76ebdfc3cc0ff,2026-08-06T15:00:17Z,2026-08-07T07:00:17Z,valid
29f3d156-04e1-46bc-b699-bbea096e212f,89,2026-08-06T03:00:00+03:00,2026-08-06,2026-08-09T03:00:00+03:00,2026-08-09,72,-178,-178,True,xml_html_confirmed,-178,True,2026-08-07T07:00:17Z,2026-08-07T10:00:17+03:00,7538075a51c270fb38fc62d5b2b78a4f5ddab96aafdb932014f76ebdfc3cc0ff,2026-08-06T15:00:17Z,2026-08-07T07:00:17Z,valid
29f3d156-04e1-46bc-b699-bbea096e212f,89,2026-08-06T03:00:00+03:00,2026-08-06,2026-08-10T03:00:00+03:00,2026-08-10,96,-180,-180,True,xml_html_confirmed,-180,True,2026-08-07T07:00:17Z,2026-08-07T10:00:17+03:00,7538075a51c270fb38fc62d5b2b78a4f5ddab96aafdb932014f76ebdfc3cc0ff,2026-08-06T15:00:17Z,2026-08-07T07:00:17Z,valid
3d63f295-2216-491e-86ba-a0e19b6b5fa3,100,2026-08-02T03:00:00+03:00,2026-08-02,2026-08-07T03:00:00+03:00,2026-08-07,120,0,,False,html_blank_xml_zero,,,2026-08-03T14:01:46Z,2026-08-03T17:01:46+03:00,f6c2727e2006a7ae93929056956931b244301a62d0cf96f8e59bc6cb0ba86d02,2026-08-03T14:01:46Z,2026-08-03T14:01:46Z,missing_forecast_encoded_as_zero
3d63f295-2216-491e-86ba-a0e19b6b5fa3,100,2026-08-02T03:00:00+03:00,2026-08-02,2026-08-03T03:00:00+03:00,2026-08-03,24,0,,False,html_blank_xml_zero,,,2026-08-03T14:01:46Z,2026-08-03T17:01:46+03:00,f6c2727e2006a7ae93929056956931b244301a62d0cf96f8e59bc6cb0ba86d02,2026-08-03T14:01:46Z,2026-08-03T14:01:46Z,missing_forecast_encoded_as_zero
3d63f295-2216-491e-86ba-a0e19b6b5fa3,100,2026-08-02T03:00:00+03:00,2026-08-02,2026-08-04T03:00:00+03:00,2026-08-04,48,0,,False,html_blank_xml_zero,,,2026-08-03T14:01:46Z,2026-08-03T17:01:46+03:00,f6c2727e2006a7ae93929056956931b244301a62d0cf96f8e59bc6cb0ba86d02,2026-08-03T14:01:46Z,2026-08-03T14:01:46Z,missing_forecast_encoded_as_zero
3d63f295-2216-491e-86ba-a0e19b6b5fa3,100,2026-08-02T03:00:00+03:00,2026-08-02,2026-08-05T03:00:00+03:00,2026-08-05,72,0,,False,html_blank_xml_zero,,,2026-08-03T14:01:46Z,2026-08-03T17:01:46+03:00,f6c2727e2006a7ae93929056956931b244301a62d0cf96f8e59bc6cb0ba86d02,2026-08-03T14:01:46Z,2026-08-03T14:01:46Z,missing_forecast_encoded_as_zero
3d63f295-2216-491e-86ba-a0e19b6b5fa3,100,2026-08-02T03:00:00+03:00,2026-08-02,2026-08-06T03:00:00+03:00,2026-08-06,96,0,,False,html_blank_xml_zero,,,2026-08-03T14:01:46Z,2026-08-03T17:01:46+03:00,f6c2727e2006a7ae93929056956931b244301a62d0cf96f8e59bc6cb0ba86d02,2026-08-03T14:01:46Z,2026-08-03T14:01:46Z,missing_forecast_encoded_as_zero
3d63f295-2216-491e-86ba-a0e19b6b5fa3,100,2026-08-04T03:00:00+03:00,2026-08-04,2026-08-09T03:00:00+03:00,2026-08-09,120,0,,False,html_blank_xml_zero,,,2026-08-05T07:00:07Z,2026-08-05T10:00:07+03:00,f6db94a5ba6eef2fe5a4f93e3595a0671de3e776ed2ca00d7f53cefb836c7c1a,2026-08-04T12:07:23Z,2026-08-05T07:00:07Z,missing_forecast_encoded_as_zero
3d63f295-2216-491e-86ba-a0e19b6b5fa3,100,2026-08-04T03:00:00+03:00,2026-08-04,2026-08-05T03:00:00+03:00,2026-08-05,24,0,,False,html_blank_xml_zero,,,2026-08-05T07:00:07Z,2026-08-05T10:00:07+03:00,f6db94a5ba6eef2fe5a4f93e3595a0671de3e776ed2ca00d7f53cefb836c7c1a,2026-08-04T12:07:23Z,2026-08-05T07:00:07Z,missing_forecast_encoded_as_zero
3d63f295-2216-491e-86ba-a0e19b6b5fa3,100,2026-08-04T03:00:00+03:00,2026-08-04,2026-08-06T03:00:00+03:00,2026-08-06,48,0,,False,html_blank_xml_zero,,,2026-08-05T07:00:07Z,2026-08-05T10:00:07+03:00,f6db94a5ba6eef2fe5a4f93e3595a0671de3e776ed2ca00d7f53cefb836c7c1a,2026-08-04T12:07:23Z,2026-08-05T07:00:07Z,missing_forecast_encoded_as_zero
3d63f295-2216-491e-86ba-a0e19b6b5fa3,100,2026-08-04T03:00:00+03:00,2026-08-04,2026-08-07T03:00:00+03:00,2026-08-07,72,0,,False,html_blank_xml_zero,,,2026-08-05T07:00:07Z,2026-08-05T10:00:07+03:00,f6db94a5ba6eef2fe5a4f93e3595a0671de3e776ed2ca00d7f53cefb836c7c1a,2026-08-04T12:07:23Z,2026-08-05T07:00:07Z,missing_forecast_encoded_as_zero
3d63f295-2216-491e-86ba-a0e19b6b5fa3,100,2026-08-04T03:00:00+03:00,2026-08-04,2026-08-08T03:00:00+03:00,2026-08-08,96,0,,False,html_blank_xml_zero,,,2026-08-05T07:00:07Z,2026-08-05T10:00:07+03:00,f6db94a5ba6eef2fe5a4f93e3595a0671de3e776ed2ca00d7f53cefb836c7c1a,2026-08-04T12:07:23Z,2026-08-05T07:00:07Z,missing_forecast_encoded_as_zero
3d63f295-2216-491e-86ba-a0e19b6b5fa3,100,2026-08-05T03:00:00+03:00,2026-08-05,2026-08-10T03:00:00+03:00,2026-08-10,120,0,,False,html_blank_xml_zero,,,2026-08-06T07:00:16Z,2026-08-06T10:00:16+03:00,c13aad6929b9ea4972f62a52f939a09076c1cc2efef712fdc6a8e0f30a323963,2026-08-05T15:00:16Z,2026-08-06T07:00:16Z,missing_forecast_encoded_as_zero
3d63f295-2216-491e-86ba-a0e19b6b5fa3,100,2026-08-05T03:00:00+03:00,2026-08-05,2026-08-06T03:00:00+03:00,2026-08-06,24,0,,False,html_blank_xml_zero,,,2026-08-06T07:00:16Z,2026-08-06T10:00:16+03:00,c13aad6929b9ea4972f62a52f939a09076c1cc2efef712fdc6a8e0f30a323963,2026-08-05T15:00:16Z,2026-08-06T07:00:16Z,missing_forecast_encoded_as_zero
3d63f295-2216-491e-86ba-a0e19b6b5fa3,100,2026-08-05T03:00:00+03:00,2026-08-05,2026-08-07T03:00:00+03:00,2026-08-07,48,0,,False,html_blank_xml_zero,,,2026-08-06T07:00:16Z,2026-08-06T10:00:16+03:00,c13aad6929b9ea4972f62a52f939a09076c1cc2efef712fdc6a8e0f30a323963,2026-08-05T15:00:16Z,2026-08-06T07:00:16Z,missing_forecast_encoded_as_zero
3d63f295-2216-491e-86ba-a0e19b6b5fa3,100,2026-08-05T03:00:00+03:00,2026-08-05,2026-08-08T03:00:00+03:00,2026-08-08,72,0,,False,html_blank_xml_zero,,,2026-08-06T07:00:16Z,2026-08-06T10:00:16+03:00,c13aad6929b9ea4972f62a52f939a09076c1cc2efef712fdc6a8e0f30a323963,2026-08-05T15:00:16Z,2026-08-06T07:00:16Z,missing_forecast_encoded_as_zero
3d63f295-2216-491e-86ba-a0e19b6b5fa3,100,2026-08-05T03:00:00+03:00,2026-08-05,2026-08-09T03:00:00+03:00,2026-08-09,96,0,,False,html_blank_xml_zero,,,2026-08-06T07:00:16Z,2026-08-06T10:00:16+03:00,c13aad6929b9ea4972f62a52f939a09076c1cc2efef712fdc6a8e0f30a323963,2026-08-05T15:00:16Z,2026-08-06T07:00:16Z,missing_forecast_encoded_as_zero
3d63f295-2216-491e-86ba-a0e19b6b5fa3,100,2026-08-06T03:00:00+03:00,2026-08-06,2026-08-11T03:00:00+03:00,2026-08-11,120,0,,False,html_blank_xml_zero,,,2026-08-07T07:00:17Z,2026-08-07T10:00:17+03:00,cee88bf47736685864a91352792dcadd8047425dba925e7596ce7fd7346c409c,2026-08-06T15:00:17Z,2026-08-07T07:00:17Z,missing_forecast_encoded_as_zero
3d63f295-2216-491e-86ba-a0e19b6b5fa3,100,2026-08-06T03:00:00+03:00,2026-08-06,2026-08-07T03:00:00+03:00,2026-08-07,24,0,,False,html_blank_xml_zero,,,2026-08-07T07:00:17Z,2026-08-07T10:00:17+03:00,cee88bf47736685864a91352792dcadd8047425dba925e7596ce7fd7346c409c,2026-08-06T15:00:17Z,2026-08-07T07:00:17Z,missing_forecast_encoded_as_zero
3d63f295-2216-491e-86ba-a0e19b6b5fa3,100,2026-08-06T03:00:00+03:00,2026-08-06,2026-08-08T03:00:00+03:00,2026-08-08,48,0,,False,html_blank_xml_zero,,,2026-08-07T07:00:17Z,2026-08-07T10:00:17+03:00,cee88bf47736685864a91352792dcadd8047425dba925e7596ce7fd7346c409c,2026-08-06T15:00:17Z,2026-08-07T07:00:17Z,missing_forecast_encoded_as_zero
3d63f295-2216-491e-86ba-a0e19b6b5fa3,100,2026-08-06T03:00:00+03:00,2026-08-06,2026-08-09T03:00:00+03:00,2026-08-09,72,0,,False,html_blank_xml_zero,,,2026-08-07T07:00:17Z,2026-08-07T10:00:17+03:00,cee88bf47736685864a91352792dcadd8047425dba925e7596ce7fd7346c409c,2026-08-06T15:00:17Z,2026-08-07T07:00:17Z,missing_forecast_encoded_as_zero
3d63f295-2216-491e-86ba-a0e19b6b5fa3,100,2026-08-06T03:00:00+03:00,2026-08-06,2026-08-10T03:00:00+03:00,2026-08-10,96,0,,False,html_blank_xml_zero,,,2026-08-07T07:00:17Z,2026-08-07T10:00:17+03:00,cee88bf47736685864a91352792dcadd8047425dba925e7596ce7fd7346c409c,2026-08-06T15:00:17Z,2026-08-07T07:00:17Z,missing_forecast_encoded_as_zero
434d580b-1bc9-4210-aea9-3d263e8251fe,87,2026-08-02T03:00:00+03:00,2026-08-02,2026-08-07T03:00:00+03:00,2026-08-07,120,-118,-118,True,xml_with_html_mismatch,-119,False,2026-08-03T14:01:46Z,2026-08-03T17:01:46+03:00,1fe8720ddb767ad1357967a3208a16c2df5b24d479dbc989e99f80aba7881d65,2026-08-03T14:01:46Z,2026-08-03T14:01:46Z,xml_html_value_mismatch
434d580b-1bc9-4210-aea9-3d263e8251fe,87,2026-08-02T03:00:00+03:00,2026-08-02,2026-08-03T03:00:00+03:00,2026-08-03,24,-115,-115,True,xml_with_html_mismatch,-116,False,2026-08-03T14:01:46Z,2026-08-03T17:01:46+03:00,1fe8720ddb767ad1357967a3208a16c2df5b24d479dbc989e99f80aba7881d65,2026-08-03T14:01:46Z,2026-08-03T14:01:46Z,xml_html_value_mismatch
434d580b-1bc9-4210-aea9-3d263e8251fe,87,2026-08-02T03:00:00+03:00,2026-08-02,2026-08-04T03:00:00+03:00,2026-08-04,48,-115,-115,True,xml_with_html_mismatch,-116,False,2026-08-03T14:01:46Z,2026-08-03T17:01:46+03:00,1fe8720ddb767ad1357967a3208a16c2df5b24d479dbc989e99f80aba7881d65,2026-08-03T14:01:46Z,2026-08-03T14:01:46Z,xml_html_value_mismatch
434d580b-1bc9-4210-aea9-3d263e8251fe,87,2026-08-02T03:00:00+03:00,2026-08-02,2026-08-05T03:00:00+03:00,2026-08-05,72,-116,-116,True,xml_with_html_mismatch,-117,False,2026-08-03T14:01:46Z,2026-08-03T17:01:46+03:00,1fe8720ddb767ad1357967a3208a16c2df5b24d479dbc989e99f80aba7881d65,2026-08-03T14:01:46Z,2026-08-03T14:01:46Z,xml_html_value_mismatch
434d580b-1bc9-4210-aea9-3d263e8251fe,87,2026-08-02T03:00:00+03:00,2026-08-02,2026-08-06T03:00:00+03:00,2026-08-06,96,-117,-117,True,xml_with_html_mismatch,-118,False,2026-08-03T14:01:46Z,2026-08-03T17:01:46+03:00,1fe8720ddb767ad1357967a3208a16c2df5b24d479dbc989e99f80aba7881d65,2026-08-03T14:01:46Z,2026-08-03T14:01:46Z,xml_html_value_mismatch
434d580b-1bc9-4210-aea9-3d263e8251fe,87,2026-08-04T03:00:00+03:00,2026-08-04,2026-08-09T03:00:00+03:00,2026-08-09,120,-119,-119,True,xml_html_confirmed,-119,True,2026-08-05T07:00:07Z,2026-08-05T10:00:07+03:00,238152053ed466953c969206a47e50475c04977572b8655aab28fa6336df8886,2026-08-04T12:07:23Z,2026-08-05T07:00:07Z,valid
434d580b-1bc9-4210-aea9-3d263e8251fe,87,2026-08-04T03:00:00+03:00,2026-08-04,2026-08-05T03:00:00+03:00,2026-08-05,24,-116,-116,True,xml_html_confirmed,-116,True,2026-08-05T07:00:07Z,2026-08-05T10:00:07+03:00,238152053ed466953c969206a47e50475c04977572b8655aab28fa6336df8886,2026-08-04T12:07:23Z,2026-08-05T07:00:07Z,valid
434d580b-1bc9-4210-aea9-3d263e8251fe,87,2026-08-04T03:00:00+03:00,2026-08-04,2026-08-06T03:00:00+03:00,2026-08-06,48,-117,-117,True,xml_html_confirmed,-117,True,2026-08-05T07:00:07Z,2026-08-05T10:00:07+03:00,238152053ed466953c969206a47e50475c04977572b8655aab28fa6336df8886,2026-08-04T12:07:23Z,2026-08-05T07:00:07Z,valid
434d580b-1bc9-4210-aea9-3d263e8251fe,87,2026-08-04T03:00:00+03:00,2026-08-04,2026-08-07T03:00:00+03:00,2026-08-07,72,-117,-117,True,xml_html_confirmed,-117,True,2026-08-05T07:00:07Z,2026-08-05T10:00:07+03:00,238152053ed466953c969206a47e50475c04977572b8655aab28fa6336df8886,2026-08-04T12:07:23Z,2026-08-05T07:00:07Z,valid
434d580b-1bc9-4210-aea9-3d263e8251fe,87,2026-08-04T03:00:00+03:00,2026-08-04,2026-08-08T03:00:00+03:00,2026-08-08,96,-118,-118,True,xml_html_confirmed,-118,True,2026-08-05T07:00:07Z,2026-08-05T10:00:07+03:00,238152053ed466953c969206a47e50475c04977572b8655aab28fa6336df8886,2026-08-04T12:07:23Z,2026-08-05T07:00:07Z,valid
434d580b-1bc9-4210-aea9-3d263e8251fe,87,2026-08-05T03:00:00+03:00,2026-08-05,2026-08-10T03:00:00+03:00,2026-08-10,120,-119,-119,True,xml_html_confirmed,-119,True,2026-08-06T07:00:16Z,2026-08-06T10:00:16+03:00,c36185e6cff4af53ce1ee43667a33cc3cc18365de68c830957480e90f1e81b2e,2026-08-05T15:00:16Z,2026-08-06T07:00:16Z,valid
434d580b-1bc9-4210-aea9-3d263e8251fe,87,2026-08-05T03:00:00+03:00,2026-08-05,2026-08-06T03:00:00+03:00,2026-08-06,24,-117,-117,True,xml_html_confirmed,-117,True,2026-08-06T07:00:16Z,2026-08-06T10:00:16+03:00,c36185e6cff4af53ce1ee43667a33cc3cc18365de68c830957480e90f1e81b2e,2026-08-05T15:00:16Z,2026-08-06T07:00:16Z,valid
434d580b-1bc9-4210-aea9-3d263e8251fe,87,2026-08-05T03:00:00+03:00,2026-08-05,2026-08-07T03:00:00+03:00,2026-08-07,48,-117,-117,True,xml_html_confirmed,-117,True,2026-08-06T07:00:16Z,2026-08-06T10:00:16+03:00,c36185e6cff4af53ce1ee43667a33cc3cc18365de68c830957480e90f1e81b2e,2026-08-05T15:00:16Z,2026-08-06T07:00:16Z,valid
434d580b-1bc9-4210-aea9-3d263e8251fe,87,2026-08-05T03:00:00+03:00,2026-08-05,2026-08-08T03:00:00+03:00,2026-08-08,72,-118,-118,True,xml_html_confirmed,-118,True,2026-08-06T07:00:16Z,2026-08-06T10:00:16+03:00,c36185e6cff4af53ce1ee43667a33cc3cc18365de68c830957480e90f1e81b2e,2026-08-05T15:00:16Z,2026-08-06T07:00:16Z,valid
434d580b-1bc9-4210-aea9-3d263e8251fe,87,2026-08-05T03:00:00+03:00,2026-08-05,2026-08-09T03:00:00+03:00,2026-08-09,96,-119,-119,True,xml_html_confirmed,-119,True,2026-08-06T07:00:16Z,2026-08-06T10:00:16+03:00,c36185e6cff4af53ce1ee43667a33cc3cc18365de68c830957480e90f1e81b2e,2026-08-05T15:00:16Z,2026-08-06T07:00:16Z,valid
434d580b-1bc9-4210-aea9-3d263e8251fe,87,2026-08-06T03:00:00+03:00,2026-08-06,2026-08-11T03:00:00+03:00,2026-08-11,120,-128,-128,True,xml_html_confirmed,-128,True,2026-08-07T07:00:17Z,2026-08-07T10:00:17+03:00,544b8bf1b6bd4ab49c12d11e0b7e3663a790c88b8b8c5a13fc80d9f6b5373334,2026-08-06T15:00:17Z,2026-08-07T07:00:17Z,valid
434d580b-1bc9-4210-aea9-3d263e8251fe,87,2026-08-06T03:00:00+03:00,2026-08-06,2026-08-07T03:00:00+03:00,2026-08-07,24,-119,-119,True,xml_html_confirmed,-119,True,2026-08-07T07:00:17Z,2026-08-07T10:00:17+03:00,544b8bf1b6bd4ab49c12d11e0b7e3663a790c88b8b8c5a13fc80d9f6b5373334,2026-08-06T15:00:17Z,2026-08-07T07:00:17Z,valid
434d580b-1bc9-4210-aea9-3d263e8251fe,87,2026-08-06T03:00:00+03:00,2026-08-06,2026-08-08T03:00:00+03:00,2026-08-08,48,-120,-120,True,xml_html_confirmed,-120,True,2026-08-07T07:00:17Z,2026-08-07T10:00:17+03:00,544b8bf1b6bd4ab49c12d11e0b7e3663a790c88b8b8c5a13fc80d9f6b5373334,2026-08-06T15:00:17Z,2026-08-07T07:00:17Z,valid
434d580b-1bc9-4210-aea9-3d263e8251fe,87,2026-08-06T03:00:00+03:00,2026-08-06,2026-08-09T03:00:00+03:00,2026-08-09,72,-121,-121,True,xml_html_confirmed,-121,True,2026-08-07T07:00:17Z,2026-08-07T10:00:17+03:00,544b8bf1b6bd4ab49c12d11e0b7e3663a790c88b8b8c5a13fc80d9f6b5373334,2026-08-06T15:00:17Z,2026-08-07T07:00:17Z,valid
434d580b-1bc9-4210-aea9-3d263e8251fe,87,2026-08-06T03:00:00+03:00,2026-08-06,2026-08-10T03:00:00+03:00,2026-08-10,96,-125,-125,True,xml_html_confirmed,-125,True,2026-08-07T07:00:17Z,2026-08-07T10:00:17+03:00,544b8bf1b6bd4ab49c12d11e0b7e3663a790c88b8b8c5a13fc80d9f6b5373334,2026-08-06T15:00:17Z,2026-08-07T07:00:17Z,valid
5f0aaecc-01c1-4828-be3a-405bf48702b8,93,2026-08-02T03:00:00+03:00,2026-08-02,2026-08-07T03:00:00+03:00,2026-08-07,120,-107,-107,True,xml_with_html_mismatch,-108,False,2026-08-03T14:01:46Z,2026-08-03T17:01:46+03:00,acd10e8c41536eba1e192b3305b50c81f8194e9956ab119f27513f9e89fa23fb,2026-08-03T14:01:46Z,2026-08-03T14:01:46Z,xml_html_value_mismatch
5f0aaecc-01c1-4828-be3a-405bf48702b8,93,2026-08-02T03:00:00+03:00,2026-08-02,2026-08-03T03:00:00+03:00,2026-08-03,24,-96,-96,True,xml_with_html_mismatch,-98,False,2026-08-03T14:01:46Z,2026-08-03T17:01:46+03:00,acd10e8c41536eba1e192b3305b50c81f8194e9956ab119f27513f9e89fa23fb,2026-08-03T14:01:46Z,2026-08-03T14:01:46Z,xml_html_value_mismatch
5f0aaecc-01c1-4828-be3a-405bf48702b8,93,2026-08-02T03:00:00+03:00,2026-08-02,2026-08-04T03:00:00+03:00,2026-08-04,48,-99,-99,True,xml_with_html_mismatch,-101,False,2026-08-03T14:01:46Z,2026-08-03T17:01:46+03:00,acd10e8c41536eba1e192b3305b50c81f8194e9956ab119f27513f9e89fa23fb,2026-08-03T14:01:46Z,2026-08-03T14:01:46Z,xml_html_value_mismatch
5f0aaecc-01c1-4828-be3a-405bf48702b8,93,2026-08-02T03:00:00+03:00,2026-08-02,2026-08-05T03:00:00+03:00,2026-08-05,72,-102,-102,True,xml_with_html_mismatch,-103,False,2026-08-03T14:01:46Z,2026-08-03T17:01:46+03:00,acd10e8c41536eba1e192b3305b50c81f8194e9956ab119f27513f9e89fa23fb,2026-08-03T14:01:46Z,2026-08-03T14:01:46Z,xml_html_value_mismatch
5f0aaecc-01c1-4828-be3a-405bf48702b8,93,2026-08-02T03:00:00+03:00,2026-08-02,2026-08-06T03:00:00+03:00,2026-08-06,96,-104,-104,True,xml_with_html_mismatch,-106,False,2026-08-03T14:01:46Z,2026-08-03T17:01:46+03:00,acd10e8c41536eba1e192b3305b50c81f8194e9956ab119f27513f9e89fa23fb,2026-08-03T14:01:46Z,2026-08-03T14:01:46Z,xml_html_value_mismatch
5f0aaecc-01c1-4828-be3a-405bf48702b8,93,2026-08-04T03:00:00+03:00,2026-08-04,2026-08-09T03:00:00+03:00,2026-08-09,120,-108,-108,True,xml_html_confirmed,-108,True,2026-08-05T07:00:07Z,2026-08-05T10:00:07+03:00,60887911e5101490a3c1d7903c3630ac9735cb5cb39ba2693e8435c2e7a8a081,2026-08-04T12:07:23Z,2026-08-05T07:00:07Z,valid
5f0aaecc-01c1-4828-be3a-405bf48702b8,93,2026-08-04T03:00:00+03:00,2026-08-04,2026-08-05T03:00:00+03:00,2026-08-05,24,-101,-101,True,xml_html_confirmed,-101,True,2026-08-05T07:00:07Z,2026-08-05T10:00:07+03:00,60887911e5101490a3c1d7903c3630ac9735cb5cb39ba2693e8435c2e7a8a081,2026-08-04T12:07:23Z,2026-08-05T07:00:07Z,valid
5f0aaecc-01c1-4828-be3a-405bf48702b8,93,2026-08-04T03:00:00+03:00,2026-08-04,2026-08-06T03:00:00+03:00,2026-08-06,48,-104,-104,True,xml_html_confirmed,-104,True,2026-08-05T07:00:07Z,2026-08-05T10:00:07+03:00,60887911e5101490a3c1d7903c3630ac9735cb5cb39ba2693e8435c2e7a8a081,2026-08-04T12:07:23Z,2026-08-05T07:00:07Z,valid
5f0aaecc-01c1-4828-be3a-405bf48702b8,93,2026-08-04T03:00:00+03:00,2026-08-04,2026-08-07T03:00:00+03:00,2026-08-07,72,-106,-106,True,xml_html_confirmed,-106,True,2026-08-05T07:00:07Z,2026-08-05T10:00:07+03:00,60887911e5101490a3c1d7903c3630ac9735cb5cb39ba2693e8435c2e7a8a081,2026-08-04T12:07:23Z,2026-08-05T07:00:07Z,valid
5f0aaecc-01c1-4828-be3a-405bf48702b8,93,2026-08-04T03:00:00+03:00,2026-08-04,2026-08-08T03:00:00+03:00,2026-08-08,96,-107,-107,True,xml_html_confirmed,-107,True,2026-08-05T07:00:07Z,2026-08-05T10:00:07+03:00,60887911e5101490a3c1d7903c3630ac9735cb5cb39ba2693e8435c2e7a8a081,2026-08-04T12:07:23Z,2026-08-05T07:00:07Z,valid
5f0aaecc-01c1-4828-be3a-405bf48702b8,93,2026-08-05T03:00:00+03:00,2026-08-05,2026-08-10T03:00:00+03:00,2026-08-10,120,-108,-108,True,xml_html_confirmed,-108,True,2026-08-06T07:00:16Z,2026-08-06T10:00:16+03:00,9a34843c47bb97c80a9e12614b998340b2f05466424e0316234f62d1f8a93bf5,2026-08-05T15:00:16Z,2026-08-06T07:00:16Z,valid
5f0aaecc-01c1-4828-be3a-405bf48702b8,93,2026-08-05T03:00:00+03:00,2026-08-05,2026-08-06T03:00:00+03:00,2026-08-06,24,-105,-105,True,xml_html_confirmed,-105,True,2026-08-06T07:00:16Z,2026-08-06T10:00:16+03:00,9a34843c47bb97c80a9e12614b998340b2f05466424e0316234f62d1f8a93bf5,2026-08-05T15:00:16Z,2026-08-06T07:00:16Z,valid
5f0aaecc-01c1-4828-be3a-405bf48702b8,93,2026-08-05T03:00:00+03:00,2026-08-05,2026-08-07T03:00:00+03:00,2026-08-07,48,-106,-106,True,xml_html_confirmed,-106,True,2026-08-06T07:00:16Z,2026-08-06T10:00:16+03:00,9a34843c47bb97c80a9e12614b998340b2f05466424e0316234f62d1f8a93bf5,2026-08-05T15:00:16Z,2026-08-06T07:00:16Z,valid
5f0aaecc-01c1-4828-be3a-405bf48702b8,93,2026-08-05T03:00:00+03:00,2026-08-05,2026-08-08T03:00:00+03:00,2026-08-08,72,-107,-107,True,xml_html_confirmed,-107,True,2026-08-06T07:00:16Z,2026-08-06T10:00:16+03:00,9a34843c47bb97c80a9e12614b998340b2f05466424e0316234f62d1f8a93bf5,2026-08-05T15:00:16Z,2026-08-06T07:00:16Z,valid
5f0aaecc-01c1-4828-be3a-405bf48702b8,93,2026-08-05T03:00:00+03:00,2026-08-05,2026-08-09T03:00:00+03:00,2026-08-09,96,-108,-108,True,xml_html_confirmed,-108,True,2026-08-06T07:00:16Z,2026-08-06T10:00:16+03:00,9a34843c47bb97c80a9e12614b998340b2f05466424e0316234f62d1f8a93bf5,2026-08-05T15:00:16Z,2026-08-06T07:00:16Z,valid
5f0aaecc-01c1-4828-be3a-405bf48702b8,93,2026-08-06T03:00:00+03:00,2026-08-06,2026-08-11T03:00:00+03:00,2026-08-11,120,-110,-110,True,xml_html_confirmed,-110,True,2026-08-07T07:00:17Z,2026-08-07T10:00:17+03:00,78f1556773c13f07ae179f4478a4b06c73e23e489c60b0f1ee7c59886429353b,2026-08-06T15:00:17Z,2026-08-07T07:00:17Z,valid
5f0aaecc-01c1-4828-be3a-405bf48702b8,93,2026-08-06T03:00:00+03:00,2026-08-06,2026-08-07T03:00:00+03:00,2026-08-07,24,-107,-107,True,xml_html_confirmed,-107,True,2026-08-07T07:00:17Z,2026-08-07T10:00:17+03:00,78f1556773c13f07ae179f4478a4b06c73e23e489c60b0f1ee7c59886429353b,2026-08-06T15:00:17Z,2026-08-07T07:00:17Z,valid
5f0aaecc-01c1-4828-be3a-405bf48702b8,93,2026-08-06T03:00:00+03:00,2026-08-06,2026-08-08T03:00:00+03:00,2026-08-08,48,-108,-108,True,xml_html_confirmed,-108,True,2026-08-07T07:00:17Z,2026-08-07T10:00:17+03:00,78f1556773c13f07ae179f4478a4b06c73e23e489c60b0f1ee7c59886429353b,2026-08-06T15:00:17Z,2026-08-07T07:00:17Z,valid
5f0aaecc-01c1-4828-be3a-405bf48702b8,93,2026-08-06T03:00:00+03:00,2026-08-06,2026-08-09T03:00:00+03:00,2026-08-09,72,-109,-109,True,xml_html_confirmed,-109,True,2026-08-07T07:00:17Z,2026-08-07T10:00:17+03:00,78f1556773c13f07ae179f4478a4b06c73e23e489c60b0f1ee7c59886429353b,2026-08-06T15:00:17Z,2026-08-07T07:00:17Z,valid
5f0aaecc-01c1-4828-be3a-405bf48702b8,93,2026-08-06T03:00:00+03:00,2026-08-06,2026-08-10T03:00:00+03:00,2026-08-10,96,-110,-110,True,xml_html_confirmed,-110,True,2026-08-07T07:00:17Z,2026-08-07T10:00:17+03:00,78f1556773c13f07ae179f4478a4b06c73e23e489c60b0f1ee7c59886429353b,2026-08-06T15:00:17Z,2026-08-07T07:00:17Z,valid
657e4b68-9e17-4102-a240-b2cf2f34ba27,82,2026-08-02T03:00:00+03:00,2026-08-02,2026-08-07T03:00:00+03:00,2026-08-07,120,0,,False,html_blank_xml_zero,,,2026-08-03T14:01:46Z,2026-08-03T17:01:46+03:00,f95b216062ea915cfa732451fbf2cc97125bb2322e0fb6abd7ffc17a0f82cd84,2026-08-03T14:01:46Z,2026-08-03T14:01:46Z,missing_forecast_encoded_as_zero
657e4b68-9e17-4102-a240-b2cf2f34ba27,82,2026-08-02T03:00:00+03:00,2026-08-02,2026-08-03T03:00:00+03:00,2026-08-03,24,0,,False,html_blank_xml_zero,,,2026-08-03T14:01:46Z,2026-08-03T17:01:46+03:00,f95b216062ea915cfa732451fbf2cc97125bb2322e0fb6abd7ffc17a0f82cd84,2026-08-03T14:01:46Z,2026-08-03T14:01:46Z,missing_forecast_encoded_as_zero
657e4b68-9e17-4102-a240-b2cf2f34ba27,82,2026-08-02T03:00:00+03:00,2026-08-02,2026-08-04T03:00:00+03:00,2026-08-04,48,0,,False,html_blank_xml_zero,,,2026-08-03T14:01:46Z,2026-08-03T17:01:46+03:00,f95b216062ea915cfa732451fbf2cc97125bb2322e0fb6abd7ffc17a0f82cd84,2026-08-03T14:01:46Z,2026-08-03T14:01:46Z,missing_forecast_encoded_as_zero
657e4b68-9e17-4102-a240-b2cf2f34ba27,82,2026-08-02T03:00:00+03:00,2026-08-02,2026-08-05T03:00:00+03:00,2026-08-05,72,0,,False,html_blank_xml_zero,,,2026-08-03T14:01:46Z,2026-08-03T17:01:46+03:00,f95b216062ea915cfa732451fbf2cc97125bb2322e0fb6abd7ffc17a0f82cd84,2026-08-03T14:01:46Z,2026-08-03T14:01:46Z,missing_forecast_encoded_as_zero
657e4b68-9e17-4102-a240-b2cf2f34ba27,82,2026-08-02T03:00:00+03:00,2026-08-02,2026-08-06T03:00:00+03:00,2026-08-06,96,0,,False,html_blank_xml_zero,,,2026-08-03T14:01:46Z,2026-08-03T17:01:46+03:00,f95b216062ea915cfa732451fbf2cc97125bb2322e0fb6abd7ffc17a0f82cd84,2026-08-03T14:01:46Z,2026-08-03T14:01:46Z,missing_forecast_encoded_as_zero
657e4b68-9e17-4102-a240-b2cf2f34ba27,82,2026-08-04T03:00:00+03:00,2026-08-04,2026-08-09T03:00:00+03:00,2026-08-09,120,0,,False,html_blank_xml_zero,,,2026-08-05T07:00:07Z,2026-08-05T10:00:07+03:00,abcb6bf00821096eb7dae28d50ec879c59a7d713bd47fe5257962f54346e373e,2026-08-04T12:07:23Z,2026-08-05T07:00:07Z,missing_forecast_encoded_as_zero
657e4b68-9e17-4102-a240-b2cf2f34ba27,82,2026-08-04T03:00:00+03:00,2026-08-04,2026-08-05T03:00:00+03:00,2026-08-05,24,0,,False,html_blank_xml_zero,,,2026-08-05T07:00:07Z,2026-08-05T10:00:07+03:00,abcb6bf00821096eb7dae28d50ec879c59a7d713bd47fe5257962f54346e373e,2026-08-04T12:07:23Z,2026-08-05T07:00:07Z,missing_forecast_encoded_as_zero
657e4b68-9e17-4102-a240-b2cf2f34ba27,82,2026-08-04T03:00:00+03:00,2026-08-04,2026-08-06T03:00:00+03:00,2026-08-06,48,0,,False,html_blank_xml_zero,,,2026-08-05T07:00:07Z,2026-08-05T10:00:07+03:00,abcb6bf00821096eb7dae28d50ec879c59a7d713bd47fe5257962f54346e373e,2026-08-04T12:07:23Z,2026-08-05T07:00:07Z,missing_forecast_encoded_as_zero
657e4b68-9e17-4102-a240-b2cf2f34ba27,82,2026-08-04T03:00:00+03:00,2026-08-04,2026-08-07T03:00:00+03:00,2026-08-07,72,0,,False,html_blank_xml_zero,,,2026-08-05T07:00:07Z,2026-08-05T10:00:07+03:00,abcb6bf00821096eb7dae28d50ec879c59a7d713bd47fe5257962f54346e373e,2026-08-04T12:07:23Z,2026-08-05T07:00:07Z,missing_forecast_encoded_as_zero
657e4b68-9e17-4102-a240-b2cf2f34ba27,82,2026-08-04T03:00:00+03:00,2026-08-04,2026-08-08T03:00:00+03:00,2026-08-08,96,0,,False,html_blank_xml_zero,,,2026-08-05T07:00:07Z,2026-08-05T10:00:07+03:00,abcb6bf00821096eb7dae28d50ec879c59a7d713bd47fe5257962f54346e373e,2026-08-04T12:07:23Z,2026-08-05T07:00:07Z,missing_forecast_encoded_as_zero
657e4b68-9e17-4102-a240-b2cf2f34ba27,82,2026-08-05T03:00:00+03:00,2026-08-05,2026-08-10T03:00:00+03:00,2026-08-10,120,0,,False,html_blank_xml_zero,,,2026-08-06T07:00:16Z,2026-08-06T10:00:16+03:00,bfcd82a0d6044a8dc294f035d0a23ed28b48f7b28eea74255458debe48923bac,2026-08-05T15:00:16Z,2026-08-06T07:00:16Z,missing_forecast_encoded_as_zero
657e4b68-9e17-4102-a240-b2cf2f34ba27,82,2026-08-05T03:00:00+03:00,2026-08-05,2026-08-06T03:00:00+03:00,2026-08-06,24,0,,False,html_blank_xml_zero,,,2026-08-06T07:00:16Z,2026-08-06T10:00:16+03:00,bfcd82a0d6044a8dc294f035d0a23ed28b48f7b28eea74255458debe48923bac,2026-08-05T15:00:16Z,2026-08-06T07:00:16Z,missing_forecast_encoded_as_zero
657e4b68-9e17-4102-a240-b2cf2f34ba27,82,2026-08-05T03:00:00+03:00,2026-08-05,2026-08-07T03:00:00+03:00,2026-08-07,48,0,,False,html_blank_xml_zero,,,2026-08-06T07:00:16Z,2026-08-06T10:00:16+03:00,bfcd82a0d6044a8dc294f035d0a23ed28b48f7b28eea74255458debe48923bac,2026-08-05T15:00:16Z,2026-08-06T07:00:16Z,missing_forecast_encoded_as_zero
657e4b68-9e17-4102-a240-b2cf2f34ba27,82,2026-08-05T03:00:00+03:00,2026-08-05,2026-08-08T03:00:00+03:00,2026-08-08,72,0,,False,html_blank_xml_zero,,,2026-08-06T07:00:16Z,2026-08-06T10:00:16+03:00,bfcd82a0d6044a8dc294f035d0a23ed28b48f7b28eea74255458debe48923bac,2026-08-05T15:00:16Z,2026-08-06T07:00:16Z,missing_forecast_encoded_as_zero
657e4b68-9e17-4102-a240-b2cf2f34ba27,82,2026-08-05T03:00:00+03:00,2026-08-05,2026-08-09T03:00:00+03:00,2026-08-09,96,0,,False,html_blank_xml_zero,,,2026-08-06T07:00:16Z,2026-08-06T10:00:16+03:00,bfcd82a0d6044a8dc294f035d0a23ed28b48f7b28eea74255458debe48923bac,2026-08-05T15:00:16Z,2026-08-06T07:00:16Z,missing_forecast_encoded_as_zero
657e4b68-9e17-4102-a240-b2cf2f34ba27,82,2026-08-06T03:00:00+03:00,2026-08-06,2026-08-11T03:00:00+03:00,2026-08-11,120,0,,False,html_blank_xml_zero,,,2026-08-07T07:00:17Z,2026-08-07T10:00:17+03:00,0775d3549b17e69e819c33fbfc2aedeb186e4c5e618965050882e238981c9bf8,2026-08-06T15:00:17Z,2026-08-07T07:00:17Z,missing_forecast_encoded_as_zero
657e4b68-9e17-4102-a240-b2cf2f34ba27,82,2026-08-06T03:00:00+03:00,2026-08-06,2026-08-07T03:00:00+03:00,2026-08-07,24,0,,False,html_blank_xml_zero,,,2026-08-07T07:00:17Z,2026-08-07T10:00:17+03:00,0775d3549b17e69e819c33fbfc2aedeb186e4c5e618965050882e238981c9bf8,2026-08-06T15:00:17Z,2026-08-07T07:00:17Z,missing_forecast_encoded_as_zero
657e4b68-9e17-4102-a240-b2cf2f34ba27,82,2026-08-06T03:00:00+03:00,2026-08-06,2026-08-08T03:00:00+03:00,2026-08-08,48,0,,False,html_blank_xml_zero,,,2026-08-07T07:00:17Z,2026-08-07T10:00:17+03:00,0775d3549b17e69e819c33fbfc2aedeb186e4c5e618965050882e238981c9bf8,2026-08-06T15:00:17Z,2026-08-07T07:00:17Z,missing_forecast_encoded_as_zero
657e4b68-9e17-4102-a240-b2cf2f34ba27,82,2026-08-06T03:00:00+03:00,2026-08-06,2026-08-09T03:00:00+03:00,2026-08-09,72,0,,False,html_blank_xml_zero,,,2026-08-07T07:00:17Z,2026-08-07T10:00:17+03:00,0775d3549b17e69e819c33fbfc2aedeb186e4c5e618965050882e238981c9bf8,2026-08-06T15:00:17Z,2026-08-07T07:00:17Z,missing_forecast_encoded_as_zero
657e4b68-9e17-4102-a240-b2cf2f34ba27,82,2026-08-06T03:00:00+03:00,2026-08-06,2026-08-10T03:00:00+03:00,2026-08-10,96,0,,False,html_blank_xml_zero,,,2026-08-07T07:00:17Z,2026-08-07T10:00:17+03:00,0775d3549b17e69e819c33fbfc2aedeb186e4c5e618965050882e238981c9bf8,2026-08-06T15:00:17Z,2026-08-07T07:00:17Z,missing_forecast_encoded_as_zero
733c61e2-3083-4766-9b49-9c51b6e6c7cc,84,2026-08-02T03:00:00+03:00,2026-08-02,2026-08-07T03:00:00+03:00,2026-08-07,120,16,16,True,xml_with_html_mismatch,13,False,2026-08-03T14:01:46Z,2026-08-03T17:01:46+03:00,97566a67732e96717bb84bc6d36e495df1e8414bf567c07616e6ca6a334486ac,2026-08-03T14:01:46Z,2026-08-03T14:01:46Z,xml_html_value_mismatch
733c61e2-3083-4766-9b49-9c51b6e6c7cc,84,2026-08-02T03:00:00+03:00,2026-08-02,2026-08-03T03:00:00+03:00,2026-08-03,24,22,22,True,xml_with_html_mismatch,21,False,2026-08-03T14:01:46Z,2026-08-03T17:01:46+03:00,97566a67732e96717bb84bc6d36e495df1e8414bf567c07616e6ca6a334486ac,2026-08-03T14:01:46Z,2026-08-03T14:01:46Z,xml_html_value_mismatch
733c61e2-3083-4766-9b49-9c51b6e6c7cc,84,2026-08-02T03:00:00+03:00,2026-08-02,2026-08-04T03:00:00+03:00,2026-08-04,48,21,21,True,xml_with_html_mismatch,20,False,2026-08-03T14:01:46Z,2026-08-03T17:01:46+03:00,97566a67732e96717bb84bc6d36e495df1e8414bf567c07616e6ca6a334486ac,2026-08-03T14:01:46Z,2026-08-03T14:01:46Z,xml_html_value_mismatch
733c61e2-3083-4766-9b49-9c51b6e6c7cc,84,2026-08-02T03:00:00+03:00,2026-08-02,2026-08-05T03:00:00+03:00,2026-08-05,72,20,20,True,xml_with_html_mismatch,18,False,2026-08-03T14:01:46Z,2026-08-03T17:01:46+03:00,97566a67732e96717bb84bc6d36e495df1e8414bf567c07616e6ca6a334486ac,2026-08-03T14:01:46Z,2026-08-03T14:01:46Z,xml_html_value_mismatch
733c61e2-3083-4766-9b49-9c51b6e6c7cc,84,2026-08-02T03:00:00+03:00,2026-08-02,2026-08-06T03:00:00+03:00,2026-08-06,96,18,18,True,xml_with_html_mismatch,15,False,2026-08-03T14:01:46Z,2026-08-03T17:01:46+03:00,97566a67732e96717bb84bc6d36e495df1e8414bf567c07616e6ca6a334486ac,2026-08-03T14:01:46Z,2026-08-03T14:01:46Z,xml_html_value_mismatch
733c61e2-3083-4766-9b49-9c51b6e6c7cc,84,2026-08-04T03:00:00+03:00,2026-08-04,2026-08-09T03:00:00+03:00,2026-08-09,120,18,18,True,xml_html_confirmed,18,True,2026-08-05T07:00:07Z,2026-08-05T10:00:07+03:00,a7c5b385f44d0d343d44c80ecdaf99dd392751d24aff19a6cd1a687130921a24,2026-08-04T12:07:23Z,2026-08-05T07:00:07Z,valid
733c61e2-3083-4766-9b49-9c51b6e6c7cc,84,2026-08-04T03:00:00+03:00,2026-08-04,2026-08-05T03:00:00+03:00,2026-08-05,24,26,26,True,xml_html_confirmed,26,True,2026-08-05T07:00:07Z,2026-08-05T10:00:07+03:00,a7c5b385f44d0d343d44c80ecdaf99dd392751d24aff19a6cd1a687130921a24,2026-08-04T12:07:23Z,2026-08-05T07:00:07Z,valid
733c61e2-3083-4766-9b49-9c51b6e6c7cc,84,2026-08-04T03:00:00+03:00,2026-08-04,2026-08-06T03:00:00+03:00,2026-08-06,48,24,24,True,xml_html_confirmed,24,True,2026-08-05T07:00:07Z,2026-08-05T10:00:07+03:00,a7c5b385f44d0d343d44c80ecdaf99dd392751d24aff19a6cd1a687130921a24,2026-08-04T12:07:23Z,2026-08-05T07:00:07Z,valid
733c61e2-3083-4766-9b49-9c51b6e6c7cc,84,2026-08-04T03:00:00+03:00,2026-08-04,2026-08-07T03:00:00+03:00,2026-08-07,72,22,22,True,xml_html_confirmed,22,True,2026-08-05T07:00:07Z,2026-08-05T10:00:07+03:00,a7c5b385f44d0d343d44c80ecdaf99dd392751d24aff19a6cd1a687130921a24,2026-08-04T12:07:23Z,2026-08-05T07:00:07Z,valid
733c61e2-3083-4766-9b49-9c51b6e6c7cc,84,2026-08-04T03:00:00+03:00,2026-08-04,2026-08-08T03:00:00+03:00,2026-08-08,96,20,20,True,xml_html_confirmed,20,True,2026-08-05T07:00:07Z,2026-08-05T10:00:07+03:00,a7c5b385f44d0d343d44c80ecdaf99dd392751d24aff19a6cd1a687130921a24,2026-08-04T12:07:23Z,2026-08-05T07:00:07Z,valid
733c61e2-3083-4766-9b49-9c51b6e6c7cc,84,2026-08-05T03:00:00+03:00,2026-08-05,2026-08-10T03:00:00+03:00,2026-08-10,120,19,19,True,xml_html_confirmed,19,True,2026-08-06T07:00:16Z,2026-08-06T10:00:16+03:00,356d54a443056a87a07ef790a264b40d23f4b24b4598c3351de922f0fb6bacd0,2026-08-05T15:00:16Z,2026-08-06T07:00:16Z,valid
733c61e2-3083-4766-9b49-9c51b6e6c7cc,84,2026-08-05T03:00:00+03:00,2026-08-05,2026-08-06T03:00:00+03:00,2026-08-06,24,24,24,True,xml_html_confirmed,24,True,2026-08-06T07:00:16Z,2026-08-06T10:00:16+03:00,356d54a443056a87a07ef790a264b40d23f4b24b4598c3351de922f0fb6bacd0,2026-08-05T15:00:16Z,2026-08-06T07:00:16Z,valid
733c61e2-3083-4766-9b49-9c51b6e6c7cc,84,2026-08-05T03:00:00+03:00,2026-08-05,2026-08-07T03:00:00+03:00,2026-08-07,48,23,23,True,xml_html_confirmed,23,True,2026-08-06T07:00:16Z,2026-08-06T10:00:16+03:00,356d54a443056a87a07ef790a264b40d23f4b24b4598c3351de922f0fb6bacd0,2026-08-05T15:00:16Z,2026-08-06T07:00:16Z,valid
733c61e2-3083-4766-9b49-9c51b6e6c7cc,84,2026-08-05T03:00:00+03:00,2026-08-05,2026-08-08T03:00:00+03:00,2026-08-08,72,22,22,True,xml_html_confirmed,22,True,2026-08-06T07:00:16Z,2026-08-06T10:00:16+03:00,356d54a443056a87a07ef790a264b40d23f4b24b4598c3351de922f0fb6bacd0,2026-08-05T15:00:16Z,2026-08-06T07:00:16Z,valid
733c61e2-3083-4766-9b49-9c51b6e6c7cc,84,2026-08-05T03:00:00+03:00,2026-08-05,2026-08-09T03:00:00+03:00,2026-08-09,96,21,21,True,xml_html_confirmed,21,True,2026-08-06T07:00:16Z,2026-08-06T10:00:16+03:00,356d54a443056a87a07ef790a264b40d23f4b24b4598c3351de922f0fb6bacd0,2026-08-05T15:00:16Z,2026-08-06T07:00:16Z,valid
733c61e2-3083-4766-9b49-9c51b6e6c7cc,84,2026-08-06T03:00:00+03:00,2026-08-06,2026-08-11T03:00:00+03:00,2026-08-11,120,17,17,True,xml_html_confirmed,17,True,2026-08-07T07:00:17Z,2026-08-07T10:00:17+03:00,0804b02a60a2be326a49376061f667db019fa0af96a1a61f9debb5c0546e555f,2026-08-06T15:00:17Z,2026-08-07T07:00:17Z,valid
733c61e2-3083-4766-9b49-9c51b6e6c7cc,84,2026-08-06T03:00:00+03:00,2026-08-06,2026-08-07T03:00:00+03:00,2026-08-07,24,23,23,True,xml_html_confirmed,23,True,2026-08-07T07:00:17Z,2026-08-07T10:00:17+03:00,0804b02a60a2be326a49376061f667db019fa0af96a1a61f9debb5c0546e555f,2026-08-06T15:00:17Z,2026-08-07T07:00:17Z,valid
733c61e2-3083-4766-9b49-9c51b6e6c7cc,84,2026-08-06T03:00:00+03:00,2026-08-06,2026-08-08T03:00:00+03:00,2026-08-08,48,22,22,True,xml_html_confirmed,22,True,2026-08-07T07:00:17Z,2026-08-07T10:00:17+03:00,0804b02a60a2be326a49376061f667db019fa0af96a1a61f9debb5c0546e555f,2026-08-06T15:00:17Z,2026-08-07T07:00:17Z,valid
733c61e2-3083-4766-9b49-9c51b6e6c7cc,84,2026-08-06T03:00:00+03:00,2026-08-06,2026-08-09T03:00:00+03:00,2026-08-09,72,20,20,True,xml_html_confirmed,20,True,2026-08-07T07:00:17Z,2026-08-07T10:00:17+03:00,0804b02a60a2be326a49376061f667db019fa0af96a1a61f9debb5c0546e555f,2026-08-06T15:00:17Z,2026-08-07T07:00:17Z,valid
733c61e2-3083-4766-9b49-9c51b6e6c7cc,84,2026-08-06T03:00:00+03:00,2026-08-06,2026-08-10T03:00:00+03:00,2026-08-10,96,19,19,True,xml_html_confirmed,19,True,2026-08-07T07:00:17Z,2026-08-07T10:00:17+03:00,0804b02a60a2be326a49376061f667db019fa0af96a1a61f9debb5c0546e555f,2026-08-06T15:00:17Z,2026-08-07T07:00:17Z,valid
841d8091-d02e-4c06-8391-7f5aa233b244,102,2026-08-02T03:00:00+03:00,2026-08-02,2026-08-07T03:00:00+03:00,2026-08-07,120,0,,False,html_blank_xml_zero,,,2026-08-03T14:01:46Z,2026-08-03T17:01:46+03:00,935749b2e12a4e2ca824d9add24f5e6842e3ea60b427e5f6e3aaae42234749e7,2026-08-03T14:01:46Z,2026-08-03T14:01:46Z,missing_forecast_encoded_as_zero
841d8091-d02e-4c06-8391-7f5aa233b244,102,2026-08-02T03:00:00+03:00,2026-08-02,2026-08-03T03:00:00+03:00,2026-08-03,24,0,,False,html_blank_xml_zero,,,2026-08-03T14:01:46Z,2026-08-03T17:01:46+03:00,935749b2e12a4e2ca824d9add24f5e6842e3ea60b427e5f6e3aaae42234749e7,2026-08-03T14:01:46Z,2026-08-03T14:01:46Z,missing_forecast_encoded_as_zero
841d8091-d02e-4c06-8391-7f5aa233b244,102,2026-08-02T03:00:00+03:00,2026-08-02,2026-08-04T03:00:00+03:00,2026-08-04,48,0,,False,html_blank_xml_zero,,,2026-08-03T14:01:46Z,2026-08-03T17:01:46+03:00,935749b2e12a4e2ca824d9add24f5e6842e3ea60b427e5f6e3aaae42234749e7,2026-08-03T14:01:46Z,2026-08-03T14:01:46Z,missing_forecast_encoded_as_zero
841d8091-d02e-4c06-8391-7f5aa233b244,102,2026-08-02T03:00:00+03:00,2026-08-02,2026-08-05T03:00:00+03:00,2026-08-05,72,0,,False,html_blank_xml_zero,,,2026-08-03T14:01:46Z,2026-08-03T17:01:46+03:00,935749b2e12a4e2ca824d9add24f5e6842e3ea60b427e5f6e3aaae42234749e7,2026-08-03T14:01:46Z,2026-08-03T14:01:46Z,missing_forecast_encoded_as_zero
841d8091-d02e-4c06-8391-7f5aa233b244,102,2026-08-02T03:00:00+03:00,2026-08-02,2026-08-06T03:00:00+03:00,2026-08-06,96,0,,False,html_blank_xml_zero,,,2026-08-03T14:01:46Z,2026-08-03T17:01:46+03:00,935749b2e12a4e2ca824d9add24f5e6842e3ea60b427e5f6e3aaae42234749e7,2026-08-03T14:01:46Z,2026-08-03T14:01:46Z,missing_forecast_encoded_as_zero
841d8091-d02e-4c06-8391-7f5aa233b244,102,2026-08-04T03:00:00+03:00,2026-08-04,2026-08-09T03:00:00+03:00,2026-08-09,120,0,,False,html_blank_xml_zero,,,2026-08-05T07:00:07Z,2026-08-05T10:00:07+03:00,160fb48629c8d8387052a74edf9af67f396ab046de664b6b2272de7b07c8de80,2026-08-04T12:07:23Z,2026-08-05T07:00:07Z,missing_forecast_encoded_as_zero
841d8091-d02e-4c06-8391-7f5aa233b244,102,2026-08-04T03:00:00+03:00,2026-08-04,2026-08-05T03:00:00+03:00,2026-08-05,24,0,,False,html_blank_xml_zero,,,2026-08-05T07:00:07Z,2026-08-05T10:00:07+03:00,160fb48629c8d8387052a74edf9af67f396ab046de664b6b2272de7b07c8de80,2026-08-04T12:07:23Z,2026-08-05T07:00:07Z,missing_forecast_encoded_as_zero
841d8091-d02e-4c06-8391-7f5aa233b244,102,2026-08-04T03:00:00+03:00,2026-08-04,2026-08-06T03:00:00+03:00,2026-08-06,48,0,,False,html_blank_xml_zero,,,2026-08-05T07:00:07Z,2026-08-05T10:00:07+03:00,160fb48629c8d8387052a74edf9af67f396ab046de664b6b2272de7b07c8de80,2026-08-04T12:07:23Z,2026-08-05T07:00:07Z,missing_forecast_encoded_as_zero
841d8091-d02e-4c06-8391-7f5aa233b244,102,2026-08-04T03:00:00+03:00,2026-08-04,2026-08-07T03:00:00+03:00,2026-08-07,72,0,,False,html_blank_xml_zero,,,2026-08-05T07:00:07Z,2026-08-05T10:00:07+03:00,160fb48629c8d8387052a74edf9af67f396ab046de664b6b2272de7b07c8de80,2026-08-04T12:07:23Z,2026-08-05T07:00:07Z,missing_forecast_encoded_as_zero
841d8091-d02e-4c06-8391-7f5aa233b244,102,2026-08-04T03:00:00+03:00,2026-08-04,2026-08-08T03:00:00+03:00,2026-08-08,96,0,,False,html_blank_xml_zero,,,2026-08-05T07:00:07Z,2026-08-05T10:00:07+03:00,160fb48629c8d8387052a74edf9af67f396ab046de664b6b2272de7b07c8de80,2026-08-04T12:07:23Z,2026-08-05T07:00:07Z,missing_forecast_encoded_as_zero
841d8091-d02e-4c06-8391-7f5aa233b244,102,2026-08-05T03:00:00+03:00,2026-08-05,2026-08-10T03:00:00+03:00,2026-08-10,120,0,,False,html_blank_xml_zero,,,2026-08-06T07:00:16Z,2026-08-06T10:00:16+03:00,30b4c513135b4ae1b107e9f2fb7b22ad4f748e7dac272d4b8d2176e46fe6cdc3,2026-08-05T15:00:16Z,2026-08-06T07:00:16Z,missing_forecast_encoded_as_zero
841d8091-d02e-4c06-8391-7f5aa233b244,102,2026-08-05T03:00:00+03:00,2026-08-05,2026-08-06T03:00:00+03:00,2026-08-06,24,0,,False,html_blank_xml_zero,,,2026-08-06T07:00:16Z,2026-08-06T10:00:16+03:00,30b4c513135b4ae1b107e9f2fb7b22ad4f748e7dac272d4b8d2176e46fe6cdc3,2026-08-05T15:00:16Z,2026-08-06T07:00:16Z,missing_forecast_encoded_as_zero
841d8091-d02e-4c06-8391-7f5aa233b244,102,2026-08-05T03:00:00+03:00,2026-08-05,2026-08-07T03:00:00+03:00,2026-08-07,48,0,,False,html_blank_xml_zero,,,2026-08-06T07:00:16Z,2026-08-06T10:00:16+03:00,30b4c513135b4ae1b107e9f2fb7b22ad4f748e7dac272d4b8d2176e46fe6cdc3,2026-08-05T15:00:16Z,2026-08-06T07:00:16Z,missing_forecast_encoded_as_zero
841d8091-d02e-4c06-8391-7f5aa233b244,102,2026-08-05T03:00:00+03:00,2026-08-05,2026-08-08T03:00:00+03:00,2026-08-08,72,0,,False,html_blank_xml_zero,,,2026-08-06T07:00:16Z,2026-08-06T10:00:16+03:00,30b4c513135b4ae1b107e9f2fb7b22ad4f748e7dac272d4b8d2176e46fe6cdc3,2026-08-05T15:00:16Z,2026-08-06T07:00:16Z,missing_forecast_encoded_as_zero
841d8091-d02e-4c06-8391-7f5aa233b244,102,2026-08-05T03:00:00+03:00,2026-08-05,2026-08-09T03:00:00+03:00,2026-08-09,96,0,,False,html_blank_xml_zero,,,2026-08-06T07:00:16Z,2026-08-06T10:00:16+03:00,30b4c513135b4ae1b107e9f2fb7b22ad4f748e7dac272d4b8d2176e46fe6cdc3,2026-08-05T15:00:16Z,2026-08-06T07:00:16Z,missing_forecast_encoded_as_zero
841d8091-d02e-4c06-8391-7f5aa233b244,102,2026-08-06T03:00:00+03:00,2026-08-06,2026-08-11T03:00:00+03:00,2026-08-11,120,0,,False,html_blank_xml_zero,,,2026-08-07T07:00:17Z,2026-08-07T10:00:17+03:00,3d85f33924001ba999b55c526abcc0b61f3b9f591a8263e8e4c0f810645c5b68,2026-08-06T15:00:17Z,2026-08-07T07:00:17Z,missing_forecast_encoded_as_zero
841d8091-d02e-4c06-8391-7f5aa233b244,102,2026-08-06T03:00:00+03:00,2026-08-06,2026-08-07T03:00:00+03:00,2026-08-07,24,0,,False,html_blank_xml_zero,,,2026-08-07T07:00:17Z,2026-08-07T10:00:17+03:00,3d85f33924001ba999b55c526abcc0b61f3b9f591a8263e8e4c0f810645c5b68,2026-08-06T15:00:17Z,2026-08-07T07:00:17Z,missing_forecast_encoded_as_zero
841d8091-d02e-4c06-8391-7f5aa233b244,102,2026-08-06T03:00:00+03:00,2026-08-06,2026-08-08T03:00:00+03:00,2026-08-08,48,0,,False,html_blank_xml_zero,,,2026-08-07T07:00:17Z,2026-08-07T10:00:17+03:00,3d85f33924001ba999b55c526abcc0b61f3b9f591a8263e8e4c0f810645c5b68,2026-08-06T15:00:17Z,2026-08-07T07:00:17Z,missing_forecast_encoded_as_zero
841d8091-d02e-4c06-8391-7f5aa233b244,102,2026-08-06T03:00:00+03:00,2026-08-06,2026-08-09T03:00:00+03:00,2026-08-09,72,0,,False,html_blank_xml_zero,,,2026-08-07T07:00:17Z,2026-08-07T10:00:17+03:00,3d85f33924001ba999b55c526abcc0b61f3b9f591a8263e8e4c0f810645c5b68,2026-08-06T15:00:17Z,2026-08-07T07:00:17Z,missing_forecast_encoded_as_zero
841d8091-d02e-4c06-8391-7f5aa233b244,102,2026-08-06T03:00:00+03:00,2026-08-06,2026-08-10T03:00:00+03:00,2026-08-10,96,0,,False,html_blank_xml_zero,,,2026-08-07T07:00:17Z,2026-08-07T10:00:17+03:00,3d85f33924001ba999b55c526abcc0b61f3b9f591a8263e8e4c0f810645c5b68,2026-08-06T15:00:17Z,2026-08-07T07:00:17Z,missing_forecast_encoded_as_zero
89bd48d0-b491-4706-986d-d67ffc282f4e,96,2026-08-02T03:00:00+03:00,2026-08-02,2026-08-07T03:00:00+03:00,2026-08-07,120,0,,False,html_blank_xml_zero,,,2026-08-03T14:01:46Z,2026-08-03T17:01:46+03:00,bb10cdca38de549c05d70734f0e411d6dc274acf4dc854ee36d7afc66e537a29,2026-08-03T14:01:46Z,2026-08-03T14:01:46Z,missing_forecast_encoded_as_zero
89bd48d0-b491-4706-986d-d67ffc282f4e,96,2026-08-02T03:00:00+03:00,2026-08-02,2026-08-03T03:00:00+03:00,2026-08-03,24,0,,False,html_blank_xml_zero,,,2026-08-03T14:01:46Z,2026-08-03T17:01:46+03:00,bb10cdca38de549c05d70734f0e411d6dc274acf4dc854ee36d7afc66e537a29,2026-08-03T14:01:46Z,2026-08-03T14:01:46Z,missing_forecast_encoded_as_zero
89bd48d0-b491-4706-986d-d67ffc282f4e,96,2026-08-02T03:00:00+03:00,2026-08-02,2026-08-04T03:00:00+03:00,2026-08-04,48,0,,False,html_blank_xml_zero,,,2026-08-03T14:01:46Z,2026-08-03T17:01:46+03:00,bb10cdca38de549c05d70734f0e411d6dc274acf4dc854ee36d7afc66e537a29,2026-08-03T14:01:46Z,2026-08-03T14:01:46Z,missing_forecast_encoded_as_zero
89bd48d0-b491-4706-986d-d67ffc282f4e,96,2026-08-02T03:00:00+03:00,2026-08-02,2026-08-05T03:00:00+03:00,2026-08-05,72,0,,False,html_blank_xml_zero,,,2026-08-03T14:01:46Z,2026-08-03T17:01:46+03:00,bb10cdca38de549c05d70734f0e411d6dc274acf4dc854ee36d7afc66e537a29,2026-08-03T14:01:46Z,2026-08-03T14:01:46Z,missing_forecast_encoded_as_zero
89bd48d0-b491-4706-986d-d67ffc282f4e,96,2026-08-02T03:00:00+03:00,2026-08-02,2026-08-06T03:00:00+03:00,2026-08-06,96,0,,False,html_blank_xml_zero,,,2026-08-03T14:01:46Z,2026-08-03T17:01:46+03:00,bb10cdca38de549c05d70734f0e411d6dc274acf4dc854ee36d7afc66e537a29,2026-08-03T14:01:46Z,2026-08-03T14:01:46Z,missing_forecast_encoded_as_zero
89bd48d0-b491-4706-986d-d67ffc282f4e,96,2026-08-04T03:00:00+03:00,2026-08-04,2026-08-09T03:00:00+03:00,2026-08-09,120,0,,False,html_blank_xml_zero,,,2026-08-05T07:00:07Z,2026-08-05T10:00:07+03:00,b9e58790b90f8aa1f3b95d570e429a3cb7ca8d39538710302a3e50cae3d359fd,2026-08-04T12:07:23Z,2026-08-05T07:00:07Z,missing_forecast_encoded_as_zero
89bd48d0-b491-4706-986d-d67ffc282f4e,96,2026-08-04T03:00:00+03:00,2026-08-04,2026-08-05T03:00:00+03:00,2026-08-05,24,0,,False,html_blank_xml_zero,,,2026-08-05T07:00:07Z,2026-08-05T10:00:07+03:00,b9e58790b90f8aa1f3b95d570e429a3cb7ca8d39538710302a3e50cae3d359fd,2026-08-04T12:07:23Z,2026-08-05T07:00:07Z,missing_forecast_encoded_as_zero
89bd48d0-b491-4706-986d-d67ffc282f4e,96,2026-08-04T03:00:00+03:00,2026-08-04,2026-08-06T03:00:00+03:00,2026-08-06,48,0,,False,html_blank_xml_zero,,,2026-08-05T07:00:07Z,2026-08-05T10:00:07+03:00,b9e58790b90f8aa1f3b95d570e429a3cb7ca8d39538710302a3e50cae3d359fd,2026-08-04T12:07:23Z,2026-08-05T07:00:07Z,missing_forecast_encoded_as_zero
89bd48d0-b491-4706-986d-d67ffc282f4e,96,2026-08-04T03:00:00+03:00,2026-08-04,2026-08-07T03:00:00+03:00,2026-08-07,72,0,,False,html_blank_xml_zero,,,2026-08-05T07:00:07Z,2026-08-05T10:00:07+03:00,b9e58790b90f8aa1f3b95d570e429a3cb7ca8d39538710302a3e50cae3d359fd,2026-08-04T12:07:23Z,2026-08-05T07:00:07Z,missing_forecast_encoded_as_zero
89bd48d0-b491-4706-986d-d67ffc282f4e,96,2026-08-04T03:00:00+03:00,2026-08-04,2026-08-08T03:00:00+03:00,2026-08-08,96,0,,False,html_blank_xml_zero,,,2026-08-05T07:00:07Z,2026-08-05T10:00:07+03:00,b9e58790b90f8aa1f3b95d570e429a3cb7ca8d39538710302a3e50cae3d359fd,2026-08-04T12:07:23Z,2026-08-05T07:00:07Z,missing_forecast_encoded_as_zero
89bd48d0-b491-4706-986d-d67ffc282f4e,96,2026-08-05T03:00:00+03:00,2026-08-05,2026-08-10T03:00:00+03:00,2026-08-10,120,0,,False,html_blank_xml_zero,,,2026-08-06T07:00:16Z,2026-08-06T10:00:16+03:00,e85b44644dbdda60cbc5739aa67242a4d7213e107afb41bad25887336525fd49,2026-08-05T15:00:16Z,2026-08-06T07:00:16Z,missing_forecast_encoded_as_zero
89bd48d0-b491-4706-986d-d67ffc282f4e,96,2026-08-05T03:00:00+03:00,2026-08-05,2026-08-06T03:00:00+03:00,2026-08-06,24,0,,False,html_blank_xml_zero,,,2026-08-06T07:00:16Z,2026-08-06T10:00:16+03:00,e85b44644dbdda60cbc5739aa67242a4d7213e107afb41bad25887336525fd49,2026-08-05T15:00:16Z,2026-08-06T07:00:16Z,missing_forecast_encoded_as_zero
89bd48d0-b491-4706-986d-d67ffc282f4e,96,2026-08-05T03:00:00+03:00,2026-08-05,2026-08-07T03:00:00+03:00,2026-08-07,48,0,,False,html_blank_xml_zero,,,2026-08-06T07:00:16Z,2026-08-06T10:00:16+03:00,e85b44644dbdda60cbc5739aa67242a4d7213e107afb41bad25887336525fd49,2026-08-05T15:00:16Z,2026-08-06T07:00:16Z,missing_forecast_encoded_as_zero
89bd48d0-b491-4706-986d-d67ffc282f4e,96,2026-08-05T03:00:00+03:00,2026-08-05,2026-08-08T03:00:00+03:00,2026-08-08,72,0,,False,html_blank_xml_zero,,,2026-08-06T07:00:16Z,2026-08-06T10:00:16+03:00,e85b44644dbdda60cbc5739aa67242a4d7213e107afb41bad25887336525fd49,2026-08-05T15:00:16Z,2026-08-06T07:00:16Z,missing_forecast_encoded_as_zero
89bd48d0-b491-4706-986d-d67ffc282f4e,96,2026-08-05T03:00:00+03:00,2026-08-05,2026-08-09T03:00:00+03:00,2026-08-09,96,0,,False,html_blank_xml_zero,,,2026-08-06T07:00:16Z,2026-08-06T10:00:16+03:00,e85b44644dbdda60cbc5739aa67242a4d7213e107afb41bad25887336525fd49,2026-08-05T15:00:16Z,2026-08-06T07:00:16Z,missing_forecast_encoded_as_zero
89bd48d0-b491-4706-986d-d67ffc282f4e,96,2026-08-06T03:00:00+03:00,2026-08-06,2026-08-11T03:00:00+03:00,2026-08-11,120,0,,False,html_blank_xml_zero,,,2026-08-07T07:00:17Z,2026-08-07T10:00:17+03:00,093af2d2c7bfe722af9bef7c12b8eb0ea7161489802d8fbebc7672fbd95ed89f,2026-08-06T15:00:17Z,2026-08-07T07:00:17Z,missing_forecast_encoded_as_zero
89bd48d0-b491-4706-986d-d67ffc282f4e,96,2026-08-06T03:00:00+03:00,2026-08-06,2026-08-07T03:00:00+03:00,2026-08-07,24,0,,False,html_blank_xml_zero,,,2026-08-07T07:00:17Z,2026-08-07T10:00:17+03:00,093af2d2c7bfe722af9bef7c12b8eb0ea7161489802d8fbebc7672fbd95ed89f,2026-08-06T15:00:17Z,2026-08-07T07:00:17Z,missing_forecast_encoded_as_zero
89bd48d0-b491-4706-986d-d67ffc282f4e,96,2026-08-06T03:00:00+03:00,2026-08-06,2026-08-08T03:00:00+03:00,2026-08-08,48,0,,False,html_blank_xml_zero,,,2026-08-07T07:00:17Z,2026-08-07T10:00:17+03:00,093af2d2c7bfe722af9bef7c12b8eb0ea7161489802d8fbebc7672fbd95ed89f,2026-08-06T15:00:17Z,2026-08-07T07:00:17Z,missing_forecast_encoded_as_zero
89bd48d0-b491-4706-986d-d67ffc282f4e,96,2026-08-06T03:00:00+03:00,2026-08-06,2026-08-09T03:00:00+03:00,2026-08-09,72,0,,False,html_blank_xml_zero,,,2026-08-07T07:00:17Z,2026-08-07T10:00:17+03:00,093af2d2c7bfe722af9bef7c12b8eb0ea7161489802d8fbebc7672fbd95ed89f,2026-08-06T15:00:17Z,2026-08-07T07:00:17Z,missing_forecast_encoded_as_zero
89bd48d0-b491-4706-986d-d67ffc282f4e,96,2026-08-06T03:00:00+03:00,2026-08-06,2026-08-10T03:00:00+03:00,2026-08-10,96,0,,False,html_blank_xml_zero,,,2026-08-07T07:00:17Z,2026-08-07T10:00:17+03:00,093af2d2c7bfe722af9bef7c12b8eb0ea7161489802d8fbebc7672fbd95ed89f,2026-08-06T15:00:17Z,2026-08-07T07:00:17Z,missing_forecast_encoded_as_zero
a4976c0d-d21d-4bda-b6bc-c19c0edc6123,97,2026-08-02T03:00:00+03:00,2026-08-02,2026-08-07T03:00:00+03:00,2026-08-07,120,-172,-172,True,xml_with_html_mismatch,-174,False,2026-08-03T14:01:46Z,2026-08-03T17:01:46+03:00,43730cddecfb117101bb51a8f61fa02aa436e3881abba95fd0b5bde8aa015f5d,2026-08-03T14:01:46Z,2026-08-03T14:01:46Z,xml_html_value_mismatch
a4976c0d-d21d-4bda-b6bc-c19c0edc6123,97,2026-08-02T03:00:00+03:00,2026-08-02,2026-08-03T03:00:00+03:00,2026-08-03,24,-160,-160,True,xml_with_html_mismatch,-164,False,2026-08-03T14:01:46Z,2026-08-03T17:01:46+03:00,43730cddecfb117101bb51a8f61fa02aa436e3881abba95fd0b5bde8aa015f5d,2026-08-03T14:01:46Z,2026-08-03T14:01:46Z,xml_html_value_mismatch
a4976c0d-d21d-4bda-b6bc-c19c0edc6123,97,2026-08-02T03:00:00+03:00,2026-08-02,2026-08-04T03:00:00+03:00,2026-08-04,48,-164,-164,True,xml_with_html_mismatch,-167,False,2026-08-03T14:01:46Z,2026-08-03T17:01:46+03:00,43730cddecfb117101bb51a8f61fa02aa436e3881abba95fd0b5bde8aa015f5d,2026-08-03T14:01:46Z,2026-08-03T14:01:46Z,xml_html_value_mismatch
a4976c0d-d21d-4bda-b6bc-c19c0edc6123,97,2026-08-02T03:00:00+03:00,2026-08-02,2026-08-05T03:00:00+03:00,2026-08-05,72,-167,-167,True,xml_with_html_mismatch,-169,False,2026-08-03T14:01:46Z,2026-08-03T17:01:46+03:00,43730cddecfb117101bb51a8f61fa02aa436e3881abba95fd0b5bde8aa015f5d,2026-08-03T14:01:46Z,2026-08-03T14:01:46Z,xml_html_value_mismatch
a4976c0d-d21d-4bda-b6bc-c19c0edc6123,97,2026-08-02T03:00:00+03:00,2026-08-02,2026-08-06T03:00:00+03:00,2026-08-06,96,-170,-170,True,xml_with_html_mismatch,-172,False,2026-08-03T14:01:46Z,2026-08-03T17:01:46+03:00,43730cddecfb117101bb51a8f61fa02aa436e3881abba95fd0b5bde8aa015f5d,2026-08-03T14:01:46Z,2026-08-03T14:01:46Z,xml_html_value_mismatch
a4976c0d-d21d-4bda-b6bc-c19c0edc6123,97,2026-08-04T03:00:00+03:00,2026-08-04,2026-08-09T03:00:00+03:00,2026-08-09,120,-174,-174,True,xml_html_confirmed,-174,True,2026-08-05T07:00:07Z,2026-08-05T10:00:07+03:00,d5c2d00647584ef78bc813f9a71467c6ea8286548e30a45b253f82397831543c,2026-08-04T12:07:23Z,2026-08-05T07:00:07Z,valid
a4976c0d-d21d-4bda-b6bc-c19c0edc6123,97,2026-08-04T03:00:00+03:00,2026-08-04,2026-08-05T03:00:00+03:00,2026-08-05,24,-168,-168,True,xml_html_confirmed,-168,True,2026-08-05T07:00:07Z,2026-08-05T10:00:07+03:00,d5c2d00647584ef78bc813f9a71467c6ea8286548e30a45b253f82397831543c,2026-08-04T12:07:23Z,2026-08-05T07:00:07Z,valid
a4976c0d-d21d-4bda-b6bc-c19c0edc6123,97,2026-08-04T03:00:00+03:00,2026-08-04,2026-08-06T03:00:00+03:00,2026-08-06,48,-170,-170,True,xml_html_confirmed,-170,True,2026-08-05T07:00:07Z,2026-08-05T10:00:07+03:00,d5c2d00647584ef78bc813f9a71467c6ea8286548e30a45b253f82397831543c,2026-08-04T12:07:23Z,2026-08-05T07:00:07Z,valid
a4976c0d-d21d-4bda-b6bc-c19c0edc6123,97,2026-08-04T03:00:00+03:00,2026-08-04,2026-08-07T03:00:00+03:00,2026-08-07,72,-171,-171,True,xml_html_confirmed,-171,True,2026-08-05T07:00:07Z,2026-08-05T10:00:07+03:00,d5c2d00647584ef78bc813f9a71467c6ea8286548e30a45b253f82397831543c,2026-08-04T12:07:23Z,2026-08-05T07:00:07Z,valid
a4976c0d-d21d-4bda-b6bc-c19c0edc6123,97,2026-08-04T03:00:00+03:00,2026-08-04,2026-08-08T03:00:00+03:00,2026-08-08,96,-172,-172,True,xml_html_confirmed,-172,True,2026-08-05T07:00:07Z,2026-08-05T10:00:07+03:00,d5c2d00647584ef78bc813f9a71467c6ea8286548e30a45b253f82397831543c,2026-08-04T12:07:23Z,2026-08-05T07:00:07Z,valid
a4976c0d-d21d-4bda-b6bc-c19c0edc6123,97,2026-08-05T03:00:00+03:00,2026-08-05,2026-08-10T03:00:00+03:00,2026-08-10,120,-173,-173,True,xml_html_confirmed,-173,True,2026-08-06T07:00:16Z,2026-08-06T10:00:16+03:00,79230154454d1c1541041b9515cbb3b4712e107c5dc81ceb489ba8d3196b6d13,2026-08-05T15:00:16Z,2026-08-06T07:00:16Z,valid
a4976c0d-d21d-4bda-b6bc-c19c0edc6123,97,2026-08-05T03:00:00+03:00,2026-08-05,2026-08-06T03:00:00+03:00,2026-08-06,24,-170,-170,True,xml_html_confirmed,-170,True,2026-08-06T07:00:16Z,2026-08-06T10:00:16+03:00,79230154454d1c1541041b9515cbb3b4712e107c5dc81ceb489ba8d3196b6d13,2026-08-05T15:00:16Z,2026-08-06T07:00:16Z,valid
a4976c0d-d21d-4bda-b6bc-c19c0edc6123,97,2026-08-05T03:00:00+03:00,2026-08-05,2026-08-07T03:00:00+03:00,2026-08-07,48,-171,-171,True,xml_html_confirmed,-171,True,2026-08-06T07:00:16Z,2026-08-06T10:00:16+03:00,79230154454d1c1541041b9515cbb3b4712e107c5dc81ceb489ba8d3196b6d13,2026-08-05T15:00:16Z,2026-08-06T07:00:16Z,valid
a4976c0d-d21d-4bda-b6bc-c19c0edc6123,97,2026-08-05T03:00:00+03:00,2026-08-05,2026-08-08T03:00:00+03:00,2026-08-08,72,-172,-172,True,xml_html_confirmed,-172,True,2026-08-06T07:00:16Z,2026-08-06T10:00:16+03:00,79230154454d1c1541041b9515cbb3b4712e107c5dc81ceb489ba8d3196b6d13,2026-08-05T15:00:16Z,2026-08-06T07:00:16Z,valid
a4976c0d-d21d-4bda-b6bc-c19c0edc6123,97,2026-08-05T03:00:00+03:00,2026-08-05,2026-08-09T03:00:00+03:00,2026-08-09,96,-173,-173,True,xml_html_confirmed,-173,True,2026-08-06T07:00:16Z,2026-08-06T10:00:16+03:00,79230154454d1c1541041b9515cbb3b4712e107c5dc81ceb489ba8d3196b6d13,2026-08-05T15:00:16Z,2026-08-06T07:00:16Z,valid
a4976c0d-d21d-4bda-b6bc-c19c0edc6123,97,2026-08-06T03:00:00+03:00,2026-08-06,2026-08-11T03:00:00+03:00,2026-08-11,120,-174,-174,True,xml_html_confirmed,-174,True,2026-08-07T07:00:17Z,2026-08-07T10:00:17+03:00,1ba5862b661122c08d8fef6451759dbda31b76d097bcbca5c9e0146b2ad6ce62,2026-08-06T15:00:17Z,2026-08-07T07:00:17Z,valid
a4976c0d-d21d-4bda-b6bc-c19c0edc6123,97,2026-08-06T03:00:00+03:00,2026-08-06,2026-08-07T03:00:00+03:00,2026-08-07,24,-171,-171,True,xml_html_confirmed,-171,True,2026-08-07T07:00:17Z,2026-08-07T10:00:17+03:00,1ba5862b661122c08d8fef6451759dbda31b76d097bcbca5c9e0146b2ad6ce62,2026-08-06T15:00:17Z,2026-08-07T07:00:17Z,valid
a4976c0d-d21d-4bda-b6bc-c19c0edc6123,97,2026-08-06T03:00:00+03:00,2026-08-06,2026-08-08T03:00:00+03:00,2026-08-08,48,-172,-172,True,xml_html_confirmed,-172,True,2026-08-07T07:00:17Z,2026-08-07T10:00:17+03:00,1ba5862b661122c08d8fef6451759dbda31b76d097bcbca5c9e0146b2ad6ce62,2026-08-06T15:00:17Z,2026-08-07T07:00:17Z,valid
a4976c0d-d21d-4bda-b6bc-c19c0edc6123,97,2026-08-06T03:00:00+03:00,2026-08-06,2026-08-09T03:00:00+03:00,2026-08-09,72,-173,-173,True,xml_html_confirmed,-173,True,2026-08-07T07:00:17Z,2026-08-07T10:00:17+03:00,1ba5862b661122c08d8fef6451759dbda31b76d097bcbca5c9e0146b2ad6ce62,2026-08-06T15:00:17Z,2026-08-07T07:00:17Z,valid
a4976c0d-d21d-4bda-b6bc-c19c0edc6123,97,2026-08-06T03:00:00+03:00,2026-08-06,2026-08-10T03:00:00+03:00,2026-08-10,96,-173,-173,True,xml_html_confirmed,-173,True,2026-08-07T07:00:17Z,2026-08-07T10:00:17+03:00,1ba5862b661122c08d8fef6451759dbda31b76d097bcbca5c9e0146b2ad6ce62,2026-08-06T15:00:17Z,2026-08-07T07:00:17Z,valid
b5ab6a64-d495-4137-b6a3-4c98d96836c9,94,2026-08-02T03:00:00+03:00,2026-08-02,2026-08-07T03:00:00+03:00,2026-08-07,120,-142,-142,True,xml_with_html_mismatch,-143,False,2026-08-03T14:01:46Z,2026-08-03T17:01:46+03:00,2d43a4aca6c569498edd86baf2c201a944a09e1d20a74c8d730277f903015b00,2026-08-03T14:01:46Z,2026-08-03T14:01:46Z,xml_html_value_mismatch
b5ab6a64-d495-4137-b6a3-4c98d96836c9,94,2026-08-02T03:00:00+03:00,2026-08-02,2026-08-03T03:00:00+03:00,2026-08-03,24,-129,-129,True,xml_with_html_mismatch,-131,False,2026-08-03T14:01:46Z,2026-08-03T17:01:46+03:00,2d43a4aca6c569498edd86baf2c201a944a09e1d20a74c8d730277f903015b00,2026-08-03T14:01:46Z,2026-08-03T14:01:46Z,xml_html_value_mismatch
b5ab6a64-d495-4137-b6a3-4c98d96836c9,94,2026-08-02T03:00:00+03:00,2026-08-02,2026-08-04T03:00:00+03:00,2026-08-04,48,-133,-133,True,xml_with_html_mismatch,-135,False,2026-08-03T14:01:46Z,2026-08-03T17:01:46+03:00,2d43a4aca6c569498edd86baf2c201a944a09e1d20a74c8d730277f903015b00,2026-08-03T14:01:46Z,2026-08-03T14:01:46Z,xml_html_value_mismatch
b5ab6a64-d495-4137-b6a3-4c98d96836c9,94,2026-08-02T03:00:00+03:00,2026-08-02,2026-08-05T03:00:00+03:00,2026-08-05,72,-136,-136,True,xml_with_html_mismatch,-138,False,2026-08-03T14:01:46Z,2026-08-03T17:01:46+03:00,2d43a4aca6c569498edd86baf2c201a944a09e1d20a74c8d730277f903015b00,2026-08-03T14:01:46Z,2026-08-03T14:01:46Z,xml_html_value_mismatch
b5ab6a64-d495-4137-b6a3-4c98d96836c9,94,2026-08-02T03:00:00+03:00,2026-08-02,2026-08-06T03:00:00+03:00,2026-08-06,96,-139,-139,True,xml_with_html_mismatch,-141,False,2026-08-03T14:01:46Z,2026-08-03T17:01:46+03:00,2d43a4aca6c569498edd86baf2c201a944a09e1d20a74c8d730277f903015b00,2026-08-03T14:01:46Z,2026-08-03T14:01:46Z,xml_html_value_mismatch
b5ab6a64-d495-4137-b6a3-4c98d96836c9,94,2026-08-04T03:00:00+03:00,2026-08-04,2026-08-09T03:00:00+03:00,2026-08-09,120,-141,-141,True,xml_html_confirmed,-141,True,2026-08-05T07:00:07Z,2026-08-05T10:00:07+03:00,cd854b61f980aea9c867bffd17c33dc86046818e70c1826ce290f5ac21689eb2,2026-08-04T12:07:23Z,2026-08-05T07:00:07Z,valid
b5ab6a64-d495-4137-b6a3-4c98d96836c9,94,2026-08-04T03:00:00+03:00,2026-08-04,2026-08-05T03:00:00+03:00,2026-08-05,24,-133,-133,True,xml_html_confirmed,-133,True,2026-08-05T07:00:07Z,2026-08-05T10:00:07+03:00,cd854b61f980aea9c867bffd17c33dc86046818e70c1826ce290f5ac21689eb2,2026-08-04T12:07:23Z,2026-08-05T07:00:07Z,valid
b5ab6a64-d495-4137-b6a3-4c98d96836c9,94,2026-08-04T03:00:00+03:00,2026-08-04,2026-08-06T03:00:00+03:00,2026-08-06,48,-136,-136,True,xml_html_confirmed,-136,True,2026-08-05T07:00:07Z,2026-08-05T10:00:07+03:00,cd854b61f980aea9c867bffd17c33dc86046818e70c1826ce290f5ac21689eb2,2026-08-04T12:07:23Z,2026-08-05T07:00:07Z,valid
b5ab6a64-d495-4137-b6a3-4c98d96836c9,94,2026-08-04T03:00:00+03:00,2026-08-04,2026-08-07T03:00:00+03:00,2026-08-07,72,-139,-139,True,xml_html_confirmed,-139,True,2026-08-05T07:00:07Z,2026-08-05T10:00:07+03:00,cd854b61f980aea9c867bffd17c33dc86046818e70c1826ce290f5ac21689eb2,2026-08-04T12:07:23Z,2026-08-05T07:00:07Z,valid
b5ab6a64-d495-4137-b6a3-4c98d96836c9,94,2026-08-04T03:00:00+03:00,2026-08-04,2026-08-08T03:00:00+03:00,2026-08-08,96,-140,-140,True,xml_html_confirmed,-140,True,2026-08-05T07:00:07Z,2026-08-05T10:00:07+03:00,cd854b61f980aea9c867bffd17c33dc86046818e70c1826ce290f5ac21689eb2,2026-08-04T12:07:23Z,2026-08-05T07:00:07Z,valid
b5ab6a64-d495-4137-b6a3-4c98d96836c9,94,2026-08-05T03:00:00+03:00,2026-08-05,2026-08-10T03:00:00+03:00,2026-08-10,120,-139,-139,True,xml_html_confirmed,-139,True,2026-08-06T07:00:16Z,2026-08-06T10:00:16+03:00,6c6f0bb4aee05dc33366a1784fb3e89afe747ddd99e2e310ab8af698d9c6d18f,2026-08-05T15:00:16Z,2026-08-06T07:00:16Z,valid
b5ab6a64-d495-4137-b6a3-4c98d96836c9,94,2026-08-05T03:00:00+03:00,2026-08-05,2026-08-06T03:00:00+03:00,2026-08-06,24,-134,-134,True,xml_html_confirmed,-134,True,2026-08-06T07:00:16Z,2026-08-06T10:00:16+03:00,6c6f0bb4aee05dc33366a1784fb3e89afe747ddd99e2e310ab8af698d9c6d18f,2026-08-05T15:00:16Z,2026-08-06T07:00:16Z,valid
b5ab6a64-d495-4137-b6a3-4c98d96836c9,94,2026-08-05T03:00:00+03:00,2026-08-05,2026-08-07T03:00:00+03:00,2026-08-07,48,-136,-136,True,xml_html_confirmed,-136,True,2026-08-06T07:00:16Z,2026-08-06T10:00:16+03:00,6c6f0bb4aee05dc33366a1784fb3e89afe747ddd99e2e310ab8af698d9c6d18f,2026-08-05T15:00:16Z,2026-08-06T07:00:16Z,valid
b5ab6a64-d495-4137-b6a3-4c98d96836c9,94,2026-08-05T03:00:00+03:00,2026-08-05,2026-08-08T03:00:00+03:00,2026-08-08,72,-137,-137,True,xml_html_confirmed,-137,True,2026-08-06T07:00:16Z,2026-08-06T10:00:16+03:00,6c6f0bb4aee05dc33366a1784fb3e89afe747ddd99e2e310ab8af698d9c6d18f,2026-08-05T15:00:16Z,2026-08-06T07:00:16Z,valid
b5ab6a64-d495-4137-b6a3-4c98d96836c9,94,2026-08-05T03:00:00+03:00,2026-08-05,2026-08-09T03:00:00+03:00,2026-08-09,96,-138,-138,True,xml_html_confirmed,-138,True,2026-08-06T07:00:16Z,2026-08-06T10:00:16+03:00,6c6f0bb4aee05dc33366a1784fb3e89afe747ddd99e2e310ab8af698d9c6d18f,2026-08-05T15:00:16Z,2026-08-06T07:00:16Z,valid
b5ab6a64-d495-4137-b6a3-4c98d96836c9,94,2026-08-06T03:00:00+03:00,2026-08-06,2026-08-11T03:00:00+03:00,2026-08-11,120,-140,-140,True,xml_html_confirmed,-140,True,2026-08-07T07:00:17Z,2026-08-07T10:00:17+03:00,1ae2c1566239629af594f0e35ef63fc0394a6216cde00cb8cb94caa3f3171bf2,2026-08-06T15:00:17Z,2026-08-07T07:00:17Z,valid
b5ab6a64-d495-4137-b6a3-4c98d96836c9,94,2026-08-06T03:00:00+03:00,2026-08-06,2026-08-07T03:00:00+03:00,2026-08-07,24,-137,-137,True,xml_html_confirmed,-137,True,2026-08-07T07:00:17Z,2026-08-07T10:00:17+03:00,1ae2c1566239629af594f0e35ef63fc0394a6216cde00cb8cb94caa3f3171bf2,2026-08-06T15:00:17Z,2026-08-07T07:00:17Z,valid
b5ab6a64-d495-4137-b6a3-4c98d96836c9,94,2026-08-06T03:00:00+03:00,2026-08-06,2026-08-08T03:00:00+03:00,2026-08-08,48,-138,-138,True,xml_html_confirmed,-138,True,2026-08-07T07:00:17Z,2026-08-07T10:00:17+03:00,1ae2c1566239629af594f0e35ef63fc0394a6216cde00cb8cb94caa3f3171bf2,2026-08-06T15:00:17Z,2026-08-07T07:00:17Z,valid
b5ab6a64-d495-4137-b6a3-4c98d96836c9,94,2026-08-06T03:00:00+03:00,2026-08-06,2026-08-09T03:00:00+03:00,2026-08-09,72,-138,-138,True,xml_html_confirmed,-138,True,2026-08-07T07:00:17Z,2026-08-07T10:00:17+03:00,1ae2c1566239629af594f0e35ef63fc0394a6216cde00cb8cb94caa3f3171bf2,2026-08-06T15:00:17Z,2026-08-07T07:00:17Z,valid
b5ab6a64-d495-4137-b6a3-4c98d96836c9,94,2026-08-06T03:00:00+03:00,2026-08-06,2026-08-10T03:00:00+03:00,2026-08-10,96,-139,-139,True,xml_html_confirmed,-139,True,2026-08-07T07:00:17Z,2026-08-07T10:00:17+03:00,1ae2c1566239629af594f0e35ef63fc0394a6216cde00cb8cb94caa3f3171bf2,2026-08-06T15:00:17Z,2026-08-07T07:00:17Z,valid
bbf5e3ee-6ed6-4b87-afee-d78643847aea,101,2026-08-02T03:00:00+03:00,2026-08-02,2026-08-07T03:00:00+03:00,2026-08-07,120,0,,False,html_blank_xml_zero,,,2026-08-03T14:01:46Z,2026-08-03T17:01:46+03:00,bde35a2a4ba55ef89c876824dada06376d5db25b152b811c3cfdebdc358cf8c6,2026-08-03T14:01:46Z,2026-08-03T14:01:46Z,missing_forecast_encoded_as_zero
bbf5e3ee-6ed6-4b87-afee-d78643847aea,101,2026-08-02T03:00:00+03:00,2026-08-02,2026-08-03T03:00:00+03:00,2026-08-03,24,0,,False,html_blank_xml_zero,,,2026-08-03T14:01:46Z,2026-08-03T17:01:46+03:00,bde35a2a4ba55ef89c876824dada06376d5db25b152b811c3cfdebdc358cf8c6,2026-08-03T14:01:46Z,2026-08-03T14:01:46Z,missing_forecast_encoded_as_zero
bbf5e3ee-6ed6-4b87-afee-d78643847aea,101,2026-08-02T03:00:00+03:00,2026-08-02,2026-08-04T03:00:00+03:00,2026-08-04,48,0,,False,html_blank_xml_zero,,,2026-08-03T14:01:46Z,2026-08-03T17:01:46+03:00,bde35a2a4ba55ef89c876824dada06376d5db25b152b811c3cfdebdc358cf8c6,2026-08-03T14:01:46Z,2026-08-03T14:01:46Z,missing_forecast_encoded_as_zero
bbf5e3ee-6ed6-4b87-afee-d78643847aea,101,2026-08-02T03:00:00+03:00,2026-08-02,2026-08-05T03:00:00+03:00,2026-08-05,72,0,,False,html_blank_xml_zero,,,2026-08-03T14:01:46Z,2026-08-03T17:01:46+03:00,bde35a2a4ba55ef89c876824dada06376d5db25b152b811c3cfdebdc358cf8c6,2026-08-03T14:01:46Z,2026-08-03T14:01:46Z,missing_forecast_encoded_as_zero
bbf5e3ee-6ed6-4b87-afee-d78643847aea,101,2026-08-02T03:00:00+03:00,2026-08-02,2026-08-06T03:00:00+03:00,2026-08-06,96,0,,False,html_blank_xml_zero,,,2026-08-03T14:01:46Z,2026-08-03T17:01:46+03:00,bde35a2a4ba55ef89c876824dada06376d5db25b152b811c3cfdebdc358cf8c6,2026-08-03T14:01:46Z,2026-08-03T14:01:46Z,missing_forecast_encoded_as_zero
bbf5e3ee-6ed6-4b87-afee-d78643847aea,101,2026-08-04T03:00:00+03:00,2026-08-04,2026-08-09T03:00:00+03:00,2026-08-09,120,0,,False,html_blank_xml_zero,,,2026-08-05T07:00:07Z,2026-08-05T10:00:07+03:00,4e1d7b7c745b01fcb6c9b6f64b4401f9be5a70e8c25e24f963f3e284a5ff53f3,2026-08-04T12:07:23Z,2026-08-05T07:00:07Z,missing_forecast_encoded_as_zero
bbf5e3ee-6ed6-4b87-afee-d78643847aea,101,2026-08-04T03:00:00+03:00,2026-08-04,2026-08-05T03:00:00+03:00,2026-08-05,24,0,,False,html_blank_xml_zero,,,2026-08-05T07:00:07Z,2026-08-05T10:00:07+03:00,4e1d7b7c745b01fcb6c9b6f64b4401f9be5a70e8c25e24f963f3e284a5ff53f3,2026-08-04T12:07:23Z,2026-08-05T07:00:07Z,missing_forecast_encoded_as_zero
bbf5e3ee-6ed6-4b87-afee-d78643847aea,101,2026-08-04T03:00:00+03:00,2026-08-04,2026-08-06T03:00:00+03:00,2026-08-06,48,0,,False,html_blank_xml_zero,,,2026-08-05T07:00:07Z,2026-08-05T10:00:07+03:00,4e1d7b7c745b01fcb6c9b6f64b4401f9be5a70e8c25e24f963f3e284a5ff53f3,2026-08-04T12:07:23Z,2026-08-05T07:00:07Z,missing_forecast_encoded_as_zero
bbf5e3ee-6ed6-4b87-afee-d78643847aea,101,2026-08-04T03:00:00+03:00,2026-08-04,2026-08-07T03:00:00+03:00,2026-08-07,72,0,,False,html_blank_xml_zero,,,2026-08-05T07:00:07Z,2026-08-05T10:00:07+03:00,4e1d7b7c745b01fcb6c9b6f64b4401f9be5a70e8c25e24f963f3e284a5ff53f3,2026-08-04T12:07:23Z,2026-08-05T07:00:07Z,missing_forecast_encoded_as_zero
bbf5e3ee-6ed6-4b87-afee-d78643847aea,101,2026-08-04T03:00:00+03:00,2026-08-04,2026-08-08T03:00:00+03:00,2026-08-08,96,0,,False,html_blank_xml_zero,,,2026-08-05T07:00:07Z,2026-08-05T10:00:07+03:00,4e1d7b7c745b01fcb6c9b6f64b4401f9be5a70e8c25e24f963f3e284a5ff53f3,2026-08-04T12:07:23Z,2026-08-05T07:00:07Z,missing_forecast_encoded_as_zero
bbf5e3ee-6ed6-4b87-afee-d78643847aea,101,2026-08-05T03:00:00+03:00,2026-08-05,2026-08-10T03:00:00+03:00,2026-08-10,120,0,,False,html_blank_xml_zero,,,2026-08-06T07:00:16Z,2026-08-06T10:00:16+03:00,13c3bb9ff96f1f47e036e2db205837d8bd9761cf841b8c2ab1dbf65447db5106,2026-08-05T15:00:16Z,2026-08-06T07:00:16Z,missing_forecast_encoded_as_zero
bbf5e3ee-6ed6-4b87-afee-d78643847aea,101,2026-08-05T03:00:00+03:00,2026-08-05,2026-08-06T03:00:00+03:00,2026-08-06,24,0,,False,html_blank_xml_zero,,,2026-08-06T07:00:16Z,2026-08-06T10:00:16+03:00,13c3bb9ff96f1f47e036e2db205837d8bd9761cf841b8c2ab1dbf65447db5106,2026-08-05T15:00:16Z,2026-08-06T07:00:16Z,missing_forecast_encoded_as_zero
bbf5e3ee-6ed6-4b87-afee-d78643847aea,101,2026-08-05T03:00:00+03:00,2026-08-05,2026-08-07T03:00:00+03:00,2026-08-07,48,0,,False,html_blank_xml_zero,,,2026-08-06T07:00:16Z,2026-08-06T10:00:16+03:00,13c3bb9ff96f1f47e036e2db205837d8bd9761cf841b8c2ab1dbf65447db5106,2026-08-05T15:00:16Z,2026-08-06T07:00:16Z,missing_forecast_encoded_as_zero
bbf5e3ee-6ed6-4b87-afee-d78643847aea,101,2026-08-05T03:00:00+03:00,2026-08-05,2026-08-08T03:00:00+03:00,2026-08-08,72,0,,False,html_blank_xml_zero,,,2026-08-06T07:00:16Z,2026-08-06T10:00:16+03:00,13c3bb9ff96f1f47e036e2db205837d8bd9761cf841b8c2ab1dbf65447db5106,2026-08-05T15:00:16Z,2026-08-06T07:00:16Z,missing_forecast_encoded_as_zero
bbf5e3ee-6ed6-4b87-afee-d78643847aea,101,2026-08-05T03:00:00+03:00,2026-08-05,2026-08-09T03:00:00+03:00,2026-08-09,96,0,,False,html_blank_xml_zero,,,2026-08-06T07:00:16Z,2026-08-06T10:00:16+03:00,13c3bb9ff96f1f47e036e2db205837d8bd9761cf841b8c2ab1dbf65447db5106,2026-08-05T15:00:16Z,2026-08-06T07:00:16Z,missing_forecast_encoded_as_zero
bbf5e3ee-6ed6-4b87-afee-d78643847aea,101,2026-08-06T03:00:00+03:00,2026-08-06,2026-08-11T03:00:00+03:00,2026-08-11,120,0,,False,html_blank_xml_zero,,,2026-08-07T07:00:17Z,2026-08-07T10:00:17+03:00,dc7159f97cbdf077b1236bc311bc59473b975b8b8bae07c596657b2e2ec6ce54,2026-08-06T15:00:17Z,2026-08-07T07:00:17Z,missing_forecast_encoded_as_zero
bbf5e3ee-6ed6-4b87-afee-d78643847aea,101,2026-08-06T03:00:00+03:00,2026-08-06,2026-08-07T03:00:00+03:00,2026-08-07,24,0,,False,html_blank_xml_zero,,,2026-08-07T07:00:17Z,2026-08-07T10:00:17+03:00,dc7159f97cbdf077b1236bc311bc59473b975b8b8bae07c596657b2e2ec6ce54,2026-08-06T15:00:17Z,2026-08-07T07:00:17Z,missing_forecast_encoded_as_zero
bbf5e3ee-6ed6-4b87-afee-d78643847aea,101,2026-08-06T03:00:00+03:00,2026-08-06,2026-08-08T03:00:00+03:00,2026-08-08,48,0,,False,html_blank_xml_zero,,,2026-08-07T07:00:17Z,2026-08-07T10:00:17+03:00,dc7159f97cbdf077b1236bc311bc59473b975b8b8bae07c596657b2e2ec6ce54,2026-08-06T15:00:17Z,2026-08-07T07:00:17Z,missing_forecast_encoded_as_zero
bbf5e3ee-6ed6-4b87-afee-d78643847aea,101,2026-08-06T03:00:00+03:00,2026-08-06,2026-08-09T03:00:00+03:00,2026-08-09,72,0,,False,html_blank_xml_zero,,,2026-08-07T07:00:17Z,2026-08-07T10:00:17+03:00,dc7159f97cbdf077b1236bc311bc59473b975b8b8bae07c596657b2e2ec6ce54,2026-08-06T15:00:17Z,2026-08-07T07:00:17Z,missing_forecast_encoded_as_zero
bbf5e3ee-6ed6-4b87-afee-d78643847aea,101,2026-08-06T03:00:00+03:00,2026-08-06,2026-08-10T03:00:00+03:00,2026-08-10,96,0,,False,html_blank_xml_zero,,,2026-08-07T07:00:17Z,2026-08-07T10:00:17+03:00,dc7159f97cbdf077b1236bc311bc59473b975b8b8bae07c596657b2e2ec6ce54,2026-08-06T15:00:17Z,2026-08-07T07:00:17Z,missing_forecast_encoded_as_zero
c726848a-12e0-4961-be36-8a8d29ce9106,85,2026-08-02T03:00:00+03:00,2026-08-02,2026-08-07T03:00:00+03:00,2026-08-07,120,16,16,True,xml_with_html_mismatch,14,False,2026-08-03T14:01:46Z,2026-08-03T17:01:46+03:00,89240b1db8b5af41f9f2ad7cce0c1d6162d1f55797f09f1336bd20dce466b4b0,2026-08-03T14:01:46Z,2026-08-03T14:01:46Z,xml_html_value_mismatch
c726848a-12e0-4961-be36-8a8d29ce9106,85,2026-08-02T03:00:00+03:00,2026-08-02,2026-08-03T03:00:00+03:00,2026-08-03,24,23,23,True,xml_with_html_mismatch,24,False,2026-08-03T14:01:46Z,2026-08-03T17:01:46+03:00,89240b1db8b5af41f9f2ad7cce0c1d6162d1f55797f09f1336bd20dce466b4b0,2026-08-03T14:01:46Z,2026-08-03T14:01:46Z,xml_html_value_mismatch
c726848a-12e0-4961-be36-8a8d29ce9106,85,2026-08-02T03:00:00+03:00,2026-08-02,2026-08-04T03:00:00+03:00,2026-08-04,48,21,21,True,xml_with_html_mismatch,22,False,2026-08-03T14:01:46Z,2026-08-03T17:01:46+03:00,89240b1db8b5af41f9f2ad7cce0c1d6162d1f55797f09f1336bd20dce466b4b0,2026-08-03T14:01:46Z,2026-08-03T14:01:46Z,xml_html_value_mismatch
c726848a-12e0-4961-be36-8a8d29ce9106,85,2026-08-02T03:00:00+03:00,2026-08-02,2026-08-05T03:00:00+03:00,2026-08-05,72,20,20,True,xml_with_html_mismatch,19,False,2026-08-03T14:01:46Z,2026-08-03T17:01:46+03:00,89240b1db8b5af41f9f2ad7cce0c1d6162d1f55797f09f1336bd20dce466b4b0,2026-08-03T14:01:46Z,2026-08-03T14:01:46Z,xml_html_value_mismatch
c726848a-12e0-4961-be36-8a8d29ce9106,85,2026-08-02T03:00:00+03:00,2026-08-02,2026-08-06T03:00:00+03:00,2026-08-06,96,18,18,True,xml_with_html_mismatch,16,False,2026-08-03T14:01:46Z,2026-08-03T17:01:46+03:00,89240b1db8b5af41f9f2ad7cce0c1d6162d1f55797f09f1336bd20dce466b4b0,2026-08-03T14:01:46Z,2026-08-03T14:01:46Z,xml_html_value_mismatch
c726848a-12e0-4961-be36-8a8d29ce9106,85,2026-08-04T03:00:00+03:00,2026-08-04,2026-08-09T03:00:00+03:00,2026-08-09,120,17,17,True,xml_html_confirmed,17,True,2026-08-05T07:00:07Z,2026-08-05T10:00:07+03:00,558180132017079fc43d96eec2394eb4bb607a3f9400dff0a8c63c8a81259b39,2026-08-04T12:07:23Z,2026-08-05T07:00:07Z,valid
c726848a-12e0-4961-be36-8a8d29ce9106,85,2026-08-04T03:00:00+03:00,2026-08-04,2026-08-05T03:00:00+03:00,2026-08-05,24,26,26,True,xml_html_confirmed,26,True,2026-08-05T07:00:07Z,2026-08-05T10:00:07+03:00,558180132017079fc43d96eec2394eb4bb607a3f9400dff0a8c63c8a81259b39,2026-08-04T12:07:23Z,2026-08-05T07:00:07Z,valid
c726848a-12e0-4961-be36-8a8d29ce9106,85,2026-08-04T03:00:00+03:00,2026-08-04,2026-08-06T03:00:00+03:00,2026-08-06,48,24,24,True,xml_html_confirmed,24,True,2026-08-05T07:00:07Z,2026-08-05T10:00:07+03:00,558180132017079fc43d96eec2394eb4bb607a3f9400dff0a8c63c8a81259b39,2026-08-04T12:07:23Z,2026-08-05T07:00:07Z,valid
c726848a-12e0-4961-be36-8a8d29ce9106,85,2026-08-04T03:00:00+03:00,2026-08-04,2026-08-07T03:00:00+03:00,2026-08-07,72,22,22,True,xml_html_confirmed,22,True,2026-08-05T07:00:07Z,2026-08-05T10:00:07+03:00,558180132017079fc43d96eec2394eb4bb607a3f9400dff0a8c63c8a81259b39,2026-08-04T12:07:23Z,2026-08-05T07:00:07Z,valid
c726848a-12e0-4961-be36-8a8d29ce9106,85,2026-08-04T03:00:00+03:00,2026-08-04,2026-08-08T03:00:00+03:00,2026-08-08,96,20,20,True,xml_html_confirmed,20,True,2026-08-05T07:00:07Z,2026-08-05T10:00:07+03:00,558180132017079fc43d96eec2394eb4bb607a3f9400dff0a8c63c8a81259b39,2026-08-04T12:07:23Z,2026-08-05T07:00:07Z,valid
c726848a-12e0-4961-be36-8a8d29ce9106,85,2026-08-05T03:00:00+03:00,2026-08-05,2026-08-10T03:00:00+03:00,2026-08-10,120,21,21,True,xml_html_confirmed,21,True,2026-08-06T07:00:16Z,2026-08-06T10:00:16+03:00,8e9a1deb964d6e8eff5c16611563675513453b9129ee7871b2b87902a4a9f1fe,2026-08-05T15:00:16Z,2026-08-06T07:00:16Z,valid
c726848a-12e0-4961-be36-8a8d29ce9106,85,2026-08-05T03:00:00+03:00,2026-08-05,2026-08-06T03:00:00+03:00,2026-08-06,24,27,27,True,xml_html_confirmed,27,True,2026-08-06T07:00:16Z,2026-08-06T10:00:16+03:00,8e9a1deb964d6e8eff5c16611563675513453b9129ee7871b2b87902a4a9f1fe,2026-08-05T15:00:16Z,2026-08-06T07:00:16Z,valid
c726848a-12e0-4961-be36-8a8d29ce9106,85,2026-08-05T03:00:00+03:00,2026-08-05,2026-08-07T03:00:00+03:00,2026-08-07,48,26,26,True,xml_html_confirmed,26,True,2026-08-06T07:00:16Z,2026-08-06T10:00:16+03:00,8e9a1deb964d6e8eff5c16611563675513453b9129ee7871b2b87902a4a9f1fe,2026-08-05T15:00:16Z,2026-08-06T07:00:16Z,valid
c726848a-12e0-4961-be36-8a8d29ce9106,85,2026-08-05T03:00:00+03:00,2026-08-05,2026-08-08T03:00:00+03:00,2026-08-08,72,24,24,True,xml_html_confirmed,24,True,2026-08-06T07:00:16Z,2026-08-06T10:00:16+03:00,8e9a1deb964d6e8eff5c16611563675513453b9129ee7871b2b87902a4a9f1fe,2026-08-05T15:00:16Z,2026-08-06T07:00:16Z,valid
c726848a-12e0-4961-be36-8a8d29ce9106,85,2026-08-05T03:00:00+03:00,2026-08-05,2026-08-09T03:00:00+03:00,2026-08-09,96,22,22,True,xml_html_confirmed,22,True,2026-08-06T07:00:16Z,2026-08-06T10:00:16+03:00,8e9a1deb964d6e8eff5c16611563675513453b9129ee7871b2b87902a4a9f1fe,2026-08-05T15:00:16Z,2026-08-06T07:00:16Z,valid
c726848a-12e0-4961-be36-8a8d29ce9106,85,2026-08-06T03:00:00+03:00,2026-08-06,2026-08-11T03:00:00+03:00,2026-08-11,120,19,19,True,xml_html_confirmed,19,True,2026-08-07T07:00:17Z,2026-08-07T10:00:17+03:00,4811db2286efd03c12f50bd5c170704c3c4f7c52d4d1c008fc949140f5f1da98,2026-08-06T15:00:17Z,2026-08-07T07:00:17Z,valid
c726848a-12e0-4961-be36-8a8d29ce9106,85,2026-08-06T03:00:00+03:00,2026-08-06,2026-08-07T03:00:00+03:00,2026-08-07,24,26,26,True,xml_html_confirmed,26,True,2026-08-07T07:00:17Z,2026-08-07T10:00:17+03:00,4811db2286efd03c12f50bd5c170704c3c4f7c52d4d1c008fc949140f5f1da98,2026-08-06T15:00:17Z,2026-08-07T07:00:17Z,valid
c726848a-12e0-4961-be36-8a8d29ce9106,85,2026-08-06T03:00:00+03:00,2026-08-06,2026-08-08T03:00:00+03:00,2026-08-08,48,24,24,True,xml_html_confirmed,24,True,2026-08-07T07:00:17Z,2026-08-07T10:00:17+03:00,4811db2286efd03c12f50bd5c170704c3c4f7c52d4d1c008fc949140f5f1da98,2026-08-06T15:00:17Z,2026-08-07T07:00:17Z,valid
c726848a-12e0-4961-be36-8a8d29ce9106,85,2026-08-06T03:00:00+03:00,2026-08-06,2026-08-09T03:00:00+03:00,2026-08-09,72,22,22,True,xml_html_confirmed,22,True,2026-08-07T07:00:17Z,2026-08-07T10:00:17+03:00,4811db2286efd03c12f50bd5c170704c3c4f7c52d4d1c008fc949140f5f1da98,2026-08-06T15:00:17Z,2026-08-07T07:00:17Z,valid
c726848a-12e0-4961-be36-8a8d29ce9106,85,2026-08-06T03:00:00+03:00,2026-08-06,2026-08-10T03:00:00+03:00,2026-08-10,96,21,21,True,xml_html_confirmed,21,True,2026-08-07T07:00:17Z,2026-08-07T10:00:17+03:00,4811db2286efd03c12f50bd5c170704c3c4f7c52d4d1c008fc949140f5f1da98,2026-08-06T15:00:17Z,2026-08-07T07:00:17Z,valid
cc4f13d6-eccf-48bf-a3b2-2ed3b60e1f63,86,2026-08-02T03:00:00+03:00,2026-08-02,2026-08-07T03:00:00+03:00,2026-08-07,120,-9,-9,True,xml_html_confirmed,-9,True,2026-08-03T14:01:46Z,2026-08-03T17:01:46+03:00,5f63fe270f19e7892199d04d330ee1e3611794f76286217ca7b5f126d401f852,2026-08-03T14:01:46Z,2026-08-03T14:01:46Z,valid
cc4f13d6-eccf-48bf-a3b2-2ed3b60e1f63,86,2026-08-02T03:00:00+03:00,2026-08-02,2026-08-03T03:00:00+03:00,2026-08-03,24,0,0,True,xml_with_html_mismatch,1,False,2026-08-03T14:01:46Z,2026-08-03T17:01:46+03:00,5f63fe270f19e7892199d04d330ee1e3611794f76286217ca7b5f126d401f852,2026-08-03T14:01:46Z,2026-08-03T14:01:46Z,xml_html_value_mismatch
cc4f13d6-eccf-48bf-a3b2-2ed3b60e1f63,86,2026-08-02T03:00:00+03:00,2026-08-02,2026-08-04T03:00:00+03:00,2026-08-04,48,-2,-2,True,xml_with_html_mismatch,-1,False,2026-08-03T14:01:46Z,2026-08-03T17:01:46+03:00,5f63fe270f19e7892199d04d330ee1e3611794f76286217ca7b5f126d401f852,2026-08-03T14:01:46Z,2026-08-03T14:01:46Z,xml_html_value_mismatch
cc4f13d6-eccf-48bf-a3b2-2ed3b60e1f63,86,2026-08-02T03:00:00+03:00,2026-08-02,2026-08-05T03:00:00+03:00,2026-08-05,72,-4,-4,True,xml_html_confirmed,-4,True,2026-08-03T14:01:46Z,2026-08-03T17:01:46+03:00,5f63fe270f19e7892199d04d330ee1e3611794f76286217ca7b5f126d401f852,2026-08-03T14:01:46Z,2026-08-03T14:01:46Z,valid
cc4f13d6-eccf-48bf-a3b2-2ed3b60e1f63,86,2026-08-02T03:00:00+03:00,2026-08-02,2026-08-06T03:00:00+03:00,2026-08-06,96,-6,-6,True,xml_html_confirmed,-6,True,2026-08-03T14:01:46Z,2026-08-03T17:01:46+03:00,5f63fe270f19e7892199d04d330ee1e3611794f76286217ca7b5f126d401f852,2026-08-03T14:01:46Z,2026-08-03T14:01:46Z,valid
cc4f13d6-eccf-48bf-a3b2-2ed3b60e1f63,86,2026-08-04T03:00:00+03:00,2026-08-04,2026-08-09T03:00:00+03:00,2026-08-09,120,-8,-8,True,xml_html_confirmed,-8,True,2026-08-05T07:00:07Z,2026-08-05T10:00:07+03:00,0c3add5c70cab0b9b0ed6fd94873c4fcd7823aa866c143d53c9a3ad5bec83fbd,2026-08-04T12:07:23Z,2026-08-05T07:00:07Z,valid
cc4f13d6-eccf-48bf-a3b2-2ed3b60e1f63,86,2026-08-04T03:00:00+03:00,2026-08-04,2026-08-05T03:00:00+03:00,2026-08-05,24,1,1,True,xml_html_confirmed,1,True,2026-08-05T07:00:07Z,2026-08-05T10:00:07+03:00,0c3add5c70cab0b9b0ed6fd94873c4fcd7823aa866c143d53c9a3ad5bec83fbd,2026-08-04T12:07:23Z,2026-08-05T07:00:07Z,valid
cc4f13d6-eccf-48bf-a3b2-2ed3b60e1f63,86,2026-08-04T03:00:00+03:00,2026-08-04,2026-08-06T03:00:00+03:00,2026-08-06,48,-1,-1,True,xml_html_confirmed,-1,True,2026-08-05T07:00:07Z,2026-08-05T10:00:07+03:00,0c3add5c70cab0b9b0ed6fd94873c4fcd7823aa866c143d53c9a3ad5bec83fbd,2026-08-04T12:07:23Z,2026-08-05T07:00:07Z,valid
cc4f13d6-eccf-48bf-a3b2-2ed3b60e1f63,86,2026-08-04T03:00:00+03:00,2026-08-04,2026-08-07T03:00:00+03:00,2026-08-07,72,-3,-3,True,xml_html_confirmed,-3,True,2026-08-05T07:00:07Z,2026-08-05T10:00:07+03:00,0c3add5c70cab0b9b0ed6fd94873c4fcd7823aa866c143d53c9a3ad5bec83fbd,2026-08-04T12:07:23Z,2026-08-05T07:00:07Z,valid
cc4f13d6-eccf-48bf-a3b2-2ed3b60e1f63,86,2026-08-04T03:00:00+03:00,2026-08-04,2026-08-08T03:00:00+03:00,2026-08-08,96,-6,-6,True,xml_html_confirmed,-6,True,2026-08-05T07:00:07Z,2026-08-05T10:00:07+03:00,0c3add5c70cab0b9b0ed6fd94873c4fcd7823aa866c143d53c9a3ad5bec83fbd,2026-08-04T12:07:23Z,2026-08-05T07:00:07Z,valid
cc4f13d6-eccf-48bf-a3b2-2ed3b60e1f63,86,2026-08-05T03:00:00+03:00,2026-08-05,2026-08-10T03:00:00+03:00,2026-08-10,120,-6,-6,True,xml_html_confirmed,-6,True,2026-08-06T07:00:16Z,2026-08-06T10:00:16+03:00,601edf50abbb92d67c294e1ddf20b0580e1ccb396168af0985f49bd1dace1f33,2026-08-05T15:00:16Z,2026-08-06T07:00:16Z,valid
cc4f13d6-eccf-48bf-a3b2-2ed3b60e1f63,86,2026-08-05T03:00:00+03:00,2026-08-05,2026-08-06T03:00:00+03:00,2026-08-06,24,2,2,True,xml_html_confirmed,2,True,2026-08-06T07:00:16Z,2026-08-06T10:00:16+03:00,601edf50abbb92d67c294e1ddf20b0580e1ccb396168af0985f49bd1dace1f33,2026-08-05T15:00:16Z,2026-08-06T07:00:16Z,valid
cc4f13d6-eccf-48bf-a3b2-2ed3b60e1f63,86,2026-08-05T03:00:00+03:00,2026-08-05,2026-08-07T03:00:00+03:00,2026-08-07,48,0,,False,html_blank_xml_zero,,,2026-08-06T07:00:16Z,2026-08-06T10:00:16+03:00,601edf50abbb92d67c294e1ddf20b0580e1ccb396168af0985f49bd1dace1f33,2026-08-05T15:00:16Z,2026-08-06T07:00:16Z,missing_forecast_encoded_as_zero
cc4f13d6-eccf-48bf-a3b2-2ed3b60e1f63,86,2026-08-05T03:00:00+03:00,2026-08-05,2026-08-08T03:00:00+03:00,2026-08-08,72,-2,-2,True,xml_html_confirmed,-2,True,2026-08-06T07:00:16Z,2026-08-06T10:00:16+03:00,601edf50abbb92d67c294e1ddf20b0580e1ccb396168af0985f49bd1dace1f33,2026-08-05T15:00:16Z,2026-08-06T07:00:16Z,valid
cc4f13d6-eccf-48bf-a3b2-2ed3b60e1f63,86,2026-08-05T03:00:00+03:00,2026-08-05,2026-08-09T03:00:00+03:00,2026-08-09,96,-4,-4,True,xml_html_confirmed,-4,True,2026-08-06T07:00:16Z,2026-08-06T10:00:16+03:00,601edf50abbb92d67c294e1ddf20b0580e1ccb396168af0985f49bd1dace1f33,2026-08-05T15:00:16Z,2026-08-06T07:00:16Z,valid
cc4f13d6-eccf-48bf-a3b2-2ed3b60e1f63,86,2026-08-06T03:00:00+03:00,2026-08-06,2026-08-11T03:00:00+03:00,2026-08-11,120,-6,-6,True,xml_html_confirmed,-6,True,2026-08-07T07:00:17Z,2026-08-07T10:00:17+03:00,be5ee6bed121bfa7211161ffb3f788acb9623eedf541fd8285c03882d14e9928,2026-08-06T15:00:17Z,2026-08-07T07:00:17Z,valid
cc4f13d6-eccf-48bf-a3b2-2ed3b60e1f63,86,2026-08-06T03:00:00+03:00,2026-08-06,2026-08-07T03:00:00+03:00,2026-08-07,24,1,1,True,xml_html_confirmed,1,True,2026-08-07T07:00:17Z,2026-08-07T10:00:17+03:00,be5ee6bed121bfa7211161ffb3f788acb9623eedf541fd8285c03882d14e9928,2026-08-06T15:00:17Z,2026-08-07T07:00:17Z,valid
cc4f13d6-eccf-48bf-a3b2-2ed3b60e1f63,86,2026-08-06T03:00:00+03:00,2026-08-06,2026-08-08T03:00:00+03:00,2026-08-08,48,-1,-1,True,xml_html_confirmed,-1,True,2026-08-07T07:00:17Z,2026-08-07T10:00:17+03:00,be5ee6bed121bfa7211161ffb3f788acb9623eedf541fd8285c03882d14e9928,2026-08-06T15:00:17Z,2026-08-07T07:00:17Z,valid
cc4f13d6-eccf-48bf-a3b2-2ed3b60e1f63,86,2026-08-06T03:00:00+03:00,2026-08-06,2026-08-09T03:00:00+03:00,2026-08-09,72,-3,-3,True,xml_html_confirmed,-3,True,2026-08-07T07:00:17Z,2026-08-07T10:00:17+03:00,be5ee6bed121bfa7211161ffb3f788acb9623eedf541fd8285c03882d14e9928,2026-08-06T15:00:17Z,2026-08-07T07:00:17Z,valid
cc4f13d6-eccf-48bf-a3b2-2ed3b60e1f63,86,2026-08-06T03:00:00+03:00,2026-08-06,2026-08-10T03:00:00+03:00,2026-08-10,96,-5,-5,True,xml_html_confirmed,-5,True,2026-08-07T07:00:17Z,2026-08-07T10:00:17+03:00,be5ee6bed121bfa7211161ffb3f788acb9623eedf541fd8285c03882d14e9928,2026-08-06T15:00:17Z,2026-08-07T07:00:17Z,valid
e3a30b68-5b3e-42d0-b6e7-82411594d811,91,2026-08-02T03:00:00+03:00,2026-08-02,2026-08-07T03:00:00+03:00,2026-08-07,120,-170,-170,True,xml_with_html_mismatch,-172,False,2026-08-03T14:01:46Z,2026-08-03T17:01:46+03:00,2167d38144215e38b84c0f7f6f5dad03579be2f5c33275c82d4870a5e2170902,2026-08-03T14:01:46Z,2026-08-03T14:01:46Z,xml_html_value_mismatch
e3a30b68-5b3e-42d0-b6e7-82411594d811,91,2026-08-02T03:00:00+03:00,2026-08-02,2026-08-03T03:00:00+03:00,2026-08-03,24,-159,-159,True,xml_with_html_mismatch,-160,False,2026-08-03T14:01:46Z,2026-08-03T17:01:46+03:00,2167d38144215e38b84c0f7f6f5dad03579be2f5c33275c82d4870a5e2170902,2026-08-03T14:01:46Z,2026-08-03T14:01:46Z,xml_html_value_mismatch
e3a30b68-5b3e-42d0-b6e7-82411594d811,91,2026-08-02T03:00:00+03:00,2026-08-02,2026-08-04T03:00:00+03:00,2026-08-04,48,-161,-161,True,xml_with_html_mismatch,-163,False,2026-08-03T14:01:46Z,2026-08-03T17:01:46+03:00,2167d38144215e38b84c0f7f6f5dad03579be2f5c33275c82d4870a5e2170902,2026-08-03T14:01:46Z,2026-08-03T14:01:46Z,xml_html_value_mismatch
e3a30b68-5b3e-42d0-b6e7-82411594d811,91,2026-08-02T03:00:00+03:00,2026-08-02,2026-08-05T03:00:00+03:00,2026-08-05,72,-164,-164,True,xml_with_html_mismatch,-166,False,2026-08-03T14:01:46Z,2026-08-03T17:01:46+03:00,2167d38144215e38b84c0f7f6f5dad03579be2f5c33275c82d4870a5e2170902,2026-08-03T14:01:46Z,2026-08-03T14:01:46Z,xml_html_value_mismatch
e3a30b68-5b3e-42d0-b6e7-82411594d811,91,2026-08-02T03:00:00+03:00,2026-08-02,2026-08-06T03:00:00+03:00,2026-08-06,96,-167,-167,True,xml_with_html_mismatch,-169,False,2026-08-03T14:01:46Z,2026-08-03T17:01:46+03:00,2167d38144215e38b84c0f7f6f5dad03579be2f5c33275c82d4870a5e2170902,2026-08-03T14:01:46Z,2026-08-03T14:01:46Z,xml_html_value_mismatch
e3a30b68-5b3e-42d0-b6e7-82411594d811,91,2026-08-04T03:00:00+03:00,2026-08-04,2026-08-09T03:00:00+03:00,2026-08-09,120,-172,-172,True,xml_html_confirmed,-172,True,2026-08-05T07:00:07Z,2026-08-05T10:00:07+03:00,f00797dd9d41a4d0f20d251a23436c084a91746018c637990008123fe73dc103,2026-08-04T12:07:23Z,2026-08-05T07:00:07Z,valid
e3a30b68-5b3e-42d0-b6e7-82411594d811,91,2026-08-04T03:00:00+03:00,2026-08-04,2026-08-05T03:00:00+03:00,2026-08-05,24,-162,-162,True,xml_html_confirmed,-162,True,2026-08-05T07:00:07Z,2026-08-05T10:00:07+03:00,f00797dd9d41a4d0f20d251a23436c084a91746018c637990008123fe73dc103,2026-08-04T12:07:23Z,2026-08-05T07:00:07Z,valid
e3a30b68-5b3e-42d0-b6e7-82411594d811,91,2026-08-04T03:00:00+03:00,2026-08-04,2026-08-06T03:00:00+03:00,2026-08-06,48,-165,-165,True,xml_html_confirmed,-165,True,2026-08-05T07:00:07Z,2026-08-05T10:00:07+03:00,f00797dd9d41a4d0f20d251a23436c084a91746018c637990008123fe73dc103,2026-08-04T12:07:23Z,2026-08-05T07:00:07Z,valid
e3a30b68-5b3e-42d0-b6e7-82411594d811,91,2026-08-04T03:00:00+03:00,2026-08-04,2026-08-07T03:00:00+03:00,2026-08-07,72,-168,-168,True,xml_html_confirmed,-168,True,2026-08-05T07:00:07Z,2026-08-05T10:00:07+03:00,f00797dd9d41a4d0f20d251a23436c084a91746018c637990008123fe73dc103,2026-08-04T12:07:23Z,2026-08-05T07:00:07Z,valid
e3a30b68-5b3e-42d0-b6e7-82411594d811,91,2026-08-04T03:00:00+03:00,2026-08-04,2026-08-08T03:00:00+03:00,2026-08-08,96,-170,-170,True,xml_html_confirmed,-170,True,2026-08-05T07:00:07Z,2026-08-05T10:00:07+03:00,f00797dd9d41a4d0f20d251a23436c084a91746018c637990008123fe73dc103,2026-08-04T12:07:23Z,2026-08-05T07:00:07Z,valid
e3a30b68-5b3e-42d0-b6e7-82411594d811,91,2026-08-05T03:00:00+03:00,2026-08-05,2026-08-10T03:00:00+03:00,2026-08-10,120,-171,-171,True,xml_html_confirmed,-171,True,2026-08-06T07:00:16Z,2026-08-06T10:00:16+03:00,5588778485160c69c94e8f872a34c8853fcf63e013935982af9ff6966acb6176,2026-08-05T15:00:16Z,2026-08-06T07:00:16Z,valid
e3a30b68-5b3e-42d0-b6e7-82411594d811,91,2026-08-05T03:00:00+03:00,2026-08-05,2026-08-06T03:00:00+03:00,2026-08-06,24,-165,-165,True,xml_html_confirmed,-165,True,2026-08-06T07:00:16Z,2026-08-06T10:00:16+03:00,5588778485160c69c94e8f872a34c8853fcf63e013935982af9ff6966acb6176,2026-08-05T15:00:16Z,2026-08-06T07:00:16Z,valid
e3a30b68-5b3e-42d0-b6e7-82411594d811,91,2026-08-05T03:00:00+03:00,2026-08-05,2026-08-07T03:00:00+03:00,2026-08-07,48,-167,-167,True,xml_html_confirmed,-167,True,2026-08-06T07:00:16Z,2026-08-06T10:00:16+03:00,5588778485160c69c94e8f872a34c8853fcf63e013935982af9ff6966acb6176,2026-08-05T15:00:16Z,2026-08-06T07:00:16Z,valid
e3a30b68-5b3e-42d0-b6e7-82411594d811,91,2026-08-05T03:00:00+03:00,2026-08-05,2026-08-08T03:00:00+03:00,2026-08-08,72,-169,-169,True,xml_html_confirmed,-169,True,2026-08-06T07:00:16Z,2026-08-06T10:00:16+03:00,5588778485160c69c94e8f872a34c8853fcf63e013935982af9ff6966acb6176,2026-08-05T15:00:16Z,2026-08-06T07:00:16Z,valid
e3a30b68-5b3e-42d0-b6e7-82411594d811,91,2026-08-05T03:00:00+03:00,2026-08-05,2026-08-09T03:00:00+03:00,2026-08-09,96,-170,-170,True,xml_html_confirmed,-170,True,2026-08-06T07:00:16Z,2026-08-06T10:00:16+03:00,5588778485160c69c94e8f872a34c8853fcf63e013935982af9ff6966acb6176,2026-08-05T15:00:16Z,2026-08-06T07:00:16Z,valid
e3a30b68-5b3e-42d0-b6e7-82411594d811,91,2026-08-06T03:00:00+03:00,2026-08-06,2026-08-11T03:00:00+03:00,2026-08-11,120,-173,-173,True,xml_html_confirmed,-173,True,2026-08-07T07:00:17Z,2026-08-07T10:00:17+03:00,ecf5512af00161e8353fc4116094a1c0906c5471705eec36857e52b04f6465d6,2026-08-06T15:00:17Z,2026-08-07T07:00:17Z,valid
e3a30b68-5b3e-42d0-b6e7-82411594d811,91,2026-08-06T03:00:00+03:00,2026-08-06,2026-08-07T03:00:00+03:00,2026-08-07,24,-169,-169,True,xml_html_confirmed,-169,True,2026-08-07T07:00:17Z,2026-08-07T10:00:17+03:00,ecf5512af00161e8353fc4116094a1c0906c5471705eec36857e52b04f6465d6,2026-08-06T15:00:17Z,2026-08-07T07:00:17Z,valid
e3a30b68-5b3e-42d0-b6e7-82411594d811,91,2026-08-06T03:00:00+03:00,2026-08-06,2026-08-08T03:00:00+03:00,2026-08-08,48,-171,-171,True,xml_html_confirmed,-171,True,2026-08-07T07:00:17Z,2026-08-07T10:00:17+03:00,ecf5512af00161e8353fc4116094a1c0906c5471705eec36857e52b04f6465d6,2026-08-06T15:00:17Z,2026-08-07T07:00:17Z,valid
e3a30b68-5b3e-42d0-b6e7-82411594d811,91,2026-08-06T03:00:00+03:00,2026-08-06,2026-08-09T03:00:00+03:00,2026-08-09,72,-172,-172,True,xml_html_confirmed,-172,True,2026-08-07T07:00:17Z,2026-08-07T10:00:17+03:00,ecf5512af00161e8353fc4116094a1c0906c5471705eec36857e52b04f6465d6,2026-08-06T15:00:17Z,2026-08-07T07:00:17Z,valid
e3a30b68-5b3e-42d0-b6e7-82411594d811,91,2026-08-06T03:00:00+03:00,2026-08-06,2026-08-10T03:00:00+03:00,2026-08-10,96,-173,-173,True,xml_html_confirmed,-173,True,2026-08-07T07:00:17Z,2026-08-07T10:00:17+03:00,ecf5512af00161e8353fc4116094a1c0906c5471705eec36857e52b04f6465d6,2026-08-06T15:00:17Z,2026-08-07T07:00:17Z,valid
e5eea969-9ccd-4b3e-9aa5-439c8f0d1ff0,90,2026-08-02T03:00:00+03:00,2026-08-02,2026-08-07T03:00:00+03:00,2026-08-07,120,-130,-130,True,xml_with_html_mismatch,-132,False,2026-08-03T14:01:46Z,2026-08-03T17:01:46+03:00,9890ea522c56c1e043a4e0d7ea67ec1d31e7867460042e225806473ad5225ace,2026-08-03T14:01:46Z,2026-08-03T14:01:46Z,xml_html_value_mismatch
e5eea969-9ccd-4b3e-9aa5-439c8f0d1ff0,90,2026-08-02T03:00:00+03:00,2026-08-02,2026-08-03T03:00:00+03:00,2026-08-03,24,-120,-120,True,xml_with_html_mismatch,-122,False,2026-08-03T14:01:46Z,2026-08-03T17:01:46+03:00,9890ea522c56c1e043a4e0d7ea67ec1d31e7867460042e225806473ad5225ace,2026-08-03T14:01:46Z,2026-08-03T14:01:46Z,xml_html_value_mismatch
e5eea969-9ccd-4b3e-9aa5-439c8f0d1ff0,90,2026-08-02T03:00:00+03:00,2026-08-02,2026-08-04T03:00:00+03:00,2026-08-04,48,-122,-122,True,xml_with_html_mismatch,-125,False,2026-08-03T14:01:46Z,2026-08-03T17:01:46+03:00,9890ea522c56c1e043a4e0d7ea67ec1d31e7867460042e225806473ad5225ace,2026-08-03T14:01:46Z,2026-08-03T14:01:46Z,xml_html_value_mismatch
e5eea969-9ccd-4b3e-9aa5-439c8f0d1ff0,90,2026-08-02T03:00:00+03:00,2026-08-02,2026-08-05T03:00:00+03:00,2026-08-05,72,-124,-124,True,xml_with_html_mismatch,-127,False,2026-08-03T14:01:46Z,2026-08-03T17:01:46+03:00,9890ea522c56c1e043a4e0d7ea67ec1d31e7867460042e225806473ad5225ace,2026-08-03T14:01:46Z,2026-08-03T14:01:46Z,xml_html_value_mismatch
e5eea969-9ccd-4b3e-9aa5-439c8f0d1ff0,90,2026-08-02T03:00:00+03:00,2026-08-02,2026-08-06T03:00:00+03:00,2026-08-06,96,-127,-127,True,xml_with_html_mismatch,-130,False,2026-08-03T14:01:46Z,2026-08-03T17:01:46+03:00,9890ea522c56c1e043a4e0d7ea67ec1d31e7867460042e225806473ad5225ace,2026-08-03T14:01:46Z,2026-08-03T14:01:46Z,xml_html_value_mismatch
e5eea969-9ccd-4b3e-9aa5-439c8f0d1ff0,90,2026-08-04T03:00:00+03:00,2026-08-04,2026-08-09T03:00:00+03:00,2026-08-09,120,-132,-132,True,xml_html_confirmed,-132,True,2026-08-05T07:00:07Z,2026-08-05T10:00:07+03:00,00d62dd84ebdae47882205252a4de8a61bc337923319f64e4e6d3edfbaa114c0,2026-08-04T12:07:23Z,2026-08-05T07:00:07Z,valid
e5eea969-9ccd-4b3e-9aa5-439c8f0d1ff0,90,2026-08-04T03:00:00+03:00,2026-08-04,2026-08-05T03:00:00+03:00,2026-08-05,24,-124,-124,True,xml_html_confirmed,-124,True,2026-08-05T07:00:07Z,2026-08-05T10:00:07+03:00,00d62dd84ebdae47882205252a4de8a61bc337923319f64e4e6d3edfbaa114c0,2026-08-04T12:07:23Z,2026-08-05T07:00:07Z,valid
e5eea969-9ccd-4b3e-9aa5-439c8f0d1ff0,90,2026-08-04T03:00:00+03:00,2026-08-04,2026-08-06T03:00:00+03:00,2026-08-06,48,-126,-126,True,xml_html_confirmed,-126,True,2026-08-05T07:00:07Z,2026-08-05T10:00:07+03:00,00d62dd84ebdae47882205252a4de8a61bc337923319f64e4e6d3edfbaa114c0,2026-08-04T12:07:23Z,2026-08-05T07:00:07Z,valid
e5eea969-9ccd-4b3e-9aa5-439c8f0d1ff0,90,2026-08-04T03:00:00+03:00,2026-08-04,2026-08-07T03:00:00+03:00,2026-08-07,72,-129,-129,True,xml_html_confirmed,-129,True,2026-08-05T07:00:07Z,2026-08-05T10:00:07+03:00,00d62dd84ebdae47882205252a4de8a61bc337923319f64e4e6d3edfbaa114c0,2026-08-04T12:07:23Z,2026-08-05T07:00:07Z,valid
e5eea969-9ccd-4b3e-9aa5-439c8f0d1ff0,90,2026-08-04T03:00:00+03:00,2026-08-04,2026-08-08T03:00:00+03:00,2026-08-08,96,-131,-131,True,xml_html_confirmed,-131,True,2026-08-05T07:00:07Z,2026-08-05T10:00:07+03:00,00d62dd84ebdae47882205252a4de8a61bc337923319f64e4e6d3edfbaa114c0,2026-08-04T12:07:23Z,2026-08-05T07:00:07Z,valid
e5eea969-9ccd-4b3e-9aa5-439c8f0d1ff0,90,2026-08-05T03:00:00+03:00,2026-08-05,2026-08-10T03:00:00+03:00,2026-08-10,120,-131,-131,True,xml_html_confirmed,-131,True,2026-08-06T07:00:16Z,2026-08-06T10:00:16+03:00,48a5bab119bb66d9e153018a602a91f5dcd5ce1d14977a8323ce5f6f132818da,2026-08-05T15:00:16Z,2026-08-06T07:00:16Z,valid
e5eea969-9ccd-4b3e-9aa5-439c8f0d1ff0,90,2026-08-05T03:00:00+03:00,2026-08-05,2026-08-06T03:00:00+03:00,2026-08-06,24,-124,-124,True,xml_html_confirmed,-124,True,2026-08-06T07:00:16Z,2026-08-06T10:00:16+03:00,48a5bab119bb66d9e153018a602a91f5dcd5ce1d14977a8323ce5f6f132818da,2026-08-05T15:00:16Z,2026-08-06T07:00:16Z,valid
e5eea969-9ccd-4b3e-9aa5-439c8f0d1ff0,90,2026-08-05T03:00:00+03:00,2026-08-05,2026-08-07T03:00:00+03:00,2026-08-07,48,-126,-126,True,xml_html_confirmed,-126,True,2026-08-06T07:00:16Z,2026-08-06T10:00:16+03:00,48a5bab119bb66d9e153018a602a91f5dcd5ce1d14977a8323ce5f6f132818da,2026-08-05T15:00:16Z,2026-08-06T07:00:16Z,valid
e5eea969-9ccd-4b3e-9aa5-439c8f0d1ff0,90,2026-08-05T03:00:00+03:00,2026-08-05,2026-08-08T03:00:00+03:00,2026-08-08,72,-128,-128,True,xml_html_confirmed,-128,True,2026-08-06T07:00:16Z,2026-08-06T10:00:16+03:00,48a5bab119bb66d9e153018a602a91f5dcd5ce1d14977a8323ce5f6f132818da,2026-08-05T15:00:16Z,2026-08-06T07:00:16Z,valid
e5eea969-9ccd-4b3e-9aa5-439c8f0d1ff0,90,2026-08-05T03:00:00+03:00,2026-08-05,2026-08-09T03:00:00+03:00,2026-08-09,96,-130,-130,True,xml_html_confirmed,-130,True,2026-08-06T07:00:16Z,2026-08-06T10:00:16+03:00,48a5bab119bb66d9e153018a602a91f5dcd5ce1d14977a8323ce5f6f132818da,2026-08-05T15:00:16Z,2026-08-06T07:00:16Z,valid
e5eea969-9ccd-4b3e-9aa5-439c8f0d1ff0,90,2026-08-06T03:00:00+03:00,2026-08-06,2026-08-11T03:00:00+03:00,2026-08-11,120,-133,-133,True,xml_html_confirmed,-133,True,2026-08-07T07:00:17Z,2026-08-07T10:00:17+03:00,ec65ef7ef8df33219b8388f241765a2e42ef98e584194280d13b6d138e08d594,2026-08-06T15:00:17Z,2026-08-07T07:00:17Z,valid
e5eea969-9ccd-4b3e-9aa5-439c8f0d1ff0,90,2026-08-06T03:00:00+03:00,2026-08-06,2026-08-07T03:00:00+03:00,2026-08-07,24,-128,-128,True,xml_html_confirmed,-128,True,2026-08-07T07:00:17Z,2026-08-07T10:00:17+03:00,ec65ef7ef8df33219b8388f241765a2e42ef98e584194280d13b6d138e08d594,2026-08-06T15:00:17Z,2026-08-07T07:00:17Z,valid
e5eea969-9ccd-4b3e-9aa5-439c8f0d1ff0,90,2026-08-06T03:00:00+03:00,2026-08-06,2026-08-08T03:00:00+03:00,2026-08-08,48,-130,-130,True,xml_html_confirmed,-130,True,2026-08-07T07:00:17Z,2026-08-07T10:00:17+03:00,ec65ef7ef8df33219b8388f241765a2e42ef98e584194280d13b6d138e08d594,2026-08-06T15:00:17Z,2026-08-07T07:00:17Z,valid
e5eea969-9ccd-4b3e-9aa5-439c8f0d1ff0,90,2026-08-06T03:00:00+03:00,2026-08-06,2026-08-09T03:00:00+03:00,2026-08-09,72,-132,-132,True,xml_html_confirmed,-132,True,2026-08-07T07:00:17Z,2026-08-07T10:00:17+03:00,ec65ef7ef8df33219b8388f241765a2e42ef98e584194280d13b6d138e08d594,2026-08-06T15:00:17Z,2026-08-07T07:00:17Z,valid
e5eea969-9ccd-4b3e-9aa5-439c8f0d1ff0,90,2026-08-06T03:00:00+03:00,2026-08-06,2026-08-10T03:00:00+03:00,2026-08-10,96,-132,-132,True,xml_html_confirmed,-132,True,2026-08-07T07:00:17Z,2026-08-07T10:00:17+03:00,ec65ef7ef8df33219b8388f241765a2e42ef98e584194280d13b6d138e08d594,2026-08-06T15:00:17Z,2026-08-07T07:00:17Z,valid
ec11d8f6-34c5-4d2d-afc2-4171b759c56a,5243,2026-08-02T03:00:00+03:00,2026-08-02,2026-08-07T03:00:00+03:00,2026-08-07,120,14,14,True,xml_with_html_mismatch,12,False,2026-08-03T14:01:46Z,2026-08-03T17:01:46+03:00,d9a95c267dfe64adba5f4cf3e19a482a3822d38b57d37e59fc7e1aa55ffff375,2026-08-03T14:01:46Z,2026-08-03T14:01:46Z,xml_html_value_mismatch
ec11d8f6-34c5-4d2d-afc2-4171b759c56a,5243,2026-08-02T03:00:00+03:00,2026-08-02,2026-08-03T03:00:00+03:00,2026-08-03,24,19,19,True,xml_with_html_mismatch,20,False,2026-08-03T14:01:46Z,2026-08-03T17:01:46+03:00,d9a95c267dfe64adba5f4cf3e19a482a3822d38b57d37e59fc7e1aa55ffff375,2026-08-03T14:01:46Z,2026-08-03T14:01:46Z,xml_html_value_mismatch
ec11d8f6-34c5-4d2d-afc2-4171b759c56a,5243,2026-08-02T03:00:00+03:00,2026-08-02,2026-08-04T03:00:00+03:00,2026-08-04,48,18,18,True,xml_html_confirmed,18,True,2026-08-03T14:01:46Z,2026-08-03T17:01:46+03:00,d9a95c267dfe64adba5f4cf3e19a482a3822d38b57d37e59fc7e1aa55ffff375,2026-08-03T14:01:46Z,2026-08-03T14:01:46Z,valid
ec11d8f6-34c5-4d2d-afc2-4171b759c56a,5243,2026-08-02T03:00:00+03:00,2026-08-02,2026-08-05T03:00:00+03:00,2026-08-05,72,17,17,True,xml_with_html_mismatch,16,False,2026-08-03T14:01:46Z,2026-08-03T17:01:46+03:00,d9a95c267dfe64adba5f4cf3e19a482a3822d38b57d37e59fc7e1aa55ffff375,2026-08-03T14:01:46Z,2026-08-03T14:01:46Z,xml_html_value_mismatch
ec11d8f6-34c5-4d2d-afc2-4171b759c56a,5243,2026-08-02T03:00:00+03:00,2026-08-02,2026-08-06T03:00:00+03:00,2026-08-06,96,16,16,True,xml_with_html_mismatch,14,False,2026-08-03T14:01:46Z,2026-08-03T17:01:46+03:00,d9a95c267dfe64adba5f4cf3e19a482a3822d38b57d37e59fc7e1aa55ffff375,2026-08-03T14:01:46Z,2026-08-03T14:01:46Z,xml_html_value_mismatch
ec11d8f6-34c5-4d2d-afc2-4171b759c56a,5243,2026-08-04T03:00:00+03:00,2026-08-04,2026-08-09T03:00:00+03:00,2026-08-09,120,17,17,True,xml_html_confirmed,17,True,2026-08-05T07:00:07Z,2026-08-05T10:00:07+03:00,b5889bcd562f48997581504c1edeabf781adcb07056deea1e1ef7e66c2ddf018,2026-08-04T12:07:23Z,2026-08-05T07:00:07Z,valid
ec11d8f6-34c5-4d2d-afc2-4171b759c56a,5243,2026-08-04T03:00:00+03:00,2026-08-04,2026-08-05T03:00:00+03:00,2026-08-05,24,24,24,True,xml_html_confirmed,24,True,2026-08-05T07:00:07Z,2026-08-05T10:00:07+03:00,b5889bcd562f48997581504c1edeabf781adcb07056deea1e1ef7e66c2ddf018,2026-08-04T12:07:23Z,2026-08-05T07:00:07Z,valid
ec11d8f6-34c5-4d2d-afc2-4171b759c56a,5243,2026-08-04T03:00:00+03:00,2026-08-04,2026-08-06T03:00:00+03:00,2026-08-06,48,22,22,True,xml_html_confirmed,22,True,2026-08-05T07:00:07Z,2026-08-05T10:00:07+03:00,b5889bcd562f48997581504c1edeabf781adcb07056deea1e1ef7e66c2ddf018,2026-08-04T12:07:23Z,2026-08-05T07:00:07Z,valid
ec11d8f6-34c5-4d2d-afc2-4171b759c56a,5243,2026-08-04T03:00:00+03:00,2026-08-04,2026-08-07T03:00:00+03:00,2026-08-07,72,21,21,True,xml_html_confirmed,21,True,2026-08-05T07:00:07Z,2026-08-05T10:00:07+03:00,b5889bcd562f48997581504c1edeabf781adcb07056deea1e1ef7e66c2ddf018,2026-08-04T12:07:23Z,2026-08-05T07:00:07Z,valid
ec11d8f6-34c5-4d2d-afc2-4171b759c56a,5243,2026-08-04T03:00:00+03:00,2026-08-04,2026-08-08T03:00:00+03:00,2026-08-08,96,19,19,True,xml_html_confirmed,19,True,2026-08-05T07:00:07Z,2026-08-05T10:00:07+03:00,b5889bcd562f48997581504c1edeabf781adcb07056deea1e1ef7e66c2ddf018,2026-08-04T12:07:23Z,2026-08-05T07:00:07Z,valid
ec11d8f6-34c5-4d2d-afc2-4171b759c56a,5243,2026-08-05T03:00:00+03:00,2026-08-05,2026-08-10T03:00:00+03:00,2026-08-10,120,17,17,True,xml_html_confirmed,17,True,2026-08-06T07:00:16Z,2026-08-06T10:00:16+03:00,e6649b5f328e7c66920f80d6d3f893b22a7427e1c6a6147a120f1cbaf25a27e1,2026-08-05T15:00:16Z,2026-08-06T07:00:16Z,valid
ec11d8f6-34c5-4d2d-afc2-4171b759c56a,5243,2026-08-05T03:00:00+03:00,2026-08-05,2026-08-06T03:00:00+03:00,2026-08-06,24,21,21,True,xml_html_confirmed,21,True,2026-08-06T07:00:16Z,2026-08-06T10:00:16+03:00,e6649b5f328e7c66920f80d6d3f893b22a7427e1c6a6147a120f1cbaf25a27e1,2026-08-05T15:00:16Z,2026-08-06T07:00:16Z,valid
ec11d8f6-34c5-4d2d-afc2-4171b759c56a,5243,2026-08-05T03:00:00+03:00,2026-08-05,2026-08-07T03:00:00+03:00,2026-08-07,48,20,20,True,xml_html_confirmed,20,True,2026-08-06T07:00:16Z,2026-08-06T10:00:16+03:00,e6649b5f328e7c66920f80d6d3f893b22a7427e1c6a6147a120f1cbaf25a27e1,2026-08-05T15:00:16Z,2026-08-06T07:00:16Z,valid
ec11d8f6-34c5-4d2d-afc2-4171b759c56a,5243,2026-08-05T03:00:00+03:00,2026-08-05,2026-08-08T03:00:00+03:00,2026-08-08,72,19,19,True,xml_html_confirmed,19,True,2026-08-06T07:00:16Z,2026-08-06T10:00:16+03:00,e6649b5f328e7c66920f80d6d3f893b22a7427e1c6a6147a120f1cbaf25a27e1,2026-08-05T15:00:16Z,2026-08-06T07:00:16Z,valid
ec11d8f6-34c5-4d2d-afc2-4171b759c56a,5243,2026-08-05T03:00:00+03:00,2026-08-05,2026-08-09T03:00:00+03:00,2026-08-09,96,18,18,True,xml_html_confirmed,18,True,2026-08-06T07:00:16Z,2026-08-06T10:00:16+03:00,e6649b5f328e7c66920f80d6d3f893b22a7427e1c6a6147a120f1cbaf25a27e1,2026-08-05T15:00:16Z,2026-08-06T07:00:16Z,valid
ec11d8f6-34c5-4d2d-afc2-4171b759c56a,5243,2026-08-06T03:00:00+03:00,2026-08-06,2026-08-11T03:00:00+03:00,2026-08-11,120,17,17,True,xml_html_confirmed,17,True,2026-08-07T07:00:17Z,2026-08-07T10:00:17+03:00,c929fbbd736b50c67c84c2888900131044187e754f68e546176a9e4ac9a49a1b,2026-08-06T15:00:17Z,2026-08-07T07:00:17Z,valid
ec11d8f6-34c5-4d2d-afc2-4171b759c56a,5243,2026-08-06T03:00:00+03:00,2026-08-06,2026-08-07T03:00:00+03:00,2026-08-07,24,22,22,True,xml_html_confirmed,22,True,2026-08-07T07:00:17Z,2026-08-07T10:00:17+03:00,c929fbbd736b50c67c84c2888900131044187e754f68e546176a9e4ac9a49a1b,2026-08-06T15:00:17Z,2026-08-07T07:00:17Z,valid
ec11d8f6-34c5-4d2d-afc2-4171b759c56a,5243,2026-08-06T03:00:00+03:00,2026-08-06,2026-08-08T03:00:00+03:00,2026-08-08,48,21,21,True,xml_html_confirmed,21,True,2026-08-07T07:00:17Z,2026-08-07T10:00:17+03:00,c929fbbd736b50c67c84c2888900131044187e754f68e546176a9e4ac9a49a1b,2026-08-06T15:00:17Z,2026-08-07T07:00:17Z,valid
ec11d8f6-34c5-4d2d-afc2-4171b759c56a,5243,2026-08-06T03:00:00+03:00,2026-08-06,2026-08-09T03:00:00+03:00,2026-08-09,72,20,20,True,xml_html_confirmed,20,True,2026-08-07T07:00:17Z,2026-08-07T10:00:17+03:00,c929fbbd736b50c67c84c2888900131044187e754f68e546176a9e4ac9a49a1b,2026-08-06T15:00:17Z,2026-08-07T07:00:17Z,valid
ec11d8f6-34c5-4d2d-afc2-4171b759c56a,5243,2026-08-06T03:00:00+03:00,2026-08-06,2026-08-10T03:00:00+03:00,2026-08-10,96,18,18,True,xml_html_confirmed,18,True,2026-08-07T07:00:17Z,2026-08-07T10:00:17+03:00,c929fbbd736b50c67c84c2888900131044187e754f68e546176a9e4ac9a49a1b,2026-08-06T15:00:17Z,2026-08-07T07:00:17Z,valid
fda97819-adbe-448c-bb6b-85e4aea435af,92,2026-08-02T03:00:00+03:00,2026-08-02,2026-08-07T03:00:00+03:00,2026-08-07,120,-69,-69,True,xml_with_html_mismatch,-70,False,2026-08-03T14:01:46Z,2026-08-03T17:01:46+03:00,c4ca6a50e9ba010ff0e331b2d04ab1b557b96842bfa7508ccf4e3e1ac0b5fffd,2026-08-03T14:01:46Z,2026-08-03T14:01:46Z,xml_html_value_mismatch
fda97819-adbe-448c-bb6b-85e4aea435af,92,2026-08-02T03:00:00+03:00,2026-08-02,2026-08-03T03:00:00+03:00,2026-08-03,24,-56,-56,True,xml_with_html_mismatch,-58,False,2026-08-03T14:01:46Z,2026-08-03T17:01:46+03:00,c4ca6a50e9ba010ff0e331b2d04ab1b557b96842bfa7508ccf4e3e1ac0b5fffd,2026-08-03T14:01:46Z,2026-08-03T14:01:46Z,xml_html_value_mismatch
fda97819-adbe-448c-bb6b-85e4aea435af,92,2026-08-02T03:00:00+03:00,2026-08-02,2026-08-04T03:00:00+03:00,2026-08-04,48,-59,-59,True,xml_with_html_mismatch,-61,False,2026-08-03T14:01:46Z,2026-08-03T17:01:46+03:00,c4ca6a50e9ba010ff0e331b2d04ab1b557b96842bfa7508ccf4e3e1ac0b5fffd,2026-08-03T14:01:46Z,2026-08-03T14:01:46Z,xml_html_value_mismatch
fda97819-adbe-448c-bb6b-85e4aea435af,92,2026-08-02T03:00:00+03:00,2026-08-02,2026-08-05T03:00:00+03:00,2026-08-05,72,-63,-63,True,xml_with_html_mismatch,-65,False,2026-08-03T14:01:46Z,2026-08-03T17:01:46+03:00,c4ca6a50e9ba010ff0e331b2d04ab1b557b96842bfa7508ccf4e3e1ac0b5fffd,2026-08-03T14:01:46Z,2026-08-03T14:01:46Z,xml_html_value_mismatch
fda97819-adbe-448c-bb6b-85e4aea435af,92,2026-08-02T03:00:00+03:00,2026-08-02,2026-08-06T03:00:00+03:00,2026-08-06,96,-66,-66,True,xml_with_html_mismatch,-68,False,2026-08-03T14:01:46Z,2026-08-03T17:01:46+03:00,c4ca6a50e9ba010ff0e331b2d04ab1b557b96842bfa7508ccf4e3e1ac0b5fffd,2026-08-03T14:01:46Z,2026-08-03T14:01:46Z,xml_html_value_mismatch
fda97819-adbe-448c-bb6b-85e4aea435af,92,2026-08-04T03:00:00+03:00,2026-08-04,2026-08-09T03:00:00+03:00,2026-08-09,120,-71,-71,True,xml_html_confirmed,-71,True,2026-08-05T07:00:07Z,2026-08-05T10:00:07+03:00,5d805a319afd50195c4f8d7f7628bf964519bff432e043d0cd558465eba95f59,2026-08-04T12:07:23Z,2026-08-05T07:00:07Z,valid
fda97819-adbe-448c-bb6b-85e4aea435af,92,2026-08-04T03:00:00+03:00,2026-08-04,2026-08-05T03:00:00+03:00,2026-08-05,24,-61,-61,True,xml_html_confirmed,-61,True,2026-08-05T07:00:07Z,2026-08-05T10:00:07+03:00,5d805a319afd50195c4f8d7f7628bf964519bff432e043d0cd558465eba95f59,2026-08-04T12:07:23Z,2026-08-05T07:00:07Z,valid
fda97819-adbe-448c-bb6b-85e4aea435af,92,2026-08-04T03:00:00+03:00,2026-08-04,2026-08-06T03:00:00+03:00,2026-08-06,48,-64,-64,True,xml_html_confirmed,-64,True,2026-08-05T07:00:07Z,2026-08-05T10:00:07+03:00,5d805a319afd50195c4f8d7f7628bf964519bff432e043d0cd558465eba95f59,2026-08-04T12:07:23Z,2026-08-05T07:00:07Z,valid
fda97819-adbe-448c-bb6b-85e4aea435af,92,2026-08-04T03:00:00+03:00,2026-08-04,2026-08-07T03:00:00+03:00,2026-08-07,72,-67,-67,True,xml_html_confirmed,-67,True,2026-08-05T07:00:07Z,2026-08-05T10:00:07+03:00,5d805a319afd50195c4f8d7f7628bf964519bff432e043d0cd558465eba95f59,2026-08-04T12:07:23Z,2026-08-05T07:00:07Z,valid
fda97819-adbe-448c-bb6b-85e4aea435af,92,2026-08-04T03:00:00+03:00,2026-08-04,2026-08-08T03:00:00+03:00,2026-08-08,96,-69,-69,True,xml_html_confirmed,-69,True,2026-08-05T07:00:07Z,2026-08-05T10:00:07+03:00,5d805a319afd50195c4f8d7f7628bf964519bff432e043d0cd558465eba95f59,2026-08-04T12:07:23Z,2026-08-05T07:00:07Z,valid
fda97819-adbe-448c-bb6b-85e4aea435af,92,2026-08-05T03:00:00+03:00,2026-08-05,2026-08-10T03:00:00+03:00,2026-08-10,120,-70,-70,True,xml_html_confirmed,-70,True,2026-08-06T07:00:16Z,2026-08-06T10:00:16+03:00,cc2f4e1eda91d881ca3c8dd7e59ff4055bd83170d0c18a3e2fcd7997b7fb0b1b,2026-08-05T15:00:16Z,2026-08-06T07:00:16Z,valid
fda97819-adbe-448c-bb6b-85e4aea435af,92,2026-08-05T03:00:00+03:00,2026-08-05,2026-08-06T03:00:00+03:00,2026-08-06,24,-64,-64,True,xml_html_confirmed,-64,True,2026-08-06T07:00:16Z,2026-08-06T10:00:16+03:00,cc2f4e1eda91d881ca3c8dd7e59ff4055bd83170d0c18a3e2fcd7997b7fb0b1b,2026-08-05T15:00:16Z,2026-08-06T07:00:16Z,valid
fda97819-adbe-448c-bb6b-85e4aea435af,92,2026-08-05T03:00:00+03:00,2026-08-05,2026-08-07T03:00:00+03:00,2026-08-07,48,-66,-66,True,xml_html_confirmed,-66,True,2026-08-06T07:00:16Z,2026-08-06T10:00:16+03:00,cc2f4e1eda91d881ca3c8dd7e59ff4055bd83170d0c18a3e2fcd7997b7fb0b1b,2026-08-05T15:00:16Z,2026-08-06T07:00:16Z,valid
fda97819-adbe-448c-bb6b-85e4aea435af,92,2026-08-05T03:00:00+03:00,2026-08-05,2026-08-08T03:00:00+03:00,2026-08-08,72,-68,-68,True,xml_html_confirmed,-68,True,2026-08-06T07:00:16Z,2026-08-06T10:00:16+03:00,cc2f4e1eda91d881ca3c8dd7e59ff4055bd83170d0c18a3e2fcd7997b7fb0b1b,2026-08-05T15:00:16Z,2026-08-06T07:00:16Z,valid
fda97819-adbe-448c-bb6b-85e4aea435af,92,2026-08-05T03:00:00+03:00,2026-08-05,2026-08-09T03:00:00+03:00,2026-08-09,96,-69,-69,True,xml_html_confirmed,-69,True,2026-08-06T07:00:16Z,2026-08-06T10:00:16+03:00,cc2f4e1eda91d881ca3c8dd7e59ff4055bd83170d0c18a3e2fcd7997b7fb0b1b,2026-08-05T15:00:16Z,2026-08-06T07:00:16Z,valid
fda97819-adbe-448c-bb6b-85e4aea435af,92,2026-08-06T03:00:00+03:00,2026-08-06,2026-08-11T03:00:00+03:00,2026-08-11,120,-72,-72,True,xml_html_confirmed,-72,True,2026-08-07T07:00:17Z,2026-08-07T10:00:17+03:00,55e232a0774b415cd2ff3c2bfb8b8de82ee26cdb8e12f740e529335fac8ba817,2026-08-06T15:00:17Z,2026-08-07T07:00:17Z,valid
fda97819-adbe-448c-bb6b-85e4aea435af,92,2026-08-06T03:00:00+03:00,2026-08-06,2026-08-07T03:00:00+03:00,2026-08-07,24,-67,-67,True,xml_html_confirmed,-67,True,2026-08-07T07:00:17Z,2026-08-07T10:00:17+03:00,55e232a0774b415cd2ff3c2bfb8b8de82ee26cdb8e12f740e529335fac8ba817,2026-08-06T15:00:17Z,2026-08-07T07:00:17Z,valid
fda97819-adbe-448c-bb6b-85e4aea435af,92,2026-08-06T03:00:00+03:00,2026-08-06,2026-08-08T03:00:00+03:00,2026-08-08,48,-69,-69,True,xml_html_confirmed,-69,True,2026-08-07T07:00:17Z,2026-08-07T10:00:17+03:00,55e232a0774b415cd2ff3c2bfb8b8de82ee26cdb8e12f740e529335fac8ba817,2026-08-06T15:00:17Z,2026-08-07T07:00:17Z,valid
fda97819-adbe-448c-bb6b-85e4aea435af,92,2026-08-06T03:00:00+03:00,2026-08-06,2026-08-09T03:00:00+03:00,2026-08-09,72,-70,-70,True,xml_html_confirmed,-70,True,2026-08-07T07:00:17Z,2026-08-07T10:00:17+03:00,55e232a0774b415cd2ff3c2bfb8b8de82ee26cdb8e12f740e529335fac8ba817,2026-08-06T15:00:17Z,2026-08-07T07:00:17Z,valid
fda97819-adbe-448c-bb6b-85e4aea435af,92,2026-08-06T03:00:00+03:00,2026-08-06,2026-08-10T03:00:00+03:00,2026-08-10,96,-71,-71,True,xml_html_confirmed,-71,True,2026-08-07T07:00:17Z,2026-08-07T10:00:17+03:00,55e232a0774b415cd2ff3c2bfb8b8de82ee26cdb8e12f740e529335fac8ba817,2026-08-06T15:00:17Z,2026-08-07T07:00:17Z,valid
