{
  "features": [
    {
      "geometry": {
        "coordinates": [
          13.586813,
          48.567382
        ],
        "type": "Point"
      },
      "properties": {
        "capture_datetime_utc": "2026-08-05T09:55:51.126468+00:00",
        "coordinate_confidence": "high",
        "coordinate_method": "official_station_coordinate",
        "coordinate_provider": "WSV PEGELONLINE",
        "coordinate_review_status": "accepted",
        "coordinate_source": "https://www.pegelonline.wsv.de/webservices/rest-api/v2/stations/99619dc5-9c88-45e9-a97d-653c41cda8a1.json",
        "country_code": "DE",
        "discharge": null,
        "is_exact_station_location": true,
        "river_km": 2214.5,
        "river_name": "Danube",
        "source_id": "pegelonline_de",
        "source_label": "WSV PEGELONLINE",
        "source_status": "complete",
        "source_url": "https://www.pegelonline.wsv.de/webservices/rest-api/v2/stations/99619dc5-9c88-45e9-a97d-653c41cda8a1.json",
        "station_id": "de-99619dc5-9c88-45e9-a97d-653c41cda8a1",
        "station_name": "ERLAU",
        "station_name_local": "ERLAU",
        "station_slug": "de-erlau",
        "station_type": "gauge",
        "water_level": {
          "canonical_quality_flag": "observed",
          "captured_at_utc": "2026-08-05T09:55:51.126468+00:00",
          "captured_via_provider_id": "pegelonline_de",
          "country_code": "DE",
          "current_usable": true,
          "measurement_date": null,
          "measurement_datetime_local": "2026-08-05T11:45:00+02:00",
          "measurement_datetime_utc": "2026-08-05T09:45:00+00:00",
          "measurement_time_original": "2026-08-05T11:45:00+02:00",
          "measurement_timezone": "source ISO-8601 offset",
          "operator_provider_id": "pegelonline_de",
          "parameter": "water_level",
          "source_file_sha256": "ea0da215f1c2dd184ceb10cbdca9a1465893e38fd6e6407b3951f713c724fa0f",
          "source_id": "pegelonline_de",
          "source_provider_id": "pegelonline_de",
          "source_quality_code": "source_unit=cm;normal;unknown",
          "source_station_id": "99619dc5-9c88-45e9-a97d-653c41cda8a1",
          "source_status": "complete",
          "source_url": "https://www.pegelonline.wsv.de/webservices/rest-api/v2/stations/99619dc5-9c88-45e9-a97d-653c41cda8a1.json",
          "stale": false,
          "station_id": "de-99619dc5-9c88-45e9-a97d-653c41cda8a1",
          "station_name": "ERLAU",
          "station_name_local": "ERLAU",
          "unit": "cm",
          "value": 741.0,
          "variation_value": null,
          "variation_window_hours": null
        },
        "water_temperature": null
      },
      "type": "Feature"
    },
    {
      "geometry": {
        "coordinates": [
          13.478017,
          48.575198
        ],
        "type": "Point"
      },
      "properties": {
        "capture_datetime_utc": "2026-08-05T09:55:51.126468+00:00",
        "coordinate_confidence": "high",
        "coordinate_method": "official_station_coordinate",
        "coordinate_provider": "WSV PEGELONLINE",
        "coordinate_review_status": "accepted",
        "coordinate_source": "https://www.pegelonline.wsv.de/webservices/rest-api/v2/stations/33ceb441-23bc-4ca6-9fcd-ac35d41ef117.json",
        "country_code": "DE",
        "discharge": null,
        "is_exact_station_location": true,
        "river_km": 2225.2,
        "river_name": "Danube",
        "source_id": "pegelonline_de",
        "source_label": "WSV PEGELONLINE",
        "source_status": "complete",
        "source_url": "https://www.pegelonline.wsv.de/webservices/rest-api/v2/stations/33ceb441-23bc-4ca6-9fcd-ac35d41ef117.json",
        "station_id": "de-33ceb441-23bc-4ca6-9fcd-ac35d41ef117",
        "station_name": "PASSAU ILZSTADT",
        "station_name_local": "PASSAU ILZSTADT",
        "station_slug": "de-passau-ilzstadt",
        "station_type": "gauge",
        "water_level": {
          "canonical_quality_flag": "observed",
          "captured_at_utc": "2026-08-05T09:55:51.126468+00:00",
          "captured_via_provider_id": "pegelonline_de",
          "country_code": "DE",
          "current_usable": true,
          "measurement_date": null,
          "measurement_datetime_local": "2026-08-05T11:45:00+02:00",
          "measurement_datetime_utc": "2026-08-05T09:45:00+00:00",
          "measurement_time_original": "2026-08-05T11:45:00+02:00",
          "measurement_timezone": "source ISO-8601 offset",
          "operator_provider_id": "pegelonline_de",
          "parameter": "water_level",
          "source_file_sha256": "ea0da215f1c2dd184ceb10cbdca9a1465893e38fd6e6407b3951f713c724fa0f",
          "source_id": "pegelonline_de",
          "source_provider_id": "pegelonline_de",
          "source_quality_code": "source_unit=cm;low;unknown",
          "source_station_id": "33ceb441-23bc-4ca6-9fcd-ac35d41ef117",
          "source_status": "complete",
          "source_url": "https://www.pegelonline.wsv.de/webservices/rest-api/v2/stations/33ceb441-23bc-4ca6-9fcd-ac35d41ef117.json",
          "stale": false,
          "station_id": "de-33ceb441-23bc-4ca6-9fcd-ac35d41ef117",
          "station_name": "PASSAU ILZSTADT",
          "station_name_local": "PASSAU ILZSTADT",
          "unit": "cm",
          "value": 418.0,
          "variation_value": null,
          "variation_window_hours": null
        },
        "water_temperature": null
      },
      "type": "Feature"
    },
    {
      "geometry": {
        "coordinates": [
          13.472833,
          48.575835
        ],
        "type": "Point"
      },
      "properties": {
        "capture_datetime_utc": "2026-08-05T09:55:51.126468+00:00",
        "coordinate_confidence": "high",
        "coordinate_method": "official_station_coordinate",
        "coordinate_provider": "WSV PEGELONLINE",
        "coordinate_review_status": "accepted",
        "coordinate_source": "https://www.pegelonline.wsv.de/webservices/rest-api/v2/stations/4520c1a8-174c-4b95-9ca3-fe1e3f9d874a.json",
        "country_code": "DE",
        "discharge": null,
        "is_exact_station_location": true,
        "river_km": 2225.75,
        "river_name": "Danube",
        "source_id": "pegelonline_de",
        "source_label": "WSV PEGELONLINE",
        "source_status": "complete",
        "source_url": "https://www.pegelonline.wsv.de/webservices/rest-api/v2/stations/4520c1a8-174c-4b95-9ca3-fe1e3f9d874a.json",
        "station_id": "de-4520c1a8-174c-4b95-9ca3-fe1e3f9d874a",
        "station_name": "PASSAU LUITPOLDBRUCKE DFH",
        "station_name_local": "PASSAU LUITPOLDBRÜCKE DFH",
        "station_slug": "de-passau-luitpoldbrucke-dfh",
        "station_type": "gauge",
        "water_level": null,
        "water_temperature": null
      },
      "type": "Feature"
    },
    {
      "geometry": {
        "coordinates": [
          13.459076,
          48.576133
        ],
        "type": "Point"
      },
      "properties": {
        "capture_datetime_utc": "2026-08-05T09:55:51.126468+00:00",
        "coordinate_confidence": "high",
        "coordinate_method": "official_station_coordinate",
        "coordinate_provider": "WSV PEGELONLINE",
        "coordinate_review_status": "accepted",
        "coordinate_source": "https://www.pegelonline.wsv.de/webservices/rest-api/v2/stations/9f12c405-35ac-4d90-9b7b-023be355867e.json",
        "country_code": "DE",
        "discharge": null,
        "is_exact_station_location": true,
        "river_km": 2226.7,
        "river_name": "Danube",
        "source_id": "pegelonline_de",
        "source_label": "WSV PEGELONLINE",
        "source_status": "complete",
        "source_url": "https://www.pegelonline.wsv.de/webservices/rest-api/v2/stations/9f12c405-35ac-4d90-9b7b-023be355867e.json",
        "station_id": "de-9f12c405-35ac-4d90-9b7b-023be355867e",
        "station_name": "PASSAU DONAU",
        "station_name_local": "PASSAU DONAU",
        "station_slug": "de-passau-donau",
        "station_type": "gauge",
        "water_level": {
          "canonical_quality_flag": "observed",
          "captured_at_utc": "2026-08-05T09:55:51.126468+00:00",
          "captured_via_provider_id": "pegelonline_de",
          "country_code": "DE",
          "current_usable": true,
          "measurement_date": null,
          "measurement_datetime_local": "2026-08-05T11:45:00+02:00",
          "measurement_datetime_utc": "2026-08-05T09:45:00+00:00",
          "measurement_time_original": "2026-08-05T11:45:00+02:00",
          "measurement_timezone": "source ISO-8601 offset",
          "operator_provider_id": "pegelonline_de",
          "parameter": "water_level",
          "source_file_sha256": "ea0da215f1c2dd184ceb10cbdca9a1465893e38fd6e6407b3951f713c724fa0f",
          "source_id": "pegelonline_de",
          "source_provider_id": "pegelonline_de",
          "source_quality_code": "source_unit=cm;low;normal",
          "source_station_id": "9f12c405-35ac-4d90-9b7b-023be355867e",
          "source_status": "complete",
          "source_url": "https://www.pegelonline.wsv.de/webservices/rest-api/v2/stations/9f12c405-35ac-4d90-9b7b-023be355867e.json",
          "stale": false,
          "station_id": "de-9f12c405-35ac-4d90-9b7b-023be355867e",
          "station_name": "PASSAU DONAU",
          "station_name_local": "PASSAU DONAU",
          "unit": "cm",
          "value": 398.0,
          "variation_value": null,
          "variation_window_hours": null
        },
        "water_temperature": {
          "canonical_quality_flag": "observed",
          "captured_at_utc": "2026-08-05T09:55:51.126468+00:00",
          "captured_via_provider_id": "pegelonline_de",
          "country_code": "DE",
          "current_usable": true,
          "measurement_date": null,
          "measurement_datetime_local": "2026-08-05T11:00:00+02:00",
          "measurement_datetime_utc": "2026-08-05T09:00:00+00:00",
          "measurement_time_original": "2026-08-05T11:00:00+02:00",
          "measurement_timezone": "source ISO-8601 offset",
          "operator_provider_id": "pegelonline_de",
          "parameter": "water_temperature",
          "source_file_sha256": "ea0da215f1c2dd184ceb10cbdca9a1465893e38fd6e6407b3951f713c724fa0f",
          "source_id": "pegelonline_de",
          "source_provider_id": "pegelonline_de",
          "source_quality_code": "source_unit=°C",
          "source_station_id": "9f12c405-35ac-4d90-9b7b-023be355867e",
          "source_status": "complete",
          "source_url": "https://www.pegelonline.wsv.de/webservices/rest-api/v2/stations/9f12c405-35ac-4d90-9b7b-023be355867e.json",
          "stale": false,
          "station_id": "de-9f12c405-35ac-4d90-9b7b-023be355867e",
          "station_name": "PASSAU DONAU",
          "station_name_local": "PASSAU DONAU",
          "unit": "degC",
          "value": 28.4,
          "variation_value": null,
          "variation_window_hours": null
        }
      },
      "type": "Feature"
    },
    {
      "geometry": {
        "coordinates": [
          13.41269,
          48.578228
        ],
        "type": "Point"
      },
      "properties": {
        "capture_datetime_utc": "2026-08-05T09:55:51.126468+00:00",
        "coordinate_confidence": "high",
        "coordinate_method": "official_station_coordinate",
        "coordinate_provider": "WSV PEGELONLINE",
        "coordinate_review_status": "accepted",
        "coordinate_source": "https://www.pegelonline.wsv.de/webservices/rest-api/v2/stations/0fd56e0a-e32e-4b56-9cda-e0ce93d715c4.json",
        "country_code": "DE",
        "discharge": null,
        "is_exact_station_location": true,
        "river_km": 2230.3,
        "river_name": "Danube",
        "source_id": "pegelonline_de",
        "source_label": "WSV PEGELONLINE",
        "source_status": "complete",
        "source_url": "https://www.pegelonline.wsv.de/webservices/rest-api/v2/stations/0fd56e0a-e32e-4b56-9cda-e0ce93d715c4.json",
        "station_id": "de-0fd56e0a-e32e-4b56-9cda-e0ce93d715c4",
        "station_name": "KACHLET SCHLEUSE UP",
        "station_name_local": "KACHLET SCHLEUSE UP",
        "station_slug": "de-kachlet-schleuse-up",
        "station_type": "gauge",
        "water_level": {
          "canonical_quality_flag": "observed",
          "captured_at_utc": "2026-08-05T09:55:51.126468+00:00",
          "captured_via_provider_id": "pegelonline_de",
          "country_code": "DE",
          "current_usable": true,
          "measurement_date": null,
          "measurement_datetime_local": "2026-08-05T11:46:00+02:00",
          "measurement_datetime_utc": "2026-08-05T09:46:00+00:00",
          "measurement_time_original": "2026-08-05T11:46:00+02:00",
          "measurement_timezone": "source ISO-8601 offset",
          "operator_provider_id": "pegelonline_de",
          "parameter": "water_level",
          "source_file_sha256": "ea0da215f1c2dd184ceb10cbdca9a1465893e38fd6e6407b3951f713c724fa0f",
          "source_id": "pegelonline_de",
          "source_provider_id": "pegelonline_de",
          "source_quality_code": "source_unit=cm;low;unknown",
          "source_station_id": "0fd56e0a-e32e-4b56-9cda-e0ce93d715c4",
          "source_status": "complete",
          "source_url": "https://www.pegelonline.wsv.de/webservices/rest-api/v2/stations/0fd56e0a-e32e-4b56-9cda-e0ce93d715c4.json",
          "stale": false,
          "station_id": "de-0fd56e0a-e32e-4b56-9cda-e0ce93d715c4",
          "station_name": "KACHLET SCHLEUSE UP",
          "station_name_local": "KACHLET SCHLEUSE UP",
          "unit": "cm",
          "value": 34.0,
          "variation_value": null,
          "variation_window_hours": null
        },
        "water_temperature": null
      },
      "type": "Feature"
    },
    {
      "geometry": {
        "coordinates": [
          13.475462,
          48.57567
        ],
        "type": "Point"
      },
      "properties": {
        "capture_datetime_utc": "2026-08-05T09:55:51.126468+00:00",
        "coordinate_confidence": "high",
        "coordinate_method": "official_station_coordinate",
        "coordinate_provider": "WSV PEGELONLINE",
        "coordinate_review_status": "accepted",
        "coordinate_source": "https://www.pegelonline.wsv.de/webservices/rest-api/v2/stations/3199ce09-cd9b-4be2-82bc-f03bb81438e5.json",
        "country_code": "DE",
        "discharge": null,
        "is_exact_station_location": true,
        "river_km": 2230.31,
        "river_name": "Danube",
        "source_id": "pegelonline_de",
        "source_label": "WSV PEGELONLINE",
        "source_status": "complete",
        "source_url": "https://www.pegelonline.wsv.de/webservices/rest-api/v2/stations/3199ce09-cd9b-4be2-82bc-f03bb81438e5.json",
        "station_id": "de-3199ce09-cd9b-4be2-82bc-f03bb81438e5",
        "station_name": "PASSAU STEINBACHBRUCKE DFH",
        "station_name_local": "PASSAU STEINBACHBRÜCKE DFH",
        "station_slug": "de-passau-steinbachbrucke-dfh",
        "station_type": "gauge",
        "water_level": null,
        "water_temperature": null
      },
      "type": "Feature"
    },
    {
      "geometry": {
        "coordinates": [
          13.182429,
          48.637297
        ],
        "type": "Point"
      },
      "properties": {
        "capture_datetime_utc": "2026-08-05T09:55:51.126468+00:00",
        "coordinate_confidence": "high",
        "coordinate_method": "official_station_coordinate",
        "coordinate_provider": "WSV PEGELONLINE",
        "coordinate_review_status": "accepted",
        "coordinate_source": "https://www.pegelonline.wsv.de/webservices/rest-api/v2/stations/e6d68ab7-5c27-4f25-896f-11dbf04056cd.json",
        "country_code": "DE",
        "discharge": null,
        "is_exact_station_location": true,
        "river_km": 2249.5,
        "river_name": "Danube",
        "source_id": "pegelonline_de",
        "source_label": "WSV PEGELONLINE",
        "source_status": "complete",
        "source_url": "https://www.pegelonline.wsv.de/webservices/rest-api/v2/stations/e6d68ab7-5c27-4f25-896f-11dbf04056cd.json",
        "station_id": "de-e6d68ab7-5c27-4f25-896f-11dbf04056cd",
        "station_name": "VILSHOFEN",
        "station_name_local": "VILSHOFEN",
        "station_slug": "de-vilshofen",
        "station_type": "gauge",
        "water_level": {
          "canonical_quality_flag": "observed",
          "captured_at_utc": "2026-08-05T09:55:51.126468+00:00",
          "captured_via_provider_id": "pegelonline_de",
          "country_code": "DE",
          "current_usable": true,
          "measurement_date": null,
          "measurement_datetime_local": "2026-08-05T11:45:00+02:00",
          "measurement_datetime_utc": "2026-08-05T09:45:00+00:00",
          "measurement_time_original": "2026-08-05T11:45:00+02:00",
          "measurement_timezone": "source ISO-8601 offset",
          "operator_provider_id": "pegelonline_de",
          "parameter": "water_level",
          "source_file_sha256": "ea0da215f1c2dd184ceb10cbdca9a1465893e38fd6e6407b3951f713c724fa0f",
          "source_id": "pegelonline_de",
          "source_provider_id": "pegelonline_de",
          "source_quality_code": "source_unit=cm;low;unknown",
          "source_station_id": "e6d68ab7-5c27-4f25-896f-11dbf04056cd",
          "source_status": "complete",
          "source_url": "https://www.pegelonline.wsv.de/webservices/rest-api/v2/stations/e6d68ab7-5c27-4f25-896f-11dbf04056cd.json",
          "stale": false,
          "station_id": "de-e6d68ab7-5c27-4f25-896f-11dbf04056cd",
          "station_name": "VILSHOFEN",
          "station_name_local": "VILSHOFEN",
          "unit": "cm",
          "value": 285.0,
          "variation_value": null,
          "variation_window_hours": null
        },
        "water_temperature": {
          "canonical_quality_flag": "observed",
          "captured_at_utc": "2026-08-05T09:55:51.126468+00:00",
          "captured_via_provider_id": "pegelonline_de",
          "country_code": "DE",
          "current_usable": true,
          "measurement_date": null,
          "measurement_datetime_local": "2026-08-05T11:00:00+02:00",
          "measurement_datetime_utc": "2026-08-05T09:00:00+00:00",
          "measurement_time_original": "2026-08-05T11:00:00+02:00",
          "measurement_timezone": "source ISO-8601 offset",
          "operator_provider_id": "pegelonline_de",
          "parameter": "water_temperature",
          "source_file_sha256": "ea0da215f1c2dd184ceb10cbdca9a1465893e38fd6e6407b3951f713c724fa0f",
          "source_id": "pegelonline_de",
          "source_provider_id": "pegelonline_de",
          "source_quality_code": "source_unit=°C",
          "source_station_id": "e6d68ab7-5c27-4f25-896f-11dbf04056cd",
          "source_status": "complete",
          "source_url": "https://www.pegelonline.wsv.de/webservices/rest-api/v2/stations/e6d68ab7-5c27-4f25-896f-11dbf04056cd.json",
          "stale": false,
          "station_id": "de-e6d68ab7-5c27-4f25-896f-11dbf04056cd",
          "station_name": "VILSHOFEN",
          "station_name_local": "VILSHOFEN",
          "unit": "degC",
          "value": 25.8,
          "variation_value": null,
          "variation_window_hours": null
        }
      },
      "type": "Feature"
    },
    {
      "geometry": {
        "coordinates": [
          13.115154,
          48.676675
        ],
        "type": "Point"
      },
      "properties": {
        "capture_datetime_utc": "2026-08-05T09:55:51.126468+00:00",
        "coordinate_confidence": "high",
        "coordinate_method": "official_station_coordinate",
        "coordinate_provider": "WSV PEGELONLINE",
        "coordinate_review_status": "accepted",
        "coordinate_source": "https://www.pegelonline.wsv.de/webservices/rest-api/v2/stations/616dd98e-816d-4e17-b8cd-57b163dbc8a2.json",
        "country_code": "DE",
        "discharge": {
          "canonical_quality_flag": "observed",
          "captured_at_utc": "2026-08-05T09:55:51.126468+00:00",
          "captured_via_provider_id": "pegelonline_de",
          "country_code": "DE",
          "current_usable": true,
          "measurement_date": null,
          "measurement_datetime_local": "2026-08-05T11:15:00+02:00",
          "measurement_datetime_utc": "2026-08-05T09:15:00+00:00",
          "measurement_time_original": "2026-08-05T11:15:00+02:00",
          "measurement_timezone": "source ISO-8601 offset",
          "operator_provider_id": "pegelonline_de",
          "parameter": "discharge",
          "source_file_sha256": "ea0da215f1c2dd184ceb10cbdca9a1465893e38fd6e6407b3951f713c724fa0f",
          "source_id": "pegelonline_de",
          "source_provider_id": "pegelonline_de",
          "source_quality_code": "source_unit=m³/s",
          "source_station_id": "616dd98e-816d-4e17-b8cd-57b163dbc8a2",
          "source_status": "complete",
          "source_url": "https://www.pegelonline.wsv.de/webservices/rest-api/v2/stations/616dd98e-816d-4e17-b8cd-57b163dbc8a2.json",
          "stale": false,
          "station_id": "de-616dd98e-816d-4e17-b8cd-57b163dbc8a2",
          "station_name": "HOFKIRCHEN",
          "station_name_local": "HOFKIRCHEN",
          "unit": "m3/s",
          "value": 176.0,
          "variation_value": null,
          "variation_window_hours": null
        },
        "is_exact_station_location": true,
        "river_km": 2256.9,
        "river_name": "Danube",
        "source_id": "pegelonline_de",
        "source_label": "WSV PEGELONLINE",
        "source_status": "complete",
        "source_url": "https://www.pegelonline.wsv.de/webservices/rest-api/v2/stations/616dd98e-816d-4e17-b8cd-57b163dbc8a2.json",
        "station_id": "de-616dd98e-816d-4e17-b8cd-57b163dbc8a2",
        "station_name": "HOFKIRCHEN",
        "station_name_local": "HOFKIRCHEN",
        "station_slug": "de-hofkirchen",
        "station_type": "gauge",
        "water_level": {
          "canonical_quality_flag": "observed",
          "captured_at_utc": "2026-08-05T09:55:51.126468+00:00",
          "captured_via_provider_id": "pegelonline_de",
          "country_code": "DE",
          "current_usable": true,
          "measurement_date": null,
          "measurement_datetime_local": "2026-08-05T11:45:00+02:00",
          "measurement_datetime_utc": "2026-08-05T09:45:00+00:00",
          "measurement_time_original": "2026-08-05T11:45:00+02:00",
          "measurement_timezone": "source ISO-8601 offset",
          "operator_provider_id": "pegelonline_de",
          "parameter": "water_level",
          "source_file_sha256": "ea0da215f1c2dd184ceb10cbdca9a1465893e38fd6e6407b3951f713c724fa0f",
          "source_id": "pegelonline_de",
          "source_provider_id": "pegelonline_de",
          "source_quality_code": "source_unit=cm;low;normal",
          "source_station_id": "616dd98e-816d-4e17-b8cd-57b163dbc8a2",
          "source_status": "complete",
          "source_url": "https://www.pegelonline.wsv.de/webservices/rest-api/v2/stations/616dd98e-816d-4e17-b8cd-57b163dbc8a2.json",
          "stale": false,
          "station_id": "de-616dd98e-816d-4e17-b8cd-57b163dbc8a2",
          "station_name": "HOFKIRCHEN",
          "station_name_local": "HOFKIRCHEN",
          "unit": "cm",
          "value": 141.0,
          "variation_value": null,
          "variation_window_hours": null
        },
        "water_temperature": null
      },
      "type": "Feature"
    },
    {
      "geometry": {
        "coordinates": [
          12.96235,
          48.824944
        ],
        "type": "Point"
      },
      "properties": {
        "capture_datetime_utc": "2026-08-05T09:55:51.126468+00:00",
        "coordinate_confidence": "high",
        "coordinate_method": "official_station_coordinate",
        "coordinate_provider": "WSV PEGELONLINE",
        "coordinate_review_status": "accepted",
        "coordinate_source": "https://www.pegelonline.wsv.de/webservices/rest-api/v2/stations/53d40547-8a09-4b25-988c-2e6d8d8d98ee.json",
        "country_code": "DE",
        "discharge": null,
        "is_exact_station_location": true,
        "river_km": 2284.4,
        "river_name": "Danube",
        "source_id": "pegelonline_de",
        "source_label": "WSV PEGELONLINE",
        "source_status": "complete",
        "source_url": "https://www.pegelonline.wsv.de/webservices/rest-api/v2/stations/53d40547-8a09-4b25-988c-2e6d8d8d98ee.json",
        "station_id": "de-53d40547-8a09-4b25-988c-2e6d8d8d98ee",
        "station_name": "DEGGENDORF",
        "station_name_local": "DEGGENDORF",
        "station_slug": "de-deggendorf",
        "station_type": "gauge",
        "water_level": {
          "canonical_quality_flag": "observed",
          "captured_at_utc": "2026-08-05T09:55:51.126468+00:00",
          "captured_via_provider_id": "pegelonline_de",
          "country_code": "DE",
          "current_usable": true,
          "measurement_date": null,
          "measurement_datetime_local": "2026-08-05T11:45:00+02:00",
          "measurement_datetime_utc": "2026-08-05T09:45:00+00:00",
          "measurement_time_original": "2026-08-05T11:45:00+02:00",
          "measurement_timezone": "source ISO-8601 offset",
          "operator_provider_id": "pegelonline_de",
          "parameter": "water_level",
          "source_file_sha256": "ea0da215f1c2dd184ceb10cbdca9a1465893e38fd6e6407b3951f713c724fa0f",
          "source_id": "pegelonline_de",
          "source_provider_id": "pegelonline_de",
          "source_quality_code": "source_unit=cm;low;unknown",
          "source_station_id": "53d40547-8a09-4b25-988c-2e6d8d8d98ee",
          "source_status": "complete",
          "source_url": "https://www.pegelonline.wsv.de/webservices/rest-api/v2/stations/53d40547-8a09-4b25-988c-2e6d8d8d98ee.json",
          "stale": false,
          "station_id": "de-53d40547-8a09-4b25-988c-2e6d8d8d98ee",
          "station_name": "DEGGENDORF",
          "station_name_local": "DEGGENDORF",
          "unit": "cm",
          "value": 130.0,
          "variation_value": null,
          "variation_window_hours": null
        },
        "water_temperature": {
          "canonical_quality_flag": "observed",
          "captured_at_utc": "2026-08-05T09:55:51.126468+00:00",
          "captured_via_provider_id": "pegelonline_de",
          "country_code": "DE",
          "current_usable": true,
          "measurement_date": null,
          "measurement_datetime_local": "2026-08-05T11:00:00+02:00",
          "measurement_datetime_utc": "2026-08-05T09:00:00+00:00",
          "measurement_time_original": "2026-08-05T11:00:00+02:00",
          "measurement_timezone": "source ISO-8601 offset",
          "operator_provider_id": "pegelonline_de",
          "parameter": "water_temperature",
          "source_file_sha256": "ea0da215f1c2dd184ceb10cbdca9a1465893e38fd6e6407b3951f713c724fa0f",
          "source_id": "pegelonline_de",
          "source_provider_id": "pegelonline_de",
          "source_quality_code": "source_unit=°C",
          "source_station_id": "53d40547-8a09-4b25-988c-2e6d8d8d98ee",
          "source_status": "complete",
          "source_url": "https://www.pegelonline.wsv.de/webservices/rest-api/v2/stations/53d40547-8a09-4b25-988c-2e6d8d8d98ee.json",
          "stale": false,
          "station_id": "de-53d40547-8a09-4b25-988c-2e6d8d8d98ee",
          "station_name": "DEGGENDORF",
          "station_name_local": "DEGGENDORF",
          "unit": "degC",
          "value": 25.3,
          "variation_value": null,
          "variation_window_hours": null
        }
      },
      "type": "Feature"
    },
    {
      "geometry": {
        "coordinates": [
          12.747217,
          48.879766
        ],
        "type": "Point"
      },
      "properties": {
        "capture_datetime_utc": "2026-08-05T09:55:51.126468+00:00",
        "coordinate_confidence": "high",
        "coordinate_method": "official_station_coordinate",
        "coordinate_provider": "WSV PEGELONLINE",
        "coordinate_review_status": "accepted",
        "coordinate_source": "https://www.pegelonline.wsv.de/webservices/rest-api/v2/stations/7fe63a95-8ff6-4cff-9a29-a124136516b5.json",
        "country_code": "DE",
        "discharge": {
          "canonical_quality_flag": "observed",
          "captured_at_utc": "2026-08-05T09:55:51.126468+00:00",
          "captured_via_provider_id": "pegelonline_de",
          "country_code": "DE",
          "current_usable": true,
          "measurement_date": null,
          "measurement_datetime_local": "2026-08-05T11:15:00+02:00",
          "measurement_datetime_utc": "2026-08-05T09:15:00+00:00",
          "measurement_time_original": "2026-08-05T11:15:00+02:00",
          "measurement_timezone": "source ISO-8601 offset",
          "operator_provider_id": "pegelonline_de",
          "parameter": "discharge",
          "source_file_sha256": "ea0da215f1c2dd184ceb10cbdca9a1465893e38fd6e6407b3951f713c724fa0f",
          "source_id": "pegelonline_de",
          "source_provider_id": "pegelonline_de",
          "source_quality_code": "source_unit=m³/s",
          "source_station_id": "7fe63a95-8ff6-4cff-9a29-a124136516b5",
          "source_status": "complete",
          "source_url": "https://www.pegelonline.wsv.de/webservices/rest-api/v2/stations/7fe63a95-8ff6-4cff-9a29-a124136516b5.json",
          "stale": false,
          "station_id": "de-7fe63a95-8ff6-4cff-9a29-a124136516b5",
          "station_name": "PFELLING",
          "station_name_local": "PFELLING",
          "unit": "m3/s",
          "value": 120.0,
          "variation_value": null,
          "variation_window_hours": null
        },
        "is_exact_station_location": true,
        "river_km": 2305.5,
        "river_name": "Danube",
        "source_id": "pegelonline_de",
        "source_label": "WSV PEGELONLINE",
        "source_status": "complete",
        "source_url": "https://www.pegelonline.wsv.de/webservices/rest-api/v2/stations/7fe63a95-8ff6-4cff-9a29-a124136516b5.json",
        "station_id": "de-7fe63a95-8ff6-4cff-9a29-a124136516b5",
        "station_name": "PFELLING",
        "station_name_local": "PFELLING",
        "station_slug": "de-pfelling",
        "station_type": "gauge",
        "water_level": {
          "canonical_quality_flag": "observed",
          "captured_at_utc": "2026-08-05T09:55:51.126468+00:00",
          "captured_via_provider_id": "pegelonline_de",
          "country_code": "DE",
          "current_usable": true,
          "measurement_date": null,
          "measurement_datetime_local": "2026-08-05T11:45:00+02:00",
          "measurement_datetime_utc": "2026-08-05T09:45:00+00:00",
          "measurement_time_original": "2026-08-05T11:45:00+02:00",
          "measurement_timezone": "source ISO-8601 offset",
          "operator_provider_id": "pegelonline_de",
          "parameter": "water_level",
          "source_file_sha256": "ea0da215f1c2dd184ceb10cbdca9a1465893e38fd6e6407b3951f713c724fa0f",
          "source_id": "pegelonline_de",
          "source_provider_id": "pegelonline_de",
          "source_quality_code": "source_unit=cm;low;normal",
          "source_station_id": "7fe63a95-8ff6-4cff-9a29-a124136516b5",
          "source_status": "complete",
          "source_url": "https://www.pegelonline.wsv.de/webservices/rest-api/v2/stations/7fe63a95-8ff6-4cff-9a29-a124136516b5.json",
          "stale": false,
          "station_id": "de-7fe63a95-8ff6-4cff-9a29-a124136516b5",
          "station_name": "PFELLING",
          "station_name_local": "PFELLING",
          "unit": "cm",
          "value": 201.0,
          "variation_value": null,
          "variation_window_hours": null
        },
        "water_temperature": null
      },
      "type": "Feature"
    },
    {
      "geometry": {
        "coordinates": [
          12.383772,
          48.980436
        ],
        "type": "Point"
      },
      "properties": {
        "capture_datetime_utc": "2026-08-05T09:55:51.126468+00:00",
        "coordinate_confidence": "high",
        "coordinate_method": "official_station_coordinate",
        "coordinate_provider": "WSV PEGELONLINE",
        "coordinate_review_status": "accepted",
        "coordinate_source": "https://www.pegelonline.wsv.de/webservices/rest-api/v2/stations/f768173a-7a22-40f7-90a3-4676da7e5010.json",
        "country_code": "DE",
        "discharge": null,
        "is_exact_station_location": true,
        "river_km": 2350.7,
        "river_name": "Danube",
        "source_id": "pegelonline_de",
        "source_label": "WSV PEGELONLINE",
        "source_status": "complete",
        "source_url": "https://www.pegelonline.wsv.de/webservices/rest-api/v2/stations/f768173a-7a22-40f7-90a3-4676da7e5010.json",
        "station_id": "de-f768173a-7a22-40f7-90a3-4676da7e5010",
        "station_name": "PFATTER",
        "station_name_local": "PFATTER",
        "station_slug": "de-pfatter",
        "station_type": "gauge",
        "water_level": {
          "canonical_quality_flag": "observed",
          "captured_at_utc": "2026-08-05T09:55:51.126468+00:00",
          "captured_via_provider_id": "pegelonline_de",
          "country_code": "DE",
          "current_usable": true,
          "measurement_date": null,
          "measurement_datetime_local": "2026-08-05T11:45:00+02:00",
          "measurement_datetime_utc": "2026-08-05T09:45:00+00:00",
          "measurement_time_original": "2026-08-05T11:45:00+02:00",
          "measurement_timezone": "source ISO-8601 offset",
          "operator_provider_id": "pegelonline_de",
          "parameter": "water_level",
          "source_file_sha256": "ea0da215f1c2dd184ceb10cbdca9a1465893e38fd6e6407b3951f713c724fa0f",
          "source_id": "pegelonline_de",
          "source_provider_id": "pegelonline_de",
          "source_quality_code": "source_unit=cm;low;normal",
          "source_station_id": "f768173a-7a22-40f7-90a3-4676da7e5010",
          "source_status": "complete",
          "source_url": "https://www.pegelonline.wsv.de/webservices/rest-api/v2/stations/f768173a-7a22-40f7-90a3-4676da7e5010.json",
          "stale": false,
          "station_id": "de-f768173a-7a22-40f7-90a3-4676da7e5010",
          "station_name": "PFATTER",
          "station_name_local": "PFATTER",
          "unit": "cm",
          "value": 302.0,
          "variation_value": null,
          "variation_window_hours": null
        },
        "water_temperature": null
      },
      "type": "Feature"
    },
    {
      "geometry": {
        "coordinates": [
          12.138693,
          49.023583
        ],
        "type": "Point"
      },
      "properties": {
        "capture_datetime_utc": "2026-08-05T09:55:51.126468+00:00",
        "coordinate_confidence": "high",
        "coordinate_method": "official_station_coordinate",
        "coordinate_provider": "WSV PEGELONLINE",
        "coordinate_review_status": "accepted",
        "coordinate_source": "https://www.pegelonline.wsv.de/webservices/rest-api/v2/stations/7644f1d7-3198-4313-9340-abefd459a4f3.json",
        "country_code": "DE",
        "discharge": {
          "canonical_quality_flag": "observed",
          "captured_at_utc": "2026-08-05T09:55:51.126468+00:00",
          "captured_via_provider_id": "pegelonline_de",
          "country_code": "DE",
          "current_usable": true,
          "measurement_date": null,
          "measurement_datetime_local": "2026-08-05T11:15:00+02:00",
          "measurement_datetime_utc": "2026-08-05T09:15:00+00:00",
          "measurement_time_original": "2026-08-05T11:15:00+02:00",
          "measurement_timezone": "source ISO-8601 offset",
          "operator_provider_id": "pegelonline_de",
          "parameter": "discharge",
          "source_file_sha256": "ea0da215f1c2dd184ceb10cbdca9a1465893e38fd6e6407b3951f713c724fa0f",
          "source_id": "pegelonline_de",
          "source_provider_id": "pegelonline_de",
          "source_quality_code": "source_unit=m³/s",
          "source_station_id": "7644f1d7-3198-4313-9340-abefd459a4f3",
          "source_status": "complete",
          "source_url": "https://www.pegelonline.wsv.de/webservices/rest-api/v2/stations/7644f1d7-3198-4313-9340-abefd459a4f3.json",
          "stale": false,
          "station_id": "de-7644f1d7-3198-4313-9340-abefd459a4f3",
          "station_name": "SCHWABELWEIS",
          "station_name_local": "SCHWABELWEIS",
          "unit": "m3/s",
          "value": 196.0,
          "variation_value": null,
          "variation_window_hours": null
        },
        "is_exact_station_location": true,
        "river_km": 2376.5,
        "river_name": "Danube",
        "source_id": "pegelonline_de",
        "source_label": "WSV PEGELONLINE",
        "source_status": "complete",
        "source_url": "https://www.pegelonline.wsv.de/webservices/rest-api/v2/stations/7644f1d7-3198-4313-9340-abefd459a4f3.json",
        "station_id": "de-7644f1d7-3198-4313-9340-abefd459a4f3",
        "station_name": "SCHWABELWEIS",
        "station_name_local": "SCHWABELWEIS",
        "station_slug": "de-schwabelweis",
        "station_type": "gauge",
        "water_level": {
          "canonical_quality_flag": "observed",
          "captured_at_utc": "2026-08-05T09:55:51.126468+00:00",
          "captured_via_provider_id": "pegelonline_de",
          "country_code": "DE",
          "current_usable": true,
          "measurement_date": null,
          "measurement_datetime_local": "2026-08-05T11:45:00+02:00",
          "measurement_datetime_utc": "2026-08-05T09:45:00+00:00",
          "measurement_time_original": "2026-08-05T11:45:00+02:00",
          "measurement_timezone": "source ISO-8601 offset",
          "operator_provider_id": "pegelonline_de",
          "parameter": "water_level",
          "source_file_sha256": "ea0da215f1c2dd184ceb10cbdca9a1465893e38fd6e6407b3951f713c724fa0f",
          "source_id": "pegelonline_de",
          "source_provider_id": "pegelonline_de",
          "source_quality_code": "source_unit=cm;normal;normal",
          "source_station_id": "7644f1d7-3198-4313-9340-abefd459a4f3",
          "source_status": "complete",
          "source_url": "https://www.pegelonline.wsv.de/webservices/rest-api/v2/stations/7644f1d7-3198-4313-9340-abefd459a4f3.json",
          "stale": false,
          "station_id": "de-7644f1d7-3198-4313-9340-abefd459a4f3",
          "station_name": "SCHWABELWEIS",
          "station_name_local": "SCHWABELWEIS",
          "unit": "cm",
          "value": 284.0,
          "variation_value": null,
          "variation_window_hours": null
        },
        "water_temperature": {
          "canonical_quality_flag": "observed",
          "captured_at_utc": "2026-08-05T09:55:51.126468+00:00",
          "captured_via_provider_id": "pegelonline_de",
          "country_code": "DE",
          "current_usable": true,
          "measurement_date": null,
          "measurement_datetime_local": "2026-08-05T11:00:00+02:00",
          "measurement_datetime_utc": "2026-08-05T09:00:00+00:00",
          "measurement_time_original": "2026-08-05T11:00:00+02:00",
          "measurement_timezone": "source ISO-8601 offset",
          "operator_provider_id": "pegelonline_de",
          "parameter": "water_temperature",
          "source_file_sha256": "ea0da215f1c2dd184ceb10cbdca9a1465893e38fd6e6407b3951f713c724fa0f",
          "source_id": "pegelonline_de",
          "source_provider_id": "pegelonline_de",
          "source_quality_code": "source_unit=°C",
          "source_station_id": "7644f1d7-3198-4313-9340-abefd459a4f3",
          "source_status": "complete",
          "source_url": "https://www.pegelonline.wsv.de/webservices/rest-api/v2/stations/7644f1d7-3198-4313-9340-abefd459a4f3.json",
          "stale": false,
          "station_id": "de-7644f1d7-3198-4313-9340-abefd459a4f3",
          "station_name": "SCHWABELWEIS",
          "station_name_local": "SCHWABELWEIS",
          "unit": "degC",
          "value": 25.0,
          "variation_value": null,
          "variation_window_hours": null
        }
      },
      "type": "Feature"
    },
    {
      "geometry": {
        "coordinates": [
          12.101827,
          49.021359
        ],
        "type": "Point"
      },
      "properties": {
        "capture_datetime_utc": "2026-08-05T09:55:51.126468+00:00",
        "coordinate_confidence": "high",
        "coordinate_method": "official_station_coordinate",
        "coordinate_provider": "WSV PEGELONLINE",
        "coordinate_review_status": "accepted",
        "coordinate_source": "https://www.pegelonline.wsv.de/webservices/rest-api/v2/stations/eebd633a-3af0-4b79-83d5-b6490765e06c.json",
        "country_code": "DE",
        "discharge": null,
        "is_exact_station_location": true,
        "river_km": 2379.3,
        "river_name": "Danube",
        "source_id": "pegelonline_de",
        "source_label": "WSV PEGELONLINE",
        "source_status": "complete",
        "source_url": "https://www.pegelonline.wsv.de/webservices/rest-api/v2/stations/eebd633a-3af0-4b79-83d5-b6490765e06c.json",
        "station_id": "de-eebd633a-3af0-4b79-83d5-b6490765e06c",
        "station_name": "REGENSBURG EISERNE BRUCKE",
        "station_name_local": "REGENSBURG EISERNE BRÜCKE",
        "station_slug": "de-regensburg-eiserne-brucke",
        "station_type": "gauge",
        "water_level": {
          "canonical_quality_flag": "observed",
          "captured_at_utc": "2026-08-05T09:55:51.126468+00:00",
          "captured_via_provider_id": "pegelonline_de",
          "country_code": "DE",
          "current_usable": true,
          "measurement_date": null,
          "measurement_datetime_local": "2026-08-05T11:45:00+02:00",
          "measurement_datetime_utc": "2026-08-05T09:45:00+00:00",
          "measurement_time_original": "2026-08-05T11:45:00+02:00",
          "measurement_timezone": "source ISO-8601 offset",
          "operator_provider_id": "pegelonline_de",
          "parameter": "water_level",
          "source_file_sha256": "ea0da215f1c2dd184ceb10cbdca9a1465893e38fd6e6407b3951f713c724fa0f",
          "source_id": "pegelonline_de",
          "source_provider_id": "pegelonline_de",
          "source_quality_code": "source_unit=cm;low;unknown",
          "source_station_id": "eebd633a-3af0-4b79-83d5-b6490765e06c",
          "source_status": "complete",
          "source_url": "https://www.pegelonline.wsv.de/webservices/rest-api/v2/stations/eebd633a-3af0-4b79-83d5-b6490765e06c.json",
          "stale": false,
          "station_id": "de-eebd633a-3af0-4b79-83d5-b6490765e06c",
          "station_name": "REGENSBURG EISERNE BRUCKE",
          "station_name_local": "REGENSBURG EISERNE BRÜCKE",
          "unit": "cm",
          "value": 187.0,
          "variation_value": null,
          "variation_window_hours": null
        },
        "water_temperature": null
      },
      "type": "Feature"
    },
    {
      "geometry": {
        "coordinates": [
          12.014893,
          48.946969
        ],
        "type": "Point"
      },
      "properties": {
        "capture_datetime_utc": "2026-08-05T09:55:51.126468+00:00",
        "coordinate_confidence": "high",
        "coordinate_method": "official_station_coordinate",
        "coordinate_provider": "WSV PEGELONLINE",
        "coordinate_review_status": "accepted",
        "coordinate_source": "https://www.pegelonline.wsv.de/webservices/rest-api/v2/stations/e476bcad-b898-4f68-9c26-4f1a1159dff6.json",
        "country_code": "DE",
        "discharge": {
          "canonical_quality_flag": "observed",
          "captured_at_utc": "2026-08-05T09:55:51.126468+00:00",
          "captured_via_provider_id": "pegelonline_de",
          "country_code": "DE",
          "current_usable": true,
          "measurement_date": null,
          "measurement_datetime_local": "2026-08-05T11:15:00+02:00",
          "measurement_datetime_utc": "2026-08-05T09:15:00+00:00",
          "measurement_time_original": "2026-08-05T11:15:00+02:00",
          "measurement_timezone": "source ISO-8601 offset",
          "operator_provider_id": "pegelonline_de",
          "parameter": "discharge",
          "source_file_sha256": "ea0da215f1c2dd184ceb10cbdca9a1465893e38fd6e6407b3951f713c724fa0f",
          "source_id": "pegelonline_de",
          "source_provider_id": "pegelonline_de",
          "source_quality_code": "source_unit=m³/s",
          "source_station_id": "e476bcad-b898-4f68-9c26-4f1a1159dff6",
          "source_status": "complete",
          "source_url": "https://www.pegelonline.wsv.de/webservices/rest-api/v2/stations/e476bcad-b898-4f68-9c26-4f1a1159dff6.json",
          "stale": false,
          "station_id": "de-e476bcad-b898-4f68-9c26-4f1a1159dff6",
          "station_name": "OBERNDORF",
          "station_name_local": "OBERNDORF",
          "unit": "m3/s",
          "value": 129.0,
          "variation_value": null,
          "variation_window_hours": null
        },
        "is_exact_station_location": true,
        "river_km": 2397.4,
        "river_name": "Danube",
        "source_id": "pegelonline_de",
        "source_label": "WSV PEGELONLINE",
        "source_status": "complete",
        "source_url": "https://www.pegelonline.wsv.de/webservices/rest-api/v2/stations/e476bcad-b898-4f68-9c26-4f1a1159dff6.json",
        "station_id": "de-e476bcad-b898-4f68-9c26-4f1a1159dff6",
        "station_name": "OBERNDORF",
        "station_name_local": "OBERNDORF",
        "station_slug": "de-oberndorf",
        "station_type": "gauge",
        "water_level": {
          "canonical_quality_flag": "observed",
          "captured_at_utc": "2026-08-05T09:55:51.126468+00:00",
          "captured_via_provider_id": "pegelonline_de",
          "country_code": "DE",
          "current_usable": true,
          "measurement_date": null,
          "measurement_datetime_local": "2026-08-05T11:45:00+02:00",
          "measurement_datetime_utc": "2026-08-05T09:45:00+00:00",
          "measurement_time_original": "2026-08-05T11:45:00+02:00",
          "measurement_timezone": "source ISO-8601 offset",
          "operator_provider_id": "pegelonline_de",
          "parameter": "water_level",
          "source_file_sha256": "ea0da215f1c2dd184ceb10cbdca9a1465893e38fd6e6407b3951f713c724fa0f",
          "source_id": "pegelonline_de",
          "source_provider_id": "pegelonline_de",
          "source_quality_code": "source_unit=cm;low;normal",
          "source_station_id": "e476bcad-b898-4f68-9c26-4f1a1159dff6",
          "source_status": "complete",
          "source_url": "https://www.pegelonline.wsv.de/webservices/rest-api/v2/stations/e476bcad-b898-4f68-9c26-4f1a1159dff6.json",
          "stale": false,
          "station_id": "de-e476bcad-b898-4f68-9c26-4f1a1159dff6",
          "station_name": "OBERNDORF",
          "station_name_local": "OBERNDORF",
          "unit": "cm",
          "value": 151.0,
          "variation_value": null,
          "variation_window_hours": null
        },
        "water_temperature": {
          "canonical_quality_flag": "observed",
          "captured_at_utc": "2026-08-05T09:55:51.126468+00:00",
          "captured_via_provider_id": "pegelonline_de",
          "country_code": "DE",
          "current_usable": true,
          "measurement_date": null,
          "measurement_datetime_local": "2026-08-05T11:00:00+02:00",
          "measurement_datetime_utc": "2026-08-05T09:00:00+00:00",
          "measurement_time_original": "2026-08-05T11:00:00+02:00",
          "measurement_timezone": "source ISO-8601 offset",
          "operator_provider_id": "pegelonline_de",
          "parameter": "water_temperature",
          "source_file_sha256": "ea0da215f1c2dd184ceb10cbdca9a1465893e38fd6e6407b3951f713c724fa0f",
          "source_id": "pegelonline_de",
          "source_provider_id": "pegelonline_de",
          "source_quality_code": "source_unit=°C",
          "source_station_id": "e476bcad-b898-4f68-9c26-4f1a1159dff6",
          "source_status": "complete",
          "source_url": "https://www.pegelonline.wsv.de/webservices/rest-api/v2/stations/e476bcad-b898-4f68-9c26-4f1a1159dff6.json",
          "stale": false,
          "station_id": "de-e476bcad-b898-4f68-9c26-4f1a1159dff6",
          "station_name": "OBERNDORF",
          "station_name_local": "OBERNDORF",
          "unit": "degC",
          "value": 25.2,
          "variation_value": null,
          "variation_window_hours": null
        }
      },
      "type": "Feature"
    },
    {
      "geometry": {
        "coordinates": [
          11.93206,
          48.911858
        ],
        "type": "Point"
      },
      "properties": {
        "capture_datetime_utc": "2026-08-05T09:55:51.126468+00:00",
        "coordinate_confidence": "high",
        "coordinate_method": "official_station_coordinate",
        "coordinate_provider": "WSV PEGELONLINE",
        "coordinate_review_status": "accepted",
        "coordinate_source": "https://www.pegelonline.wsv.de/webservices/rest-api/v2/stations/c9409937-b794-4b69-b36b-38467daab09a.json",
        "country_code": "DE",
        "discharge": null,
        "is_exact_station_location": true,
        "river_km": 2409.7,
        "river_name": "Danube",
        "source_id": "pegelonline_de",
        "source_label": "WSV PEGELONLINE",
        "source_status": "complete",
        "source_url": "https://www.pegelonline.wsv.de/webservices/rest-api/v2/stations/c9409937-b794-4b69-b36b-38467daab09a.json",
        "station_id": "de-c9409937-b794-4b69-b36b-38467daab09a",
        "station_name": "KELHEIMWINZER",
        "station_name_local": "KELHEIMWINZER",
        "station_slug": "de-kelheimwinzer",
        "station_type": "gauge",
        "water_level": {
          "canonical_quality_flag": "observed",
          "captured_at_utc": "2026-08-05T09:55:51.126468+00:00",
          "captured_via_provider_id": "pegelonline_de",
          "country_code": "DE",
          "current_usable": true,
          "measurement_date": null,
          "measurement_datetime_local": "2026-08-05T11:45:00+02:00",
          "measurement_datetime_utc": "2026-08-05T09:45:00+00:00",
          "measurement_time_original": "2026-08-05T11:45:00+02:00",
          "measurement_timezone": "source ISO-8601 offset",
          "operator_provider_id": "pegelonline_de",
          "parameter": "water_level",
          "source_file_sha256": "ea0da215f1c2dd184ceb10cbdca9a1465893e38fd6e6407b3951f713c724fa0f",
          "source_id": "pegelonline_de",
          "source_provider_id": "pegelonline_de",
          "source_quality_code": "source_unit=cm;low;unknown",
          "source_station_id": "c9409937-b794-4b69-b36b-38467daab09a",
          "source_status": "complete",
          "source_url": "https://www.pegelonline.wsv.de/webservices/rest-api/v2/stations/c9409937-b794-4b69-b36b-38467daab09a.json",
          "stale": false,
          "station_id": "de-c9409937-b794-4b69-b36b-38467daab09a",
          "station_name": "KELHEIMWINZER",
          "station_name_local": "KELHEIMWINZER",
          "unit": "cm",
          "value": 251.0,
          "variation_value": null,
          "variation_window_hours": null
        },
        "water_temperature": null
      },
      "type": "Feature"
    },
    {
      "geometry": {
        "coordinates": [
          11.864627,
          48.916603
        ],
        "type": "Point"
      },
      "properties": {
        "capture_datetime_utc": "2026-08-05T09:55:51.126468+00:00",
        "coordinate_confidence": "high",
        "coordinate_method": "official_station_coordinate",
        "coordinate_provider": "WSV PEGELONLINE",
        "coordinate_review_status": "accepted",
        "coordinate_source": "https://www.pegelonline.wsv.de/webservices/rest-api/v2/stations/296fc6d4-3c59-45f6-9424-ff57d1180b30.json",
        "country_code": "DE",
        "discharge": null,
        "is_exact_station_location": true,
        "river_km": 2414.8,
        "river_name": "Danube",
        "source_id": "pegelonline_de",
        "source_label": "WSV PEGELONLINE",
        "source_status": "complete",
        "source_url": "https://www.pegelonline.wsv.de/webservices/rest-api/v2/stations/296fc6d4-3c59-45f6-9424-ff57d1180b30.json",
        "station_id": "de-296fc6d4-3c59-45f6-9424-ff57d1180b30",
        "station_name": "KELHEIM DONAU",
        "station_name_local": "KELHEIM DONAU",
        "station_slug": "de-kelheim-donau",
        "station_type": "gauge",
        "water_level": {
          "canonical_quality_flag": "observed",
          "captured_at_utc": "2026-08-05T09:55:51.126468+00:00",
          "captured_via_provider_id": "pegelonline_de",
          "country_code": "DE",
          "current_usable": true,
          "measurement_date": null,
          "measurement_datetime_local": "2026-08-05T11:45:00+02:00",
          "measurement_datetime_utc": "2026-08-05T09:45:00+00:00",
          "measurement_time_original": "2026-08-05T11:45:00+02:00",
          "measurement_timezone": "source ISO-8601 offset",
          "operator_provider_id": "pegelonline_de",
          "parameter": "water_level",
          "source_file_sha256": "ea0da215f1c2dd184ceb10cbdca9a1465893e38fd6e6407b3951f713c724fa0f",
          "source_id": "pegelonline_de",
          "source_provider_id": "pegelonline_de",
          "source_quality_code": "source_unit=cm;unknown;unknown",
          "source_station_id": "296fc6d4-3c59-45f6-9424-ff57d1180b30",
          "source_status": "complete",
          "source_url": "https://www.pegelonline.wsv.de/webservices/rest-api/v2/stations/296fc6d4-3c59-45f6-9424-ff57d1180b30.json",
          "stale": false,
          "station_id": "de-296fc6d4-3c59-45f6-9424-ff57d1180b30",
          "station_name": "KELHEIM DONAU",
          "station_name_local": "KELHEIM DONAU",
          "unit": "cm",
          "value": 184.0,
          "variation_value": null,
          "variation_window_hours": null
        },
        "water_temperature": null
      },
      "type": "Feature"
    },
    {
      "geometry": {
        "coordinates": [
          11.426054,
          48.757414
        ],
        "type": "Point"
      },
      "properties": {
        "capture_datetime_utc": "2026-08-05T09:55:51.126468+00:00",
        "coordinate_confidence": "high",
        "coordinate_method": "official_station_coordinate",
        "coordinate_provider": "WSV PEGELONLINE",
        "coordinate_review_status": "accepted",
        "coordinate_source": "https://www.pegelonline.wsv.de/webservices/rest-api/v2/stations/824a046b-9ca3-4db8-993d-e755122854e0.json",
        "country_code": "DE",
        "discharge": null,
        "is_exact_station_location": true,
        "river_km": 2458.3,
        "river_name": "Danube",
        "source_id": "pegelonline_de",
        "source_label": "WSV PEGELONLINE",
        "source_status": "complete",
        "source_url": "https://www.pegelonline.wsv.de/webservices/rest-api/v2/stations/824a046b-9ca3-4db8-993d-e755122854e0.json",
        "station_id": "de-824a046b-9ca3-4db8-993d-e755122854e0",
        "station_name": "INGOLSTADT LUITPOLDSTRASSE",
        "station_name_local": "INGOLSTADT LUITPOLDSTRASSE",
        "station_slug": "de-ingolstadt-luitpoldstrasse",
        "station_type": "gauge",
        "water_level": {
          "canonical_quality_flag": "observed",
          "captured_at_utc": "2026-08-05T09:55:51.126468+00:00",
          "captured_via_provider_id": "pegelonline_de",
          "country_code": "DE",
          "current_usable": true,
          "measurement_date": null,
          "measurement_datetime_local": "2026-08-05T11:45:00+02:00",
          "measurement_datetime_utc": "2026-08-05T09:45:00+00:00",
          "measurement_time_original": "2026-08-05T11:45:00+02:00",
          "measurement_timezone": "source ISO-8601 offset",
          "operator_provider_id": "pegelonline_de",
          "parameter": "water_level",
          "source_file_sha256": "ea0da215f1c2dd184ceb10cbdca9a1465893e38fd6e6407b3951f713c724fa0f",
          "source_id": "pegelonline_de",
          "source_provider_id": "pegelonline_de",
          "source_quality_code": "source_unit=cm;unknown;unknown",
          "source_station_id": "824a046b-9ca3-4db8-993d-e755122854e0",
          "source_status": "complete",
          "source_url": "https://www.pegelonline.wsv.de/webservices/rest-api/v2/stations/824a046b-9ca3-4db8-993d-e755122854e0.json",
          "stale": false,
          "station_id": "de-824a046b-9ca3-4db8-993d-e755122854e0",
          "station_name": "INGOLSTADT LUITPOLDSTRASSE",
          "station_name_local": "INGOLSTADT LUITPOLDSTRASSE",
          "unit": "cm",
          "value": 129.0,
          "variation_value": null,
          "variation_window_hours": null
        },
        "water_temperature": null
      },
      "type": "Feature"
    },
    {
      "geometry": {
        "coordinates": [
          13.5032,
          48.5819
        ],
        "type": "Point"
      },
      "properties": {
        "capture_datetime_utc": "2026-08-05T09:55:53.566984+00:00",
        "coordinate_confidence": "high",
        "coordinate_method": "official_station_coordinate",
        "coordinate_provider": "viadonau DoRIS",
        "coordinate_review_status": "accepted",
        "coordinate_source": "https://opendata2.doris-info.at/doris/api/1.0/gauge/list",
        "country_code": "AT",
        "discharge": null,
        "is_exact_station_location": true,
        "river_km": 2223.05,
        "river_name": "Danube",
        "source_id": "viadonau_at",
        "source_label": "viadonau DoRIS",
        "source_status": "partial",
        "source_url": "https://opendata2.doris-info.at/doris/api/1.0/gauge/list",
        "station_id": "at-atfrb00001g000122231",
        "station_name": "Achleiten",
        "station_name_local": "Achleiten",
        "station_slug": "at-achleiten",
        "station_type": "gauge",
        "water_level": {
          "canonical_quality_flag": "observed",
          "captured_at_utc": "2026-08-05T09:55:53.566984+00:00",
          "captured_via_provider_id": "viadonau_at",
          "country_code": "AT",
          "current_usable": true,
          "measurement_date": null,
          "measurement_datetime_local": "2026-08-05T11:45:00+02:00",
          "measurement_datetime_utc": "2026-08-05T09:45:00+00:00",
          "measurement_time_original": "1785923100000",
          "measurement_timezone": "Europe/Vienna",
          "operator_provider_id": "viadonau_at",
          "parameter": "water_level",
          "source_file_sha256": "870e9960f32d272da89f26b6484b0b00ec8d0436ab3bc495adc15fd9b037fd6a",
          "source_id": "viadonau_at",
          "source_provider_id": "viadonau_at",
          "source_quality_code": null,
          "source_station_id": "ATFRB00001G000122231",
          "source_status": "partial",
          "source_url": "https://opendata2.doris-info.at/doris/api/1.0/gauge/list",
          "stale": false,
          "station_id": "at-atfrb00001g000122231",
          "station_name": "Achleiten",
          "station_name_local": "Achleiten",
          "unit": "cm",
          "value": 251.0,
          "variation_value": 1.0,
          "variation_window_hours": 24
        },
        "water_temperature": null
      },
      "type": "Feature"
    },
    {
      "geometry": {
        "coordinates": [
          14.1813,
          48.3298
        ],
        "type": "Point"
      },
      "properties": {
        "capture_datetime_utc": "2026-08-05T09:55:53.566984+00:00",
        "coordinate_confidence": "high",
        "coordinate_method": "official_station_coordinate",
        "coordinate_provider": "viadonau DoRIS",
        "coordinate_review_status": "accepted",
        "coordinate_source": "https://opendata2.doris-info.at/doris/api/1.0/gauge/list",
        "country_code": "AT",
        "discharge": null,
        "is_exact_station_location": true,
        "river_km": 2144.05,
        "river_name": "Danube",
        "source_id": "viadonau_at",
        "source_label": "viadonau DoRIS",
        "source_status": "partial",
        "source_url": "https://opendata2.doris-info.at/doris/api/1.0/gauge/list",
        "station_id": "at-atwhe00001g000221440",
        "station_name": "Wilhering",
        "station_name_local": "Wilhering",
        "station_slug": "at-wilhering",
        "station_type": "gauge",
        "water_level": {
          "canonical_quality_flag": "observed",
          "captured_at_utc": "2026-08-05T09:55:53.566984+00:00",
          "captured_via_provider_id": "viadonau_at",
          "country_code": "AT",
          "current_usable": true,
          "measurement_date": null,
          "measurement_datetime_local": "2026-08-05T11:45:00+02:00",
          "measurement_datetime_utc": "2026-08-05T09:45:00+00:00",
          "measurement_time_original": "1785923100000",
          "measurement_timezone": "Europe/Vienna",
          "operator_provider_id": "viadonau_at",
          "parameter": "water_level",
          "source_file_sha256": "870e9960f32d272da89f26b6484b0b00ec8d0436ab3bc495adc15fd9b037fd6a",
          "source_id": "viadonau_at",
          "source_provider_id": "viadonau_at",
          "source_quality_code": null,
          "source_station_id": "ATWHE00001G000221440",
          "source_status": "partial",
          "source_url": "https://opendata2.doris-info.at/doris/api/1.0/gauge/list",
          "stale": false,
          "station_id": "at-atwhe00001g000221440",
          "station_name": "Wilhering",
          "station_name_local": "Wilhering",
          "unit": "cm",
          "value": 235.0,
          "variation_value": -1.0,
          "variation_window_hours": 24
        },
        "water_temperature": null
      },
      "type": "Feature"
    },
    {
      "geometry": {
        "coordinates": [
          14.5325,
          48.2391
        ],
        "type": "Point"
      },
      "properties": {
        "capture_datetime_utc": "2026-08-05T09:55:53.566984+00:00",
        "coordinate_confidence": "high",
        "coordinate_method": "official_station_coordinate",
        "coordinate_provider": "viadonau DoRIS",
        "coordinate_review_status": "accepted",
        "coordinate_source": "https://opendata2.doris-info.at/doris/api/1.0/gauge/list",
        "country_code": "AT",
        "discharge": null,
        "is_exact_station_location": true,
        "river_km": 2110.98,
        "river_name": "Danube",
        "source_id": "viadonau_at",
        "source_label": "viadonau DoRIS",
        "source_status": "partial",
        "source_url": "https://opendata2.doris-info.at/doris/api/1.0/gauge/list",
        "station_id": "at-atmau00001g000321109",
        "station_name": "Mauthausen",
        "station_name_local": "Mauthausen",
        "station_slug": "at-mauthausen",
        "station_type": "gauge",
        "water_level": {
          "canonical_quality_flag": "observed",
          "captured_at_utc": "2026-08-05T09:55:53.566984+00:00",
          "captured_via_provider_id": "viadonau_at",
          "country_code": "AT",
          "current_usable": true,
          "measurement_date": null,
          "measurement_datetime_local": "2026-08-05T11:45:00+02:00",
          "measurement_datetime_utc": "2026-08-05T09:45:00+00:00",
          "measurement_time_original": "1785923100000",
          "measurement_timezone": "Europe/Vienna",
          "operator_provider_id": "viadonau_at",
          "parameter": "water_level",
          "source_file_sha256": "870e9960f32d272da89f26b6484b0b00ec8d0436ab3bc495adc15fd9b037fd6a",
          "source_id": "viadonau_at",
          "source_provider_id": "viadonau_at",
          "source_quality_code": null,
          "source_station_id": "ATMAU00001G000321109",
          "source_status": "partial",
          "source_url": "https://opendata2.doris-info.at/doris/api/1.0/gauge/list",
          "stale": false,
          "station_id": "at-atmau00001g000321109",
          "station_name": "Mauthausen",
          "station_name_local": "Mauthausen",
          "unit": "cm",
          "value": 424.0,
          "variation_value": -1.0,
          "variation_window_hours": 24
        },
        "water_temperature": null
      },
      "type": "Feature"
    },
    {
      "geometry": {
        "coordinates": [
          14.8567,
          48.2272
        ],
        "type": "Point"
      },
      "properties": {
        "capture_datetime_utc": "2026-08-05T09:55:53.566984+00:00",
        "coordinate_confidence": "high",
        "coordinate_method": "official_station_coordinate",
        "coordinate_provider": "viadonau DoRIS",
        "coordinate_review_status": "accepted",
        "coordinate_source": "https://opendata2.doris-info.at/doris/api/1.0/gauge/list",
        "country_code": "AT",
        "discharge": null,
        "is_exact_station_location": true,
        "river_km": 2079.1,
        "river_name": "Danube",
        "source_id": "viadonau_at",
        "source_label": "viadonau DoRIS",
        "source_status": "partial",
        "source_url": "https://opendata2.doris-info.at/doris/api/1.0/gauge/list",
        "station_id": "at-atgrn00001g000820791",
        "station_name": "Grein",
        "station_name_local": "Grein",
        "station_slug": "at-grein",
        "station_type": "gauge",
        "water_level": {
          "canonical_quality_flag": "observed",
          "captured_at_utc": "2026-08-05T09:55:53.566984+00:00",
          "captured_via_provider_id": "viadonau_at",
          "country_code": "AT",
          "current_usable": true,
          "measurement_date": null,
          "measurement_datetime_local": "2026-08-05T11:45:00+02:00",
          "measurement_datetime_utc": "2026-08-05T09:45:00+00:00",
          "measurement_time_original": "1785923100000",
          "measurement_timezone": "Europe/Vienna",
          "operator_provider_id": "viadonau_at",
          "parameter": "water_level",
          "source_file_sha256": "870e9960f32d272da89f26b6484b0b00ec8d0436ab3bc495adc15fd9b037fd6a",
          "source_id": "viadonau_at",
          "source_provider_id": "viadonau_at",
          "source_quality_code": null,
          "source_station_id": "ATGRN00001G000820791",
          "source_status": "partial",
          "source_url": "https://opendata2.doris-info.at/doris/api/1.0/gauge/list",
          "stale": false,
          "station_id": "at-atgrn00001g000820791",
          "station_name": "Grein",
          "station_name_local": "Grein",
          "unit": "cm",
          "value": 706.0,
          "variation_value": 0.0,
          "variation_window_hours": 24
        },
        "water_temperature": null
      },
      "type": "Feature"
    },
    {
      "geometry": {
        "coordinates": [
          15.4626,
          48.3823
        ],
        "type": "Point"
      },
      "properties": {
        "capture_datetime_utc": "2026-08-05T09:55:53.566984+00:00",
        "coordinate_confidence": "high",
        "coordinate_method": "official_station_coordinate",
        "coordinate_provider": "viadonau DoRIS",
        "coordinate_review_status": "accepted",
        "coordinate_source": "https://opendata2.doris-info.at/doris/api/1.0/gauge/list",
        "country_code": "AT",
        "discharge": null,
        "is_exact_station_location": true,
        "river_km": 2015.21,
        "river_name": "Danube",
        "source_id": "viadonau_at",
        "source_label": "viadonau DoRIS",
        "source_status": "partial",
        "source_url": "https://opendata2.doris-info.at/doris/api/1.0/gauge/list",
        "station_id": "at-atroa00001g000520152",
        "station_name": "Kienstock",
        "station_name_local": "Kienstock",
        "station_slug": "at-kienstock",
        "station_type": "gauge",
        "water_level": {
          "canonical_quality_flag": "observed",
          "captured_at_utc": "2026-08-05T09:55:53.566984+00:00",
          "captured_via_provider_id": "viadonau_at",
          "country_code": "AT",
          "current_usable": true,
          "measurement_date": null,
          "measurement_datetime_local": "2026-08-05T11:45:00+02:00",
          "measurement_datetime_utc": "2026-08-05T09:45:00+00:00",
          "measurement_time_original": "1785923100000",
          "measurement_timezone": "Europe/Vienna",
          "operator_provider_id": "viadonau_at",
          "parameter": "water_level",
          "source_file_sha256": "870e9960f32d272da89f26b6484b0b00ec8d0436ab3bc495adc15fd9b037fd6a",
          "source_id": "viadonau_at",
          "source_provider_id": "viadonau_at",
          "source_quality_code": null,
          "source_station_id": "ATROA00001G000520152",
          "source_status": "partial",
          "source_url": "https://opendata2.doris-info.at/doris/api/1.0/gauge/list",
          "stale": false,
          "station_id": "at-atroa00001g000520152",
          "station_name": "Kienstock",
          "station_name_local": "Kienstock",
          "unit": "cm",
          "value": 116.0,
          "variation_value": -2.0,
          "variation_window_hours": 24
        },
        "water_temperature": null
      },
      "type": "Feature"
    },
    {
      "geometry": {
        "coordinates": [
          15.5184,
          48.3978
        ],
        "type": "Point"
      },
      "properties": {
        "capture_datetime_utc": "2026-08-05T09:55:53.566984+00:00",
        "coordinate_confidence": "high",
        "coordinate_method": "official_station_coordinate",
        "coordinate_provider": "viadonau DoRIS",
        "coordinate_review_status": "accepted",
        "coordinate_source": "https://opendata2.doris-info.at/doris/api/1.0/gauge/list",
        "country_code": "AT",
        "discharge": null,
        "is_exact_station_location": true,
        "river_km": 2009.15,
        "river_name": "Danube",
        "source_id": "viadonau_at",
        "source_label": "viadonau DoRIS",
        "source_status": "partial",
        "source_url": "https://opendata2.doris-info.at/doris/api/1.0/gauge/list",
        "station_id": "at-atdue00001g001420091",
        "station_name": "Durnstein",
        "station_name_local": "Dürnstein",
        "station_slug": "at-durnstein",
        "station_type": "gauge",
        "water_level": {
          "canonical_quality_flag": "observed",
          "captured_at_utc": "2026-08-05T09:55:53.566984+00:00",
          "captured_via_provider_id": "viadonau_at",
          "country_code": "AT",
          "current_usable": true,
          "measurement_date": null,
          "measurement_datetime_local": "2026-08-05T11:45:00+02:00",
          "measurement_datetime_utc": "2026-08-05T09:45:00+00:00",
          "measurement_time_original": "1785923100000",
          "measurement_timezone": "Europe/Vienna",
          "operator_provider_id": "viadonau_at",
          "parameter": "water_level",
          "source_file_sha256": "870e9960f32d272da89f26b6484b0b00ec8d0436ab3bc495adc15fd9b037fd6a",
          "source_id": "viadonau_at",
          "source_provider_id": "viadonau_at",
          "source_quality_code": null,
          "source_station_id": "ATDUE00001G001420091",
          "source_status": "partial",
          "source_url": "https://opendata2.doris-info.at/doris/api/1.0/gauge/list",
          "stale": false,
          "station_id": "at-atdue00001g001420091",
          "station_name": "Durnstein",
          "station_name_local": "Dürnstein",
          "unit": "cm",
          "value": 283.0,
          "variation_value": 0.0,
          "variation_window_hours": 24
        },
        "water_temperature": null
      },
      "type": "Feature"
    },
    {
      "geometry": {
        "coordinates": [
          16.3342,
          48.3273
        ],
        "type": "Point"
      },
      "properties": {
        "capture_datetime_utc": "2026-08-05T09:55:53.566984+00:00",
        "coordinate_confidence": "high",
        "coordinate_method": "official_station_coordinate",
        "coordinate_provider": "viadonau DoRIS",
        "coordinate_review_status": "accepted",
        "coordinate_source": "https://opendata2.doris-info.at/doris/api/1.0/gauge/list",
        "country_code": "AT",
        "discharge": null,
        "is_exact_station_location": true,
        "river_km": 1941.46,
        "river_name": "Danube",
        "source_id": "viadonau_at",
        "source_label": "viadonau DoRIS",
        "source_status": "partial",
        "source_url": "https://opendata2.doris-info.at/doris/api/1.0/gauge/list",
        "station_id": "at-atkbg00001g000619415",
        "station_name": "Korneuburg",
        "station_name_local": "Korneuburg",
        "station_slug": "at-korneuburg",
        "station_type": "gauge",
        "water_level": {
          "canonical_quality_flag": "observed",
          "captured_at_utc": "2026-08-05T09:55:53.566984+00:00",
          "captured_via_provider_id": "viadonau_at",
          "country_code": "AT",
          "current_usable": true,
          "measurement_date": null,
          "measurement_datetime_local": "2026-08-05T11:45:00+02:00",
          "measurement_datetime_utc": "2026-08-05T09:45:00+00:00",
          "measurement_time_original": "1785923100000",
          "measurement_timezone": "Europe/Vienna",
          "operator_provider_id": "viadonau_at",
          "parameter": "water_level",
          "source_file_sha256": "870e9960f32d272da89f26b6484b0b00ec8d0436ab3bc495adc15fd9b037fd6a",
          "source_id": "viadonau_at",
          "source_provider_id": "viadonau_at",
          "source_quality_code": null,
          "source_station_id": "ATKBG00001G000619415",
          "source_status": "partial",
          "source_url": "https://opendata2.doris-info.at/doris/api/1.0/gauge/list",
          "stale": false,
          "station_id": "at-atkbg00001g000619415",
          "station_name": "Korneuburg",
          "station_name_local": "Korneuburg",
          "unit": "cm",
          "value": 184.0,
          "variation_value": 2.0,
          "variation_window_hours": 24
        },
        "water_temperature": null
      },
      "type": "Feature"
    },
    {
      "geometry": {
        "coordinates": [
          16.8056,
          48.1153
        ],
        "type": "Point"
      },
      "properties": {
        "capture_datetime_utc": "2026-08-05T09:55:53.566984+00:00",
        "coordinate_confidence": "high",
        "coordinate_method": "official_station_coordinate",
        "coordinate_provider": "viadonau DoRIS",
        "coordinate_review_status": "accepted",
        "coordinate_source": "https://opendata2.doris-info.at/doris/api/1.0/gauge/list",
        "country_code": "AT",
        "discharge": null,
        "is_exact_station_location": true,
        "river_km": 1894.72,
        "river_name": "Danube",
        "source_id": "viadonau_at",
        "source_label": "viadonau DoRIS",
        "source_status": "partial",
        "source_url": "https://opendata2.doris-info.at/doris/api/1.0/gauge/list",
        "station_id": "at-atpec00001g000718947",
        "station_name": "Wildungsmauer",
        "station_name_local": "Wildungsmauer",
        "station_slug": "at-wildungsmauer",
        "station_type": "gauge",
        "water_level": {
          "canonical_quality_flag": "observed",
          "captured_at_utc": "2026-08-05T09:55:53.566984+00:00",
          "captured_via_provider_id": "viadonau_at",
          "country_code": "AT",
          "current_usable": true,
          "measurement_date": null,
          "measurement_datetime_local": "2026-08-05T11:45:00+02:00",
          "measurement_datetime_utc": "2026-08-05T09:45:00+00:00",
          "measurement_time_original": "1785923100000",
          "measurement_timezone": "Europe/Vienna",
          "operator_provider_id": "viadonau_at",
          "parameter": "water_level",
          "source_file_sha256": "870e9960f32d272da89f26b6484b0b00ec8d0436ab3bc495adc15fd9b037fd6a",
          "source_id": "viadonau_at",
          "source_provider_id": "viadonau_at",
          "source_quality_code": null,
          "source_station_id": "ATPEC00001G000718947",
          "source_status": "partial",
          "source_url": "https://opendata2.doris-info.at/doris/api/1.0/gauge/list",
          "stale": false,
          "station_id": "at-atpec00001g000718947",
          "station_name": "Wildungsmauer",
          "station_name_local": "Wildungsmauer",
          "unit": "cm",
          "value": 102.0,
          "variation_value": 1.0,
          "variation_window_hours": 24
        },
        "water_temperature": null
      },
      "type": "Feature"
    },
    {
      "geometry": {
        "coordinates": [
          16.9837,
          48.1665
        ],
        "type": "Point"
      },
      "properties": {
        "capture_datetime_utc": "2026-08-05T09:55:53.566984+00:00",
        "coordinate_confidence": "high",
        "coordinate_method": "official_station_coordinate",
        "coordinate_provider": "viadonau DoRIS",
        "coordinate_review_status": "accepted",
        "coordinate_source": "https://opendata2.doris-info.at/doris/api/1.0/gauge/list",
        "country_code": "AT",
        "discharge": null,
        "is_exact_station_location": true,
        "river_km": 1879.25,
        "river_name": "Danube",
        "source_id": "viadonau_at",
        "source_label": "viadonau DoRIS",
        "source_status": "partial",
        "source_url": "https://opendata2.doris-info.at/doris/api/1.0/gauge/list",
        "station_id": "at-athia00001g001218792",
        "station_name": "Thebnerstral",
        "station_name_local": "Thebnerstraßl",
        "station_slug": "at-thebnerstral",
        "station_type": "gauge",
        "water_level": {
          "canonical_quality_flag": "observed",
          "captured_at_utc": "2026-08-05T09:55:53.566984+00:00",
          "captured_via_provider_id": "viadonau_at",
          "country_code": "AT",
          "current_usable": true,
          "measurement_date": null,
          "measurement_datetime_local": "2026-08-05T11:45:00+02:00",
          "measurement_datetime_utc": "2026-08-05T09:45:00+00:00",
          "measurement_time_original": "1785923100000",
          "measurement_timezone": "Europe/Vienna",
          "operator_provider_id": "viadonau_at",
          "parameter": "water_level",
          "source_file_sha256": "870e9960f32d272da89f26b6484b0b00ec8d0436ab3bc495adc15fd9b037fd6a",
          "source_id": "viadonau_at",
          "source_provider_id": "viadonau_at",
          "source_quality_code": null,
          "source_station_id": "ATHIA00001G001218792",
          "source_status": "partial",
          "source_url": "https://opendata2.doris-info.at/doris/api/1.0/gauge/list",
          "stale": false,
          "station_id": "at-athia00001g001218792",
          "station_name": "Thebnerstral",
          "station_name_local": "Thebnerstraßl",
          "unit": "cm",
          "value": 77.0,
          "variation_value": -1.0,
          "variation_window_hours": 24
        },
        "water_temperature": null
      },
      "type": "Feature"
    },
    {
      "geometry": {
        "coordinates": [
          17.1093063,
          48.1516988
        ],
        "type": "Point"
      },
      "properties": {
        "capture_datetime_utc": "2026-08-05T09:56:02.679270+00:00",
        "coordinate_confidence": "medium",
        "coordinate_method": "geocoded_locality",
        "coordinate_provider": "OpenStreetMap Nominatim",
        "coordinate_review_status": "accepted",
        "coordinate_source": "https://nominatim.openstreetmap.org/search?q=Bratislava%2C+Slovakia&countrycodes=sk&format=jsonv2&addressdetails=1&namedetails=1&limit=5&dedupe=1&accept-language=en",
        "country_code": "SK",
        "discharge": null,
        "is_exact_station_location": false,
        "river_km": null,
        "river_name": "Danube",
        "source_id": "shmu_sk",
        "source_label": "SHMU",
        "source_status": "partial",
        "source_url": "https://www.shmu.sk/en/?id=hydro_vod_all&page=1&station_id=5140",
        "station_id": "sk-5140",
        "station_name": "Bratislava",
        "station_name_local": "Bratislava",
        "station_slug": "sk-bratislava",
        "station_type": "gauge",
        "water_level": {
          "canonical_quality_flag": "provisional",
          "captured_at_utc": "2026-08-05T09:55:54.022258+00:00",
          "captured_via_provider_id": "shmu_sk",
          "country_code": "SK",
          "current_usable": true,
          "measurement_date": null,
          "measurement_datetime_local": "2026-08-05T11:45:00+02:00",
          "measurement_datetime_utc": "2026-08-05T09:45:00+00:00",
          "measurement_time_original": "5.8.2026 11:45",
          "measurement_timezone": "Europe/Bratislava",
          "operator_provider_id": "shmu_sk",
          "parameter": "water_level",
          "source_file_sha256": "f1c6be6e5659138ab1965e0af0a510ffec57fcd1cfbae4d8ae503bb725be48dd",
          "source_id": "shmu_sk",
          "source_provider_id": "shmu_sk",
          "source_quality_code": null,
          "source_station_id": "5140",
          "source_status": "partial",
          "source_url": "https://www.shmu.sk/en/?id=hydro_vod_all&page=1&station_id=5140",
          "stale": false,
          "station_id": "sk-5140",
          "station_name": "Bratislava",
          "station_name_local": "Bratislava",
          "unit": "cm",
          "value": 245.0,
          "variation_value": null,
          "variation_window_hours": null
        },
        "water_temperature": {
          "canonical_quality_flag": "provisional",
          "captured_at_utc": "2026-08-05T09:55:54.022258+00:00",
          "captured_via_provider_id": "shmu_sk",
          "country_code": "SK",
          "current_usable": true,
          "measurement_date": null,
          "measurement_datetime_local": "2026-08-05T11:45:00+02:00",
          "measurement_datetime_utc": "2026-08-05T09:45:00+00:00",
          "measurement_time_original": "5.8.2026 11:45",
          "measurement_timezone": "Europe/Bratislava",
          "operator_provider_id": "shmu_sk",
          "parameter": "water_temperature",
          "source_file_sha256": "f1c6be6e5659138ab1965e0af0a510ffec57fcd1cfbae4d8ae503bb725be48dd",
          "source_id": "shmu_sk",
          "source_provider_id": "shmu_sk",
          "source_quality_code": null,
          "source_station_id": "5140",
          "source_status": "partial",
          "source_url": "https://www.shmu.sk/en/?id=hydro_vod_all&page=1&station_id=5140",
          "stale": false,
          "station_id": "sk-5140",
          "station_name": "Bratislava",
          "station_name_local": "Bratislava",
          "unit": "degC",
          "value": 24.2,
          "variation_value": null,
          "variation_window_hours": null
        }
      },
      "type": "Feature"
    },
    {
      "geometry": {
        "coordinates": [
          17.1962738,
          48.0266801
        ],
        "type": "Point"
      },
      "properties": {
        "capture_datetime_utc": "2026-08-05T09:56:02.679270+00:00",
        "coordinate_confidence": "medium",
        "coordinate_method": "geocoded_locality",
        "coordinate_provider": "OpenStreetMap Nominatim",
        "coordinate_review_status": "accepted",
        "coordinate_source": "https://nominatim.openstreetmap.org/search?q=%C4%8Cunovo%2C+Slovakia&countrycodes=sk&format=jsonv2&addressdetails=1&namedetails=1&limit=5&dedupe=1&accept-language=en",
        "country_code": "SK",
        "discharge": null,
        "is_exact_station_location": false,
        "river_km": null,
        "river_name": "Danube",
        "source_id": "shmu_sk",
        "source_label": "SHMU",
        "source_status": "partial",
        "source_url": "https://www.shmu.sk/en/?id=hydro_vod_all&page=1&station_id=5138",
        "station_id": "sk-5138",
        "station_name": "Cunovo - horna hladina",
        "station_name_local": "Čunovo - horná hladina",
        "station_slug": "sk-cunovo-horna-hladina",
        "station_type": "gauge",
        "water_level": {
          "canonical_quality_flag": "provisional",
          "captured_at_utc": "2026-08-05T09:55:55.049004+00:00",
          "captured_via_provider_id": "shmu_sk",
          "country_code": "SK",
          "current_usable": true,
          "measurement_date": null,
          "measurement_datetime_local": "2026-08-05T11:45:00+02:00",
          "measurement_datetime_utc": "2026-08-05T09:45:00+00:00",
          "measurement_time_original": "5.8.2026 11:45",
          "measurement_timezone": "Europe/Bratislava",
          "operator_provider_id": "shmu_sk",
          "parameter": "water_level",
          "source_file_sha256": "50d739d84a72b3e236e73901f0ad15bd9abb413d524ca95a2ae6780d38ef992e",
          "source_id": "shmu_sk",
          "source_provider_id": "shmu_sk",
          "source_quality_code": null,
          "source_station_id": "5138",
          "source_status": "partial",
          "source_url": "https://www.shmu.sk/en/?id=hydro_vod_all&page=1&station_id=5138",
          "stale": false,
          "station_id": "sk-5138",
          "station_name": "Cunovo - horna hladina",
          "station_name_local": "Čunovo - horná hladina",
          "unit": "cm",
          "value": 66.0,
          "variation_value": null,
          "variation_window_hours": null
        },
        "water_temperature": {
          "canonical_quality_flag": "provisional",
          "captured_at_utc": "2026-08-05T09:55:55.049004+00:00",
          "captured_via_provider_id": "shmu_sk",
          "country_code": "SK",
          "current_usable": true,
          "measurement_date": null,
          "measurement_datetime_local": "2026-08-05T11:45:00+02:00",
          "measurement_datetime_utc": "2026-08-05T09:45:00+00:00",
          "measurement_time_original": "5.8.2026 11:45",
          "measurement_timezone": "Europe/Bratislava",
          "operator_provider_id": "shmu_sk",
          "parameter": "water_temperature",
          "source_file_sha256": "50d739d84a72b3e236e73901f0ad15bd9abb413d524ca95a2ae6780d38ef992e",
          "source_id": "shmu_sk",
          "source_provider_id": "shmu_sk",
          "source_quality_code": null,
          "source_station_id": "5138",
          "source_status": "partial",
          "source_url": "https://www.shmu.sk/en/?id=hydro_vod_all&page=1&station_id=5138",
          "stale": false,
          "station_id": "sk-5138",
          "station_name": "Cunovo - horna hladina",
          "station_name_local": "Čunovo - horná hladina",
          "unit": "degC",
          "value": 24.2,
          "variation_value": null,
          "variation_window_hours": null
        }
      },
      "type": "Feature"
    },
    {
      "geometry": {
        "coordinates": [
          16.9927628,
          48.1700918
        ],
        "type": "Point"
      },
      "properties": {
        "capture_datetime_utc": "2026-08-05T09:56:02.679270+00:00",
        "coordinate_confidence": "medium",
        "coordinate_method": "geocoded_locality",
        "coordinate_provider": "OpenStreetMap Nominatim",
        "coordinate_review_status": "accepted",
        "coordinate_source": "https://nominatim.openstreetmap.org/search?q=Dev%C3%ADn%2C+Slovakia&countrycodes=sk&format=jsonv2&addressdetails=1&namedetails=1&limit=5&dedupe=1&accept-language=en",
        "country_code": "SK",
        "discharge": null,
        "is_exact_station_location": false,
        "river_km": null,
        "river_name": "Danube",
        "source_id": "shmu_sk",
        "source_label": "SHMU",
        "source_status": "partial",
        "source_url": "https://www.shmu.sk/en/?id=hydro_vod_all&page=1&station_id=5127",
        "station_id": "sk-5127",
        "station_name": "Devin",
        "station_name_local": "Devín",
        "station_slug": "sk-devin",
        "station_type": "gauge",
        "water_level": {
          "canonical_quality_flag": "provisional",
          "captured_at_utc": "2026-08-05T09:55:55.792744+00:00",
          "captured_via_provider_id": "shmu_sk",
          "country_code": "SK",
          "current_usable": true,
          "measurement_date": null,
          "measurement_datetime_local": "2026-08-05T11:45:00+02:00",
          "measurement_datetime_utc": "2026-08-05T09:45:00+00:00",
          "measurement_time_original": "5.8.2026 11:45",
          "measurement_timezone": "Europe/Bratislava",
          "operator_provider_id": "shmu_sk",
          "parameter": "water_level",
          "source_file_sha256": "c085badb210b901ff31bdc79054e2079f8546c1ff76f9201b333bc97bc92e18b",
          "source_id": "shmu_sk",
          "source_provider_id": "shmu_sk",
          "source_quality_code": null,
          "source_station_id": "5127",
          "source_status": "partial",
          "source_url": "https://www.shmu.sk/en/?id=hydro_vod_all&page=1&station_id=5127",
          "stale": false,
          "station_id": "sk-5127",
          "station_name": "Devin",
          "station_name_local": "Devín",
          "unit": "cm",
          "value": 79.0,
          "variation_value": null,
          "variation_window_hours": null
        },
        "water_temperature": {
          "canonical_quality_flag": "provisional",
          "captured_at_utc": "2026-08-05T09:55:55.792744+00:00",
          "captured_via_provider_id": "shmu_sk",
          "country_code": "SK",
          "current_usable": true,
          "measurement_date": null,
          "measurement_datetime_local": "2026-08-05T11:45:00+02:00",
          "measurement_datetime_utc": "2026-08-05T09:45:00+00:00",
          "measurement_time_original": "5.8.2026 11:45",
          "measurement_timezone": "Europe/Bratislava",
          "operator_provider_id": "shmu_sk",
          "parameter": "water_temperature",
          "source_file_sha256": "c085badb210b901ff31bdc79054e2079f8546c1ff76f9201b333bc97bc92e18b",
          "source_id": "shmu_sk",
          "source_provider_id": "shmu_sk",
          "source_quality_code": null,
          "source_station_id": "5127",
          "source_status": "partial",
          "source_url": "https://www.shmu.sk/en/?id=hydro_vod_all&page=1&station_id=5127",
          "stale": false,
          "station_id": "sk-5127",
          "station_name": "Devin",
          "station_name_local": "Devín",
          "unit": "degC",
          "value": 24.4,
          "variation_value": null,
          "variation_window_hours": null
        }
      },
      "type": "Feature"
    },
    {
      "geometry": {
        "coordinates": [
          17.3666631,
          47.983335
        ],
        "type": "Point"
      },
      "properties": {
        "capture_datetime_utc": "2026-08-05T09:56:02.679270+00:00",
        "coordinate_confidence": "medium",
        "coordinate_method": "geocoded_locality",
        "coordinate_provider": "OpenStreetMap Nominatim",
        "coordinate_review_status": "accepted",
        "coordinate_source": "https://nominatim.openstreetmap.org/search?q=Dobroho%C5%A1%C5%A5%2C+Slovakia&countrycodes=sk&format=jsonv2&addressdetails=1&namedetails=1&limit=5&dedupe=1&accept-language=en",
        "country_code": "SK",
        "discharge": null,
        "is_exact_station_location": false,
        "river_km": null,
        "river_name": "Danube",
        "source_id": "shmu_sk",
        "source_label": "SHMU",
        "source_status": "partial",
        "source_url": "https://www.shmu.sk/en/?id=hydro_vod_all&page=1&station_id=5153",
        "station_id": "sk-5153",
        "station_name": "Dobrohost",
        "station_name_local": "Dobrohošť",
        "station_slug": "sk-dobrohost",
        "station_type": "gauge",
        "water_level": {
          "canonical_quality_flag": "provisional",
          "captured_at_utc": "2026-08-05T09:55:57.354100+00:00",
          "captured_via_provider_id": "shmu_sk",
          "country_code": "SK",
          "current_usable": true,
          "measurement_date": null,
          "measurement_datetime_local": "2026-08-05T11:45:00+02:00",
          "measurement_datetime_utc": "2026-08-05T09:45:00+00:00",
          "measurement_time_original": "5.8.2026 11:45",
          "measurement_timezone": "Europe/Bratislava",
          "operator_provider_id": "shmu_sk",
          "parameter": "water_level",
          "source_file_sha256": "8076410ec3596314f2e52d94ee6bdcea0d4ca9673e50ef125572922a3909e8e5",
          "source_id": "shmu_sk",
          "source_provider_id": "shmu_sk",
          "source_quality_code": null,
          "source_station_id": "5153",
          "source_status": "partial",
          "source_url": "https://www.shmu.sk/en/?id=hydro_vod_all&page=1&station_id=5153",
          "stale": false,
          "station_id": "sk-5153",
          "station_name": "Dobrohost",
          "station_name_local": "Dobrohošť",
          "unit": "cm",
          "value": 259.0,
          "variation_value": null,
          "variation_window_hours": null
        },
        "water_temperature": {
          "canonical_quality_flag": "provisional",
          "captured_at_utc": "2026-08-05T09:55:57.354100+00:00",
          "captured_via_provider_id": "shmu_sk",
          "country_code": "SK",
          "current_usable": true,
          "measurement_date": null,
          "measurement_datetime_local": "2026-08-05T11:45:00+02:00",
          "measurement_datetime_utc": "2026-08-05T09:45:00+00:00",
          "measurement_time_original": "5.8.2026 11:45",
          "measurement_timezone": "Europe/Bratislava",
          "operator_provider_id": "shmu_sk",
          "parameter": "water_temperature",
          "source_file_sha256": "8076410ec3596314f2e52d94ee6bdcea0d4ca9673e50ef125572922a3909e8e5",
          "source_id": "shmu_sk",
          "source_provider_id": "shmu_sk",
          "source_quality_code": null,
          "source_station_id": "5153",
          "source_status": "partial",
          "source_url": "https://www.shmu.sk/en/?id=hydro_vod_all&page=1&station_id=5153",
          "stale": false,
          "station_id": "sk-5153",
          "station_name": "Dobrohost",
          "station_name_local": "Dobrohošť",
          "unit": "degC",
          "value": 24.1,
          "variation_value": null,
          "variation_window_hours": null
        }
      },
      "type": "Feature"
    },
    {
      "geometry": {
        "coordinates": [
          17.5781248,
          47.8951059
        ],
        "type": "Point"
      },
      "properties": {
        "capture_datetime_utc": "2026-08-05T09:56:02.679270+00:00",
        "coordinate_confidence": "medium",
        "coordinate_method": "geocoded_locality",
        "coordinate_provider": "OpenStreetMap Nominatim",
        "coordinate_review_status": "accepted",
        "coordinate_source": "https://nominatim.openstreetmap.org/search?q=Gab%C4%8D%C3%ADkovo%2C+Slovakia&countrycodes=sk&format=jsonv2&addressdetails=1&namedetails=1&limit=5&dedupe=1&accept-language=en",
        "country_code": "SK",
        "discharge": null,
        "is_exact_station_location": false,
        "river_km": null,
        "river_name": "Danube",
        "source_id": "shmu_sk",
        "source_label": "SHMU",
        "source_status": "partial",
        "source_url": "https://www.shmu.sk/en/?id=hydro_vod_all&page=1&station_id=5143",
        "station_id": "sk-5143",
        "station_name": "Gabcikovo",
        "station_name_local": "Gabčíkovo",
        "station_slug": "sk-gabcikovo",
        "station_type": "gauge",
        "water_level": {
          "canonical_quality_flag": "provisional",
          "captured_at_utc": "2026-08-05T09:55:58.020133+00:00",
          "captured_via_provider_id": "shmu_sk",
          "country_code": "SK",
          "current_usable": true,
          "measurement_date": null,
          "measurement_datetime_local": "2026-08-05T11:45:00+02:00",
          "measurement_datetime_utc": "2026-08-05T09:45:00+00:00",
          "measurement_time_original": "5.8.2026 11:45",
          "measurement_timezone": "Europe/Bratislava",
          "operator_provider_id": "shmu_sk",
          "parameter": "water_level",
          "source_file_sha256": "f6855e76175047ab36da84bc0cbfe9ff732f4320c0a4069621b094b826c2f7e0",
          "source_id": "shmu_sk",
          "source_provider_id": "shmu_sk",
          "source_quality_code": null,
          "source_station_id": "5143",
          "source_status": "partial",
          "source_url": "https://www.shmu.sk/en/?id=hydro_vod_all&page=1&station_id=5143",
          "stale": false,
          "station_id": "sk-5143",
          "station_name": "Gabcikovo",
          "station_name_local": "Gabčíkovo",
          "unit": "cm",
          "value": 126.0,
          "variation_value": null,
          "variation_window_hours": null
        },
        "water_temperature": {
          "canonical_quality_flag": "provisional",
          "captured_at_utc": "2026-08-05T09:55:58.020133+00:00",
          "captured_via_provider_id": "shmu_sk",
          "country_code": "SK",
          "current_usable": true,
          "measurement_date": null,
          "measurement_datetime_local": "2026-08-05T11:45:00+02:00",
          "measurement_datetime_utc": "2026-08-05T09:45:00+00:00",
          "measurement_time_original": "5.8.2026 11:45",
          "measurement_timezone": "Europe/Bratislava",
          "operator_provider_id": "shmu_sk",
          "parameter": "water_temperature",
          "source_file_sha256": "f6855e76175047ab36da84bc0cbfe9ff732f4320c0a4069621b094b826c2f7e0",
          "source_id": "shmu_sk",
          "source_provider_id": "shmu_sk",
          "source_quality_code": null,
          "source_station_id": "5143",
          "source_status": "partial",
          "source_url": "https://www.shmu.sk/en/?id=hydro_vod_all&page=1&station_id=5143",
          "stale": false,
          "station_id": "sk-5143",
          "station_name": "Gabcikovo",
          "station_name_local": "Gabčíkovo",
          "unit": "degC",
          "value": 24.0,
          "variation_value": null,
          "variation_window_hours": null
        }
      },
      "type": "Feature"
    },
    {
      "geometry": {
        "coordinates": [
          17.252464,
          48.0390749
        ],
        "type": "Point"
      },
      "properties": {
        "capture_datetime_utc": "2026-08-05T09:56:02.679270+00:00",
        "coordinate_confidence": "medium",
        "coordinate_method": "geocoded_locality",
        "coordinate_provider": "OpenStreetMap Nominatim",
        "coordinate_review_status": "accepted",
        "coordinate_source": "https://nominatim.openstreetmap.org/search?q=Hamuliakovo%2C+Slovakia&countrycodes=sk&format=jsonv2&addressdetails=1&namedetails=1&limit=5&dedupe=1&accept-language=en",
        "country_code": "SK",
        "discharge": null,
        "is_exact_station_location": false,
        "river_km": null,
        "river_name": "Danube",
        "source_id": "shmu_sk",
        "source_label": "SHMU",
        "source_status": "partial",
        "source_url": "https://www.shmu.sk/en/?id=hydro_vod_all&page=1&station_id=5149",
        "station_id": "sk-5149",
        "station_name": "Hamuliakovo",
        "station_name_local": "Hamuliakovo",
        "station_slug": "sk-hamuliakovo",
        "station_type": "gauge",
        "water_level": {
          "canonical_quality_flag": "provisional",
          "captured_at_utc": "2026-08-05T09:55:58.688847+00:00",
          "captured_via_provider_id": "shmu_sk",
          "country_code": "SK",
          "current_usable": true,
          "measurement_date": null,
          "measurement_datetime_local": "2026-08-05T11:45:00+02:00",
          "measurement_datetime_utc": "2026-08-05T09:45:00+00:00",
          "measurement_time_original": "5.8.2026 11:45",
          "measurement_timezone": "Europe/Bratislava",
          "operator_provider_id": "shmu_sk",
          "parameter": "water_level",
          "source_file_sha256": "d4812a2fb5b67b789c5460c9c06f3509c64279e42be35fabbbfed0ed5d30e309",
          "source_id": "shmu_sk",
          "source_provider_id": "shmu_sk",
          "source_quality_code": null,
          "source_station_id": "5149",
          "source_status": "partial",
          "source_url": "https://www.shmu.sk/en/?id=hydro_vod_all&page=1&station_id=5149",
          "stale": false,
          "station_id": "sk-5149",
          "station_name": "Hamuliakovo",
          "station_name_local": "Hamuliakovo",
          "unit": "cm",
          "value": 320.0,
          "variation_value": null,
          "variation_window_hours": null
        },
        "water_temperature": {
          "canonical_quality_flag": "provisional",
          "captured_at_utc": "2026-08-05T09:55:58.688847+00:00",
          "captured_via_provider_id": "shmu_sk",
          "country_code": "SK",
          "current_usable": true,
          "measurement_date": null,
          "measurement_datetime_local": "2026-08-05T11:45:00+02:00",
          "measurement_datetime_utc": "2026-08-05T09:45:00+00:00",
          "measurement_time_original": "5.8.2026 11:45",
          "measurement_timezone": "Europe/Bratislava",
          "operator_provider_id": "shmu_sk",
          "parameter": "water_temperature",
          "source_file_sha256": "d4812a2fb5b67b789c5460c9c06f3509c64279e42be35fabbbfed0ed5d30e309",
          "source_id": "shmu_sk",
          "source_provider_id": "shmu_sk",
          "source_quality_code": null,
          "source_station_id": "5149",
          "source_status": "partial",
          "source_url": "https://www.shmu.sk/en/?id=hydro_vod_all&page=1&station_id=5149",
          "stale": false,
          "station_id": "sk-5149",
          "station_name": "Hamuliakovo",
          "station_name_local": "Hamuliakovo",
          "unit": "degC",
          "value": 24.8,
          "variation_value": null,
          "variation_window_hours": null
        }
      },
      "type": "Feature"
    },
    {
      "geometry": {
        "coordinates": [
          18.2235858,
          47.750348
        ],
        "type": "Point"
      },
      "properties": {
        "capture_datetime_utc": "2026-08-05T09:56:02.679270+00:00",
        "coordinate_confidence": "medium",
        "coordinate_method": "geocoded_locality",
        "coordinate_provider": "OpenStreetMap Nominatim",
        "coordinate_review_status": "accepted",
        "coordinate_source": "https://nominatim.openstreetmap.org/search?q=I%C5%BEa%2C+Slovakia&countrycodes=sk&format=jsonv2&addressdetails=1&namedetails=1&limit=5&dedupe=1&accept-language=en",
        "country_code": "SK",
        "discharge": null,
        "is_exact_station_location": false,
        "river_km": null,
        "river_name": "Danube",
        "source_id": "shmu_sk",
        "source_label": "SHMU",
        "source_status": "partial",
        "source_url": "https://www.shmu.sk/en/?id=hydro_vod_all&page=1&station_id=6860",
        "station_id": "sk-6860",
        "station_name": "Iza",
        "station_name_local": "Iža",
        "station_slug": "sk-iza",
        "station_type": "gauge",
        "water_level": {
          "canonical_quality_flag": "provisional",
          "captured_at_utc": "2026-08-05T09:55:59.357536+00:00",
          "captured_via_provider_id": "shmu_sk",
          "country_code": "SK",
          "current_usable": true,
          "measurement_date": null,
          "measurement_datetime_local": "2026-08-05T11:45:00+02:00",
          "measurement_datetime_utc": "2026-08-05T09:45:00+00:00",
          "measurement_time_original": "5.8.2026 11:45",
          "measurement_timezone": "Europe/Bratislava",
          "operator_provider_id": "shmu_sk",
          "parameter": "water_level",
          "source_file_sha256": "7b883adecfc531f22960d1716bf720ec66fe68e884482f1094af838aea29c447",
          "source_id": "shmu_sk",
          "source_provider_id": "shmu_sk",
          "source_quality_code": null,
          "source_station_id": "6860",
          "source_status": "partial",
          "source_url": "https://www.shmu.sk/en/?id=hydro_vod_all&page=1&station_id=6860",
          "stale": false,
          "station_id": "sk-6860",
          "station_name": "Iza",
          "station_name_local": "Iža",
          "unit": "cm",
          "value": 7.0,
          "variation_value": null,
          "variation_window_hours": null
        },
        "water_temperature": {
          "canonical_quality_flag": "provisional",
          "captured_at_utc": "2026-08-05T09:55:59.357536+00:00",
          "captured_via_provider_id": "shmu_sk",
          "country_code": "SK",
          "current_usable": true,
          "measurement_date": null,
          "measurement_datetime_local": "2026-08-05T11:45:00+02:00",
          "measurement_datetime_utc": "2026-08-05T09:45:00+00:00",
          "measurement_time_original": "5.8.2026 11:45",
          "measurement_timezone": "Europe/Bratislava",
          "operator_provider_id": "shmu_sk",
          "parameter": "water_temperature",
          "source_file_sha256": "7b883adecfc531f22960d1716bf720ec66fe68e884482f1094af838aea29c447",
          "source_id": "shmu_sk",
          "source_provider_id": "shmu_sk",
          "source_quality_code": null,
          "source_station_id": "6860",
          "source_status": "partial",
          "source_url": "https://www.shmu.sk/en/?id=hydro_vod_all&page=1&station_id=6860",
          "stale": false,
          "station_id": "sk-6860",
          "station_name": "Iza",
          "station_name_local": "Iža",
          "unit": "degC",
          "value": 44.6,
          "variation_value": null,
          "variation_window_hours": null
        }
      },
      "type": "Feature"
    },
    {
      "geometry": {
        "coordinates": [
          18.1298249,
          47.7574079
        ],
        "type": "Point"
      },
      "properties": {
        "capture_datetime_utc": "2026-08-05T09:56:02.679270+00:00",
        "coordinate_confidence": "medium",
        "coordinate_method": "geocoded_locality",
        "coordinate_provider": "OpenStreetMap Nominatim",
        "coordinate_review_status": "accepted",
        "coordinate_source": "https://nominatim.openstreetmap.org/search?q=Kom%C3%A1rno%2C+Slovakia&countrycodes=sk&format=jsonv2&addressdetails=1&namedetails=1&limit=5&dedupe=1&accept-language=en",
        "country_code": "SK",
        "discharge": null,
        "is_exact_station_location": false,
        "river_km": null,
        "river_name": "Danube",
        "source_id": "shmu_sk",
        "source_label": "SHMU",
        "source_status": "partial",
        "source_url": "https://www.shmu.sk/en/?id=hydro_vod_all&page=1&station_id=6849",
        "station_id": "sk-6849",
        "station_name": "Komarno",
        "station_name_local": "Komárno",
        "station_slug": "sk-komarno",
        "station_type": "gauge",
        "water_level": {
          "canonical_quality_flag": "provisional",
          "captured_at_utc": "2026-08-05T09:56:00.050512+00:00",
          "captured_via_provider_id": "shmu_sk",
          "country_code": "SK",
          "current_usable": true,
          "measurement_date": null,
          "measurement_datetime_local": "2026-08-05T11:45:00+02:00",
          "measurement_datetime_utc": "2026-08-05T09:45:00+00:00",
          "measurement_time_original": "5.8.2026 11:45",
          "measurement_timezone": "Europe/Bratislava",
          "operator_provider_id": "shmu_sk",
          "parameter": "water_level",
          "source_file_sha256": "e2bf844b4f528b35271c76af6fa7e9a1e517b9f64348371fa6e2ddfeb75a2156",
          "source_id": "shmu_sk",
          "source_provider_id": "shmu_sk",
          "source_quality_code": null,
          "source_station_id": "6849",
          "source_status": "partial",
          "source_url": "https://www.shmu.sk/en/?id=hydro_vod_all&page=1&station_id=6849",
          "stale": false,
          "station_id": "sk-6849",
          "station_name": "Komarno",
          "station_name_local": "Komárno",
          "unit": "cm",
          "value": 39.0,
          "variation_value": null,
          "variation_window_hours": null
        },
        "water_temperature": {
          "canonical_quality_flag": "provisional",
          "captured_at_utc": "2026-08-05T09:56:00.050512+00:00",
          "captured_via_provider_id": "shmu_sk",
          "country_code": "SK",
          "current_usable": true,
          "measurement_date": null,
          "measurement_datetime_local": "2026-08-05T11:45:00+02:00",
          "measurement_datetime_utc": "2026-08-05T09:45:00+00:00",
          "measurement_time_original": "5.8.2026 11:45",
          "measurement_timezone": "Europe/Bratislava",
          "operator_provider_id": "shmu_sk",
          "parameter": "water_temperature",
          "source_file_sha256": "e2bf844b4f528b35271c76af6fa7e9a1e517b9f64348371fa6e2ddfeb75a2156",
          "source_id": "shmu_sk",
          "source_provider_id": "shmu_sk",
          "source_quality_code": null,
          "source_station_id": "6849",
          "source_status": "partial",
          "source_url": "https://www.shmu.sk/en/?id=hydro_vod_all&page=1&station_id=6849",
          "stale": false,
          "station_id": "sk-6849",
          "station_name": "Komarno",
          "station_name_local": "Komárno",
          "unit": "degC",
          "value": 25.8,
          "variation_value": null,
          "variation_window_hours": null
        }
      },
      "type": "Feature"
    },
    {
      "geometry": {
        "coordinates": [
          18.3733406,
          47.7472584
        ],
        "type": "Point"
      },
      "properties": {
        "capture_datetime_utc": "2026-08-05T09:56:02.679270+00:00",
        "coordinate_confidence": "medium",
        "coordinate_method": "geocoded_locality",
        "coordinate_provider": "OpenStreetMap Nominatim",
        "coordinate_review_status": "accepted",
        "coordinate_source": "https://nominatim.openstreetmap.org/search?q=Radvan+nad+Dunajom%2C+Slovakia&countrycodes=sk&format=jsonv2&addressdetails=1&namedetails=1&limit=5&dedupe=1&accept-language=en",
        "country_code": "SK",
        "discharge": null,
        "is_exact_station_location": false,
        "river_km": null,
        "river_name": "Danube",
        "source_id": "shmu_sk",
        "source_label": "SHMU",
        "source_status": "partial",
        "source_url": "https://www.shmu.sk/en/?id=hydro_vod_all&page=1&station_id=6870",
        "station_id": "sk-6870",
        "station_name": "Radvan n/Dunajom",
        "station_name_local": "Radvaň  n/Dunajom",
        "station_slug": "sk-radvan-n-dunajom",
        "station_type": "gauge",
        "water_level": {
          "canonical_quality_flag": "provisional",
          "captured_at_utc": "2026-08-05T09:56:00.691241+00:00",
          "captured_via_provider_id": "shmu_sk",
          "country_code": "SK",
          "current_usable": true,
          "measurement_date": null,
          "measurement_datetime_local": "2026-08-05T11:45:00+02:00",
          "measurement_datetime_utc": "2026-08-05T09:45:00+00:00",
          "measurement_time_original": "5.8.2026 11:45",
          "measurement_timezone": "Europe/Bratislava",
          "operator_provider_id": "shmu_sk",
          "parameter": "water_level",
          "source_file_sha256": "823872dfa4b24a06029687bc7e27bd6b5c519ea50913820db22babf86b0c24ed",
          "source_id": "shmu_sk",
          "source_provider_id": "shmu_sk",
          "source_quality_code": null,
          "source_station_id": "6870",
          "source_status": "partial",
          "source_url": "https://www.shmu.sk/en/?id=hydro_vod_all&page=1&station_id=6870",
          "stale": false,
          "station_id": "sk-6870",
          "station_name": "Radvan n/Dunajom",
          "station_name_local": "Radvaň  n/Dunajom",
          "unit": "cm",
          "value": 3.0,
          "variation_value": null,
          "variation_window_hours": null
        },
        "water_temperature": {
          "canonical_quality_flag": "provisional",
          "captured_at_utc": "2026-08-05T09:56:00.691241+00:00",
          "captured_via_provider_id": "shmu_sk",
          "country_code": "SK",
          "current_usable": true,
          "measurement_date": null,
          "measurement_datetime_local": "2026-08-05T11:45:00+02:00",
          "measurement_datetime_utc": "2026-08-05T09:45:00+00:00",
          "measurement_time_original": "5.8.2026 11:45",
          "measurement_timezone": "Europe/Bratislava",
          "operator_provider_id": "shmu_sk",
          "parameter": "water_temperature",
          "source_file_sha256": "823872dfa4b24a06029687bc7e27bd6b5c519ea50913820db22babf86b0c24ed",
          "source_id": "shmu_sk",
          "source_provider_id": "shmu_sk",
          "source_quality_code": null,
          "source_station_id": "6870",
          "source_status": "partial",
          "source_url": "https://www.shmu.sk/en/?id=hydro_vod_all&page=1&station_id=6870",
          "stale": false,
          "station_id": "sk-6870",
          "station_name": "Radvan n/Dunajom",
          "station_name_local": "Radvaň  n/Dunajom",
          "unit": "degC",
          "value": 26.4,
          "variation_value": null,
          "variation_window_hours": null
        }
      },
      "type": "Feature"
    },
    {
      "geometry": {
        "coordinates": [
          17.1521045,
          48.048772
        ],
        "type": "Point"
      },
      "properties": {
        "capture_datetime_utc": "2026-08-05T09:56:02.679270+00:00",
        "coordinate_confidence": "medium",
        "coordinate_method": "geocoded_locality",
        "coordinate_provider": "OpenStreetMap Nominatim",
        "coordinate_review_status": "accepted",
        "coordinate_source": "https://nominatim.openstreetmap.org/search?q=Rusovce%2C+Slovakia&countrycodes=sk&format=jsonv2&addressdetails=1&namedetails=1&limit=5&dedupe=1&accept-language=en",
        "country_code": "SK",
        "discharge": null,
        "is_exact_station_location": false,
        "river_km": null,
        "river_name": "Danube",
        "source_id": "shmu_sk",
        "source_label": "SHMU",
        "source_status": "partial",
        "source_url": "https://www.shmu.sk/en/?id=hydro_vod_all&page=1&station_id=5141",
        "station_id": "sk-5141",
        "station_name": "Rusovce",
        "station_name_local": "Rusovce",
        "station_slug": "sk-rusovce",
        "station_type": "gauge",
        "water_level": {
          "canonical_quality_flag": "provisional",
          "captured_at_utc": "2026-08-05T09:56:01.289726+00:00",
          "captured_via_provider_id": "shmu_sk",
          "country_code": "SK",
          "current_usable": true,
          "measurement_date": null,
          "measurement_datetime_local": "2026-08-05T11:45:00+02:00",
          "measurement_datetime_utc": "2026-08-05T09:45:00+00:00",
          "measurement_time_original": "5.8.2026 11:45",
          "measurement_timezone": "Europe/Bratislava",
          "operator_provider_id": "shmu_sk",
          "parameter": "water_level",
          "source_file_sha256": "9297974e631f044a834e3c1f69a5484507fe010a40bf841fbfbbae3da634381e",
          "source_id": "shmu_sk",
          "source_provider_id": "shmu_sk",
          "source_quality_code": null,
          "source_station_id": "5141",
          "source_status": "partial",
          "source_url": "https://www.shmu.sk/en/?id=hydro_vod_all&page=1&station_id=5141",
          "stale": false,
          "station_id": "sk-5141",
          "station_name": "Rusovce",
          "station_name_local": "Rusovce",
          "unit": "cm",
          "value": 668.0,
          "variation_value": null,
          "variation_window_hours": null
        },
        "water_temperature": null
      },
      "type": "Feature"
    },
    {
      "geometry": {
        "coordinates": [
          18.7158785,
          47.7978002
        ],
        "type": "Point"
      },
      "properties": {
        "capture_datetime_utc": "2026-08-05T09:56:02.679270+00:00",
        "coordinate_confidence": "medium",
        "coordinate_method": "geocoded_locality",
        "coordinate_provider": "OpenStreetMap Nominatim",
        "coordinate_review_status": "accepted",
        "coordinate_source": "https://nominatim.openstreetmap.org/search?q=%C5%A0t%C3%BArovo%2C+Slovakia&countrycodes=sk&format=jsonv2&addressdetails=1&namedetails=1&limit=5&dedupe=1&accept-language=en",
        "country_code": "SK",
        "discharge": null,
        "is_exact_station_location": false,
        "river_km": null,
        "river_name": "Danube",
        "source_id": "shmu_sk",
        "source_label": "SHMU",
        "source_status": "partial",
        "source_url": "https://www.shmu.sk/en/?id=hydro_vod_all&page=1&station_id=6880",
        "station_id": "sk-6880",
        "station_name": "Sturovo",
        "station_name_local": "Štúrovo",
        "station_slug": "sk-sturovo",
        "station_type": "gauge",
        "water_level": {
          "canonical_quality_flag": "provisional",
          "captured_at_utc": "2026-08-05T09:56:01.968838+00:00",
          "captured_via_provider_id": "shmu_sk",
          "country_code": "SK",
          "current_usable": true,
          "measurement_date": null,
          "measurement_datetime_local": "2026-08-05T11:45:00+02:00",
          "measurement_datetime_utc": "2026-08-05T09:45:00+00:00",
          "measurement_time_original": "5.8.2026 11:45",
          "measurement_timezone": "Europe/Bratislava",
          "operator_provider_id": "shmu_sk",
          "parameter": "water_level",
          "source_file_sha256": "3b01dd1b16922e5eda3e90972b5895c4a87cb6db6c34d7d93d54f4ad52345c4f",
          "source_id": "shmu_sk",
          "source_provider_id": "shmu_sk",
          "source_quality_code": null,
          "source_station_id": "6880",
          "source_status": "partial",
          "source_url": "https://www.shmu.sk/en/?id=hydro_vod_all&page=1&station_id=6880",
          "stale": false,
          "station_id": "sk-6880",
          "station_name": "Sturovo",
          "station_name_local": "Štúrovo",
          "unit": "cm",
          "value": -22.0,
          "variation_value": null,
          "variation_window_hours": null
        },
        "water_temperature": {
          "canonical_quality_flag": "provisional",
          "captured_at_utc": "2026-08-05T09:56:01.968838+00:00",
          "captured_via_provider_id": "shmu_sk",
          "country_code": "SK",
          "current_usable": true,
          "measurement_date": null,
          "measurement_datetime_local": "2026-08-05T11:45:00+02:00",
          "measurement_datetime_utc": "2026-08-05T09:45:00+00:00",
          "measurement_time_original": "5.8.2026 11:45",
          "measurement_timezone": "Europe/Bratislava",
          "operator_provider_id": "shmu_sk",
          "parameter": "water_temperature",
          "source_file_sha256": "3b01dd1b16922e5eda3e90972b5895c4a87cb6db6c34d7d93d54f4ad52345c4f",
          "source_id": "shmu_sk",
          "source_provider_id": "shmu_sk",
          "source_quality_code": null,
          "source_station_id": "6880",
          "source_status": "partial",
          "source_url": "https://www.shmu.sk/en/?id=hydro_vod_all&page=1&station_id=6880",
          "stale": false,
          "station_id": "sk-6880",
          "station_name": "Sturovo",
          "station_name_local": "Štúrovo",
          "unit": "degC",
          "value": 25.8,
          "variation_value": null,
          "variation_window_hours": null
        }
      },
      "type": "Feature"
    },
    {
      "geometry": {
        "coordinates": [
          17.9740132,
          47.769836
        ],
        "type": "Point"
      },
      "properties": {
        "capture_datetime_utc": "2026-08-05T09:56:02.679270+00:00",
        "coordinate_confidence": "medium",
        "coordinate_method": "geocoded_locality",
        "coordinate_provider": "OpenStreetMap Nominatim",
        "coordinate_review_status": "accepted",
        "coordinate_source": "https://nominatim.openstreetmap.org/search?q=Zlatn%C3%A1+na+Ostrove%2C+Slovakia&countrycodes=sk&format=jsonv2&addressdetails=1&namedetails=1&limit=5&dedupe=1&accept-language=en",
        "country_code": "SK",
        "discharge": null,
        "is_exact_station_location": false,
        "river_km": null,
        "river_name": "Danube",
        "source_id": "shmu_sk",
        "source_label": "SHMU",
        "source_status": "partial",
        "source_url": "https://www.shmu.sk/en/?id=hydro_vod_all&page=1&station_id=6830",
        "station_id": "sk-6830",
        "station_name": "Zlatna na Ostrove",
        "station_name_local": "Zlatná na Ostrove",
        "station_slug": "sk-zlatna-na-ostrove",
        "station_type": "gauge",
        "water_level": {
          "canonical_quality_flag": "provisional",
          "captured_at_utc": "2026-08-05T09:56:02.679270+00:00",
          "captured_via_provider_id": "shmu_sk",
          "country_code": "SK",
          "current_usable": true,
          "measurement_date": null,
          "measurement_datetime_local": "2026-08-05T11:45:00+02:00",
          "measurement_datetime_utc": "2026-08-05T09:45:00+00:00",
          "measurement_time_original": "5.8.2026 11:45",
          "measurement_timezone": "Europe/Bratislava",
          "operator_provider_id": "shmu_sk",
          "parameter": "water_level",
          "source_file_sha256": "f915a7e66f64d6aade467f129427d70b1b60712b46c92d323c21acf3b6fc178d",
          "source_id": "shmu_sk",
          "source_provider_id": "shmu_sk",
          "source_quality_code": null,
          "source_station_id": "6830",
          "source_status": "partial",
          "source_url": "https://www.shmu.sk/en/?id=hydro_vod_all&page=1&station_id=6830",
          "stale": false,
          "station_id": "sk-6830",
          "station_name": "Zlatna na Ostrove",
          "station_name_local": "Zlatná na Ostrove",
          "unit": "cm",
          "value": 27.0,
          "variation_value": null,
          "variation_window_hours": null
        },
        "water_temperature": {
          "canonical_quality_flag": "provisional",
          "captured_at_utc": "2026-08-05T09:56:02.679270+00:00",
          "captured_via_provider_id": "shmu_sk",
          "country_code": "SK",
          "current_usable": true,
          "measurement_date": null,
          "measurement_datetime_local": "2026-08-05T11:45:00+02:00",
          "measurement_datetime_utc": "2026-08-05T09:45:00+00:00",
          "measurement_time_original": "5.8.2026 11:45",
          "measurement_timezone": "Europe/Bratislava",
          "operator_provider_id": "shmu_sk",
          "parameter": "water_temperature",
          "source_file_sha256": "f915a7e66f64d6aade467f129427d70b1b60712b46c92d323c21acf3b6fc178d",
          "source_id": "shmu_sk",
          "source_provider_id": "shmu_sk",
          "source_quality_code": null,
          "source_station_id": "6830",
          "source_status": "partial",
          "source_url": "https://www.shmu.sk/en/?id=hydro_vod_all&page=1&station_id=6830",
          "stale": false,
          "station_id": "sk-6830",
          "station_name": "Zlatna na Ostrove",
          "station_name_local": "Zlatná na Ostrove",
          "unit": "degC",
          "value": 26.2,
          "variation_value": null,
          "variation_window_hours": null
        }
      },
      "type": "Feature"
    },
    {
      "geometry": {
        "coordinates": [
          17.1960871,
          47.997068
        ],
        "type": "Point"
      },
      "properties": {
        "capture_datetime_utc": "2026-08-05T09:56:05.689538+00:00",
        "coordinate_confidence": "medium",
        "coordinate_method": "geocoded_locality",
        "coordinate_provider": "OpenStreetMap Nominatim",
        "coordinate_review_status": "accepted",
        "coordinate_source": "https://nominatim.openstreetmap.org/search?q=Rajka%2C+Hungary&countrycodes=hu&format=jsonv2&addressdetails=1&namedetails=1&limit=5&dedupe=1&accept-language=en",
        "country_code": "HU",
        "discharge": {
          "canonical_quality_flag": "observed",
          "captured_at_utc": "2026-08-05T09:56:03.606765+00:00",
          "captured_via_provider_id": "hydroinfo_hu",
          "country_code": "HU",
          "current_usable": true,
          "measurement_date": "2026-08-05",
          "measurement_datetime_local": null,
          "measurement_datetime_utc": null,
          "measurement_time_original": "2026-08-05",
          "measurement_timezone": null,
          "operator_provider_id": "hydroinfo_hu",
          "parameter": "discharge",
          "source_file_sha256": "cc1f3aac55d1e5afacbd44e39b749598c2354e09d963e2c6821904e1cdf7917a",
          "source_id": "hydroinfo_hu",
          "source_provider_id": "hydroinfo_hu",
          "source_quality_code": null,
          "source_station_id": "442020",
          "source_status": "complete",
          "source_url": "https://www.hydroinfo.hu/tables/dunhif.html",
          "stale": false,
          "station_id": "hu-442020",
          "station_name": "Rajka",
          "station_name_local": "Rajka",
          "unit": "m3/s",
          "value": 388.0,
          "variation_value": null,
          "variation_window_hours": null
        },
        "is_exact_station_location": false,
        "river_km": null,
        "river_name": "Danube",
        "source_id": "hydroinfo_hu",
        "source_label": "OVF Hydroinfo",
        "source_status": "complete",
        "source_url": "https://www.hydroinfo.hu/tables/dunhif.html",
        "station_id": "hu-442020",
        "station_name": "Rajka",
        "station_name_local": "Rajka",
        "station_slug": "hu-rajka",
        "station_type": "gauge",
        "water_level": {
          "canonical_quality_flag": "observed",
          "captured_at_utc": "2026-08-05T09:56:03.606765+00:00",
          "captured_via_provider_id": "hydroinfo_hu",
          "country_code": "HU",
          "current_usable": true,
          "measurement_date": "2026-08-05",
          "measurement_datetime_local": null,
          "measurement_datetime_utc": null,
          "measurement_time_original": "2026-08-05",
          "measurement_timezone": null,
          "operator_provider_id": "hydroinfo_hu",
          "parameter": "water_level",
          "source_file_sha256": "cc1f3aac55d1e5afacbd44e39b749598c2354e09d963e2c6821904e1cdf7917a",
          "source_id": "hydroinfo_hu",
          "source_provider_id": "hydroinfo_hu",
          "source_quality_code": null,
          "source_station_id": "442020",
          "source_status": "complete",
          "source_url": "https://www.hydroinfo.hu/tables/dunhif.html",
          "stale": false,
          "station_id": "hu-442020",
          "station_name": "Rajka",
          "station_name_local": "Rajka",
          "unit": "cm",
          "value": 53.0,
          "variation_value": 0.0,
          "variation_window_hours": 24
        },
        "water_temperature": {
          "canonical_quality_flag": "observed",
          "captured_at_utc": "2026-08-05T09:56:03.606765+00:00",
          "captured_via_provider_id": "hydroinfo_hu",
          "country_code": "HU",
          "current_usable": true,
          "measurement_date": "2026-08-05",
          "measurement_datetime_local": null,
          "measurement_datetime_utc": null,
          "measurement_time_original": "2026-08-05",
          "measurement_timezone": null,
          "operator_provider_id": "hydroinfo_hu",
          "parameter": "water_temperature",
          "source_file_sha256": "cc1f3aac55d1e5afacbd44e39b749598c2354e09d963e2c6821904e1cdf7917a",
          "source_id": "hydroinfo_hu",
          "source_provider_id": "hydroinfo_hu",
          "source_quality_code": null,
          "source_station_id": "442020",
          "source_status": "complete",
          "source_url": "https://www.hydroinfo.hu/tables/dunhif.html",
          "stale": false,
          "station_id": "hu-442020",
          "station_name": "Rajka",
          "station_name_local": "Rajka",
          "unit": "degC",
          "value": 24.7,
          "variation_value": null,
          "variation_window_hours": null
        }
      },
      "type": "Feature"
    },
    {
      "geometry": {
        "coordinates": [
          17.437091,
          47.8766438
        ],
        "type": "Point"
      },
      "properties": {
        "capture_datetime_utc": "2026-08-05T09:56:05.689538+00:00",
        "coordinate_confidence": "medium",
        "coordinate_method": "geocoded_locality",
        "coordinate_provider": "OpenStreetMap Nominatim",
        "coordinate_review_status": "accepted",
        "coordinate_source": "https://nominatim.openstreetmap.org/search?q=Dunaremete%2C+Hungary&countrycodes=hu&format=jsonv2&addressdetails=1&namedetails=1&limit=5&dedupe=1&accept-language=en",
        "country_code": "HU",
        "discharge": {
          "canonical_quality_flag": "observed",
          "captured_at_utc": "2026-08-05T09:56:03.606765+00:00",
          "captured_via_provider_id": "hydroinfo_hu",
          "country_code": "HU",
          "current_usable": true,
          "measurement_date": "2026-08-05",
          "measurement_datetime_local": null,
          "measurement_datetime_utc": null,
          "measurement_time_original": "2026-08-05",
          "measurement_timezone": null,
          "operator_provider_id": "hydroinfo_hu",
          "parameter": "discharge",
          "source_file_sha256": "cc1f3aac55d1e5afacbd44e39b749598c2354e09d963e2c6821904e1cdf7917a",
          "source_id": "hydroinfo_hu",
          "source_provider_id": "hydroinfo_hu",
          "source_quality_code": null,
          "source_station_id": "442021",
          "source_status": "complete",
          "source_url": "https://www.hydroinfo.hu/tables/dunhif.html",
          "stale": false,
          "station_id": "hu-442021",
          "station_name": "Dunaremete",
          "station_name_local": "Dunaremete",
          "unit": "m3/s",
          "value": 361.0,
          "variation_value": null,
          "variation_window_hours": null
        },
        "is_exact_station_location": false,
        "river_km": null,
        "river_name": "Danube",
        "source_id": "hydroinfo_hu",
        "source_label": "OVF Hydroinfo",
        "source_status": "complete",
        "source_url": "https://www.hydroinfo.hu/tables/dunhif.html",
        "station_id": "hu-442021",
        "station_name": "Dunaremete",
        "station_name_local": "Dunaremete",
        "station_slug": "hu-dunaremete",
        "station_type": "gauge",
        "water_level": {
          "canonical_quality_flag": "observed",
          "captured_at_utc": "2026-08-05T09:56:03.606765+00:00",
          "captured_via_provider_id": "hydroinfo_hu",
          "country_code": "HU",
          "current_usable": true,
          "measurement_date": "2026-08-05",
          "measurement_datetime_local": null,
          "measurement_datetime_utc": null,
          "measurement_time_original": "2026-08-05",
          "measurement_timezone": null,
          "operator_provider_id": "hydroinfo_hu",
          "parameter": "water_level",
          "source_file_sha256": "cc1f3aac55d1e5afacbd44e39b749598c2354e09d963e2c6821904e1cdf7917a",
          "source_id": "hydroinfo_hu",
          "source_provider_id": "hydroinfo_hu",
          "source_quality_code": null,
          "source_station_id": "442021",
          "source_status": "complete",
          "source_url": "https://www.hydroinfo.hu/tables/dunhif.html",
          "stale": false,
          "station_id": "hu-442021",
          "station_name": "Dunaremete",
          "station_name_local": "Dunaremete",
          "unit": "cm",
          "value": 72.0,
          "variation_value": 0.0,
          "variation_window_hours": 24
        },
        "water_temperature": {
          "canonical_quality_flag": "observed",
          "captured_at_utc": "2026-08-05T09:56:03.606765+00:00",
          "captured_via_provider_id": "hydroinfo_hu",
          "country_code": "HU",
          "current_usable": true,
          "measurement_date": "2026-08-05",
          "measurement_datetime_local": null,
          "measurement_datetime_utc": null,
          "measurement_time_original": "2026-08-05",
          "measurement_timezone": null,
          "operator_provider_id": "hydroinfo_hu",
          "parameter": "water_temperature",
          "source_file_sha256": "cc1f3aac55d1e5afacbd44e39b749598c2354e09d963e2c6821904e1cdf7917a",
          "source_id": "hydroinfo_hu",
          "source_provider_id": "hydroinfo_hu",
          "source_quality_code": null,
          "source_station_id": "442021",
          "source_status": "complete",
          "source_url": "https://www.hydroinfo.hu/tables/dunhif.html",
          "stale": false,
          "station_id": "hu-442021",
          "station_name": "Dunaremete",
          "station_name_local": "Dunaremete",
          "unit": "degC",
          "value": 23.8,
          "variation_value": null,
          "variation_window_hours": null
        }
      },
      "type": "Feature"
    },
    {
      "geometry": {
        "coordinates": [
          17.6868931,
          47.7644567
        ],
        "type": "Point"
      },
      "properties": {
        "capture_datetime_utc": "2026-08-05T09:56:05.689538+00:00",
        "coordinate_confidence": "medium",
        "coordinate_method": "geocoded_locality",
        "coordinate_provider": "OpenStreetMap Nominatim",
        "coordinate_review_status": "accepted",
        "coordinate_source": "https://nominatim.openstreetmap.org/search?q=Nagybajcs%2C+Hungary&countrycodes=hu&format=jsonv2&addressdetails=1&namedetails=1&limit=5&dedupe=1&accept-language=en",
        "country_code": "HU",
        "discharge": {
          "canonical_quality_flag": "observed",
          "captured_at_utc": "2026-08-05T09:56:03.606765+00:00",
          "captured_via_provider_id": "hydroinfo_hu",
          "country_code": "HU",
          "current_usable": true,
          "measurement_date": "2026-08-05",
          "measurement_datetime_local": null,
          "measurement_datetime_utc": null,
          "measurement_time_original": "2026-08-05",
          "measurement_timezone": null,
          "operator_provider_id": "hydroinfo_hu",
          "parameter": "discharge",
          "source_file_sha256": "cc1f3aac55d1e5afacbd44e39b749598c2354e09d963e2c6821904e1cdf7917a",
          "source_id": "hydroinfo_hu",
          "source_provider_id": "hydroinfo_hu",
          "source_quality_code": null,
          "source_station_id": "442502",
          "source_status": "complete",
          "source_url": "https://www.hydroinfo.hu/tables/dunhif.html",
          "stale": false,
          "station_id": "hu-442502",
          "station_name": "Nagybajcs",
          "station_name_local": "Nagybajcs",
          "unit": "m3/s",
          "value": 653.0,
          "variation_value": null,
          "variation_window_hours": null
        },
        "is_exact_station_location": false,
        "river_km": null,
        "river_name": "Danube",
        "source_id": "hydroinfo_hu",
        "source_label": "OVF Hydroinfo",
        "source_status": "complete",
        "source_url": "https://www.hydroinfo.hu/tables/dunhif.html",
        "station_id": "hu-442502",
        "station_name": "Nagybajcs",
        "station_name_local": "Nagybajcs",
        "station_slug": "hu-nagybajcs",
        "station_type": "gauge",
        "water_level": {
          "canonical_quality_flag": "observed",
          "captured_at_utc": "2026-08-05T09:56:03.606765+00:00",
          "captured_via_provider_id": "hydroinfo_hu",
          "country_code": "HU",
          "current_usable": true,
          "measurement_date": "2026-08-05",
          "measurement_datetime_local": null,
          "measurement_datetime_utc": null,
          "measurement_time_original": "2026-08-05",
          "measurement_timezone": null,
          "operator_provider_id": "hydroinfo_hu",
          "parameter": "water_level",
          "source_file_sha256": "cc1f3aac55d1e5afacbd44e39b749598c2354e09d963e2c6821904e1cdf7917a",
          "source_id": "hydroinfo_hu",
          "source_provider_id": "hydroinfo_hu",
          "source_quality_code": null,
          "source_station_id": "442502",
          "source_status": "complete",
          "source_url": "https://www.hydroinfo.hu/tables/dunhif.html",
          "stale": false,
          "station_id": "hu-442502",
          "station_name": "Nagybajcs",
          "station_name_local": "Nagybajcs",
          "unit": "cm",
          "value": -31.0,
          "variation_value": 1.0,
          "variation_window_hours": 24
        },
        "water_temperature": {
          "canonical_quality_flag": "observed",
          "captured_at_utc": "2026-08-05T09:56:03.606765+00:00",
          "captured_via_provider_id": "hydroinfo_hu",
          "country_code": "HU",
          "current_usable": true,
          "measurement_date": "2026-08-05",
          "measurement_datetime_local": null,
          "measurement_datetime_utc": null,
          "measurement_time_original": "2026-08-05",
          "measurement_timezone": null,
          "operator_provider_id": "hydroinfo_hu",
          "parameter": "water_temperature",
          "source_file_sha256": "cc1f3aac55d1e5afacbd44e39b749598c2354e09d963e2c6821904e1cdf7917a",
          "source_id": "hydroinfo_hu",
          "source_provider_id": "hydroinfo_hu",
          "source_quality_code": null,
          "source_station_id": "442502",
          "source_status": "complete",
          "source_url": "https://www.hydroinfo.hu/tables/dunhif.html",
          "stale": false,
          "station_id": "hu-442502",
          "station_name": "Nagybajcs",
          "station_name_local": "Nagybajcs",
          "unit": "degC",
          "value": 24.8,
          "variation_value": null,
          "variation_window_hours": null
        }
      },
      "type": "Feature"
    },
    {
      "geometry": {
        "coordinates": [
          17.8279231,
          47.7331432
        ],
        "type": "Point"
      },
      "properties": {
        "capture_datetime_utc": "2026-08-05T09:56:05.689538+00:00",
        "coordinate_confidence": "medium",
        "coordinate_method": "geocoded_locality",
        "coordinate_provider": "OpenStreetMap Nominatim",
        "coordinate_review_status": "accepted",
        "coordinate_source": "https://nominatim.openstreetmap.org/search?q=G%C3%B6ny%C5%B1%2C+Hungary&countrycodes=hu&format=jsonv2&addressdetails=1&namedetails=1&limit=5&dedupe=1&accept-language=en",
        "country_code": "HU",
        "discharge": {
          "canonical_quality_flag": "observed",
          "captured_at_utc": "2026-08-05T09:56:03.606765+00:00",
          "captured_via_provider_id": "hydroinfo_hu",
          "country_code": "HU",
          "current_usable": true,
          "measurement_date": "2026-08-05",
          "measurement_datetime_local": null,
          "measurement_datetime_utc": null,
          "measurement_time_original": "2026-08-05",
          "measurement_timezone": null,
          "operator_provider_id": "hydroinfo_hu",
          "parameter": "discharge",
          "source_file_sha256": "cc1f3aac55d1e5afacbd44e39b749598c2354e09d963e2c6821904e1cdf7917a",
          "source_id": "hydroinfo_hu",
          "source_provider_id": "hydroinfo_hu",
          "source_quality_code": null,
          "source_station_id": "442521",
          "source_status": "complete",
          "source_url": "https://www.hydroinfo.hu/tables/dunhif.html",
          "stale": false,
          "station_id": "hu-442521",
          "station_name": "Gonyu",
          "station_name_local": "Gönyű",
          "unit": "m3/s",
          "value": 690.0,
          "variation_value": null,
          "variation_window_hours": null
        },
        "is_exact_station_location": false,
        "river_km": null,
        "river_name": "Danube",
        "source_id": "hydroinfo_hu",
        "source_label": "OVF Hydroinfo",
        "source_status": "complete",
        "source_url": "https://www.hydroinfo.hu/tables/dunhif.html",
        "station_id": "hu-442521",
        "station_name": "Gonyu",
        "station_name_local": "Gönyű",
        "station_slug": "hu-gonyu",
        "station_type": "gauge",
        "water_level": {
          "canonical_quality_flag": "observed",
          "captured_at_utc": "2026-08-05T09:56:03.606765+00:00",
          "captured_via_provider_id": "hydroinfo_hu",
          "country_code": "HU",
          "current_usable": true,
          "measurement_date": "2026-08-05",
          "measurement_datetime_local": null,
          "measurement_datetime_utc": null,
          "measurement_time_original": "2026-08-05",
          "measurement_timezone": null,
          "operator_provider_id": "hydroinfo_hu",
          "parameter": "water_level",
          "source_file_sha256": "cc1f3aac55d1e5afacbd44e39b749598c2354e09d963e2c6821904e1cdf7917a",
          "source_id": "hydroinfo_hu",
          "source_provider_id": "hydroinfo_hu",
          "source_quality_code": null,
          "source_station_id": "442521",
          "source_status": "complete",
          "source_url": "https://www.hydroinfo.hu/tables/dunhif.html",
          "stale": false,
          "station_id": "hu-442521",
          "station_name": "Gonyu",
          "station_name_local": "Gönyű",
          "unit": "cm",
          "value": -54.0,
          "variation_value": 2.0,
          "variation_window_hours": 24
        },
        "water_temperature": {
          "canonical_quality_flag": "observed",
          "captured_at_utc": "2026-08-05T09:56:03.606765+00:00",
          "captured_via_provider_id": "hydroinfo_hu",
          "country_code": "HU",
          "current_usable": true,
          "measurement_date": "2026-08-05",
          "measurement_datetime_local": null,
          "measurement_datetime_utc": null,
          "measurement_time_original": "2026-08-05",
          "measurement_timezone": null,
          "operator_provider_id": "hydroinfo_hu",
          "parameter": "water_temperature",
          "source_file_sha256": "cc1f3aac55d1e5afacbd44e39b749598c2354e09d963e2c6821904e1cdf7917a",
          "source_id": "hydroinfo_hu",
          "source_provider_id": "hydroinfo_hu",
          "source_quality_code": null,
          "source_station_id": "442521",
          "source_status": "complete",
          "source_url": "https://www.hydroinfo.hu/tables/dunhif.html",
          "stale": false,
          "station_id": "hu-442521",
          "station_name": "Gonyu",
          "station_name_local": "Gönyű",
          "unit": "degC",
          "value": 26.6,
          "variation_value": null,
          "variation_window_hours": null
        }
      },
      "type": "Feature"
    },
    {
      "geometry": {
        "coordinates": [
          18.1218256,
          47.7417349
        ],
        "type": "Point"
      },
      "properties": {
        "capture_datetime_utc": "2026-08-05T09:56:05.689538+00:00",
        "coordinate_confidence": "medium",
        "coordinate_method": "geocoded_locality",
        "coordinate_provider": "OpenStreetMap Nominatim",
        "coordinate_review_status": "accepted",
        "coordinate_source": "https://nominatim.openstreetmap.org/search?q=Kom%C3%A1rom%2C+Hungary&countrycodes=hu&format=jsonv2&addressdetails=1&namedetails=1&limit=5&dedupe=1&accept-language=en",
        "country_code": "HU",
        "discharge": {
          "canonical_quality_flag": "observed",
          "captured_at_utc": "2026-08-05T09:56:03.606765+00:00",
          "captured_via_provider_id": "hydroinfo_hu",
          "country_code": "HU",
          "current_usable": true,
          "measurement_date": "2026-08-05",
          "measurement_datetime_local": null,
          "measurement_datetime_utc": null,
          "measurement_time_original": "2026-08-05",
          "measurement_timezone": null,
          "operator_provider_id": "hydroinfo_hu",
          "parameter": "discharge",
          "source_file_sha256": "cc1f3aac55d1e5afacbd44e39b749598c2354e09d963e2c6821904e1cdf7917a",
          "source_id": "hydroinfo_hu",
          "source_provider_id": "hydroinfo_hu",
          "source_quality_code": null,
          "source_station_id": "442522",
          "source_status": "complete",
          "source_url": "https://www.hydroinfo.hu/tables/dunhif.html",
          "stale": false,
          "station_id": "hu-442522",
          "station_name": "Komarom",
          "station_name_local": "Komárom",
          "unit": "m3/s",
          "value": 690.0,
          "variation_value": null,
          "variation_window_hours": null
        },
        "is_exact_station_location": false,
        "river_km": null,
        "river_name": "Danube",
        "source_id": "hydroinfo_hu",
        "source_label": "OVF Hydroinfo",
        "source_status": "complete",
        "source_url": "https://www.hydroinfo.hu/tables/dunhif.html",
        "station_id": "hu-442522",
        "station_name": "Komarom",
        "station_name_local": "Komárom",
        "station_slug": "hu-komarom",
        "station_type": "gauge",
        "water_level": {
          "canonical_quality_flag": "observed",
          "captured_at_utc": "2026-08-05T09:56:03.606765+00:00",
          "captured_via_provider_id": "hydroinfo_hu",
          "country_code": "HU",
          "current_usable": true,
          "measurement_date": "2026-08-05",
          "measurement_datetime_local": null,
          "measurement_datetime_utc": null,
          "measurement_time_original": "2026-08-05",
          "measurement_timezone": null,
          "operator_provider_id": "hydroinfo_hu",
          "parameter": "water_level",
          "source_file_sha256": "cc1f3aac55d1e5afacbd44e39b749598c2354e09d963e2c6821904e1cdf7917a",
          "source_id": "hydroinfo_hu",
          "source_provider_id": "hydroinfo_hu",
          "source_quality_code": null,
          "source_station_id": "442522",
          "source_status": "complete",
          "source_url": "https://www.hydroinfo.hu/tables/dunhif.html",
          "stale": false,
          "station_id": "hu-442522",
          "station_name": "Komarom",
          "station_name_local": "Komárom",
          "unit": "cm",
          "value": -19.0,
          "variation_value": 1.0,
          "variation_window_hours": 24
        },
        "water_temperature": {
          "canonical_quality_flag": "observed",
          "captured_at_utc": "2026-08-05T09:56:03.606765+00:00",
          "captured_via_provider_id": "hydroinfo_hu",
          "country_code": "HU",
          "current_usable": true,
          "measurement_date": "2026-08-05",
          "measurement_datetime_local": null,
          "measurement_datetime_utc": null,
          "measurement_time_original": "2026-08-05",
          "measurement_timezone": null,
          "operator_provider_id": "hydroinfo_hu",
          "parameter": "water_temperature",
          "source_file_sha256": "cc1f3aac55d1e5afacbd44e39b749598c2354e09d963e2c6821904e1cdf7917a",
          "source_id": "hydroinfo_hu",
          "source_provider_id": "hydroinfo_hu",
          "source_quality_code": null,
          "source_station_id": "442522",
          "source_status": "complete",
          "source_url": "https://www.hydroinfo.hu/tables/dunhif.html",
          "stale": false,
          "station_id": "hu-442522",
          "station_name": "Komarom",
          "station_name_local": "Komárom",
          "unit": "degC",
          "value": 22.4,
          "variation_value": null,
          "variation_window_hours": null
        }
      },
      "type": "Feature"
    },
    {
      "geometry": {
        "coordinates": [
          18.5015732,
          47.7450853
        ],
        "type": "Point"
      },
      "properties": {
        "capture_datetime_utc": "2026-08-05T09:56:05.689538+00:00",
        "coordinate_confidence": "medium",
        "coordinate_method": "geocoded_locality",
        "coordinate_provider": "OpenStreetMap Nominatim",
        "coordinate_review_status": "accepted",
        "coordinate_source": "https://nominatim.openstreetmap.org/search?q=L%C3%A1batlan%2C+Hungary&countrycodes=hu&format=jsonv2&addressdetails=1&namedetails=1&limit=5&dedupe=1&accept-language=en",
        "country_code": "HU",
        "discharge": null,
        "is_exact_station_location": false,
        "river_km": null,
        "river_name": "Danube",
        "source_id": "hydroinfo_hu",
        "source_label": "OVF Hydroinfo",
        "source_status": "complete",
        "source_url": "https://www.hydroinfo.hu/tables/dunhif.html",
        "station_id": "hu-442024",
        "station_name": "Labatlan",
        "station_name_local": "Lábatlan",
        "station_slug": "hu-labatlan",
        "station_type": "gauge",
        "water_level": {
          "canonical_quality_flag": "observed",
          "captured_at_utc": "2026-08-05T09:56:03.606765+00:00",
          "captured_via_provider_id": "hydroinfo_hu",
          "country_code": "HU",
          "current_usable": true,
          "measurement_date": "2026-08-05",
          "measurement_datetime_local": null,
          "measurement_datetime_utc": null,
          "measurement_time_original": "2026-08-05",
          "measurement_timezone": null,
          "operator_provider_id": "hydroinfo_hu",
          "parameter": "water_level",
          "source_file_sha256": "cc1f3aac55d1e5afacbd44e39b749598c2354e09d963e2c6821904e1cdf7917a",
          "source_id": "hydroinfo_hu",
          "source_provider_id": "hydroinfo_hu",
          "source_quality_code": null,
          "source_station_id": "442024",
          "source_status": "complete",
          "source_url": "https://www.hydroinfo.hu/tables/dunhif.html",
          "stale": false,
          "station_id": "hu-442024",
          "station_name": "Labatlan",
          "station_name_local": "Lábatlan",
          "unit": "cm",
          "value": 82.0,
          "variation_value": 2.0,
          "variation_window_hours": 24
        },
        "water_temperature": null
      },
      "type": "Feature"
    },
    {
      "geometry": {
        "coordinates": [
          18.7403377,
          47.7856939
        ],
        "type": "Point"
      },
      "properties": {
        "capture_datetime_utc": "2026-08-05T09:56:05.689538+00:00",
        "coordinate_confidence": "medium",
        "coordinate_method": "geocoded_locality",
        "coordinate_provider": "OpenStreetMap Nominatim",
        "coordinate_review_status": "accepted",
        "coordinate_source": "https://nominatim.openstreetmap.org/search?q=Esztergom%2C+Hungary&countrycodes=hu&format=jsonv2&addressdetails=1&namedetails=1&limit=5&dedupe=1&accept-language=en",
        "country_code": "HU",
        "discharge": null,
        "is_exact_station_location": false,
        "river_km": null,
        "river_name": "Danube",
        "source_id": "hydroinfo_hu",
        "source_label": "OVF Hydroinfo",
        "source_status": "complete",
        "source_url": "https://www.hydroinfo.hu/tables/dunhif.html",
        "station_id": "hu-442025",
        "station_name": "Esztergom",
        "station_name_local": "Esztergom",
        "station_slug": "hu-esztergom",
        "station_type": "gauge",
        "water_level": {
          "canonical_quality_flag": "observed",
          "captured_at_utc": "2026-08-05T09:56:03.606765+00:00",
          "captured_via_provider_id": "hydroinfo_hu",
          "country_code": "HU",
          "current_usable": true,
          "measurement_date": "2026-08-05",
          "measurement_datetime_local": null,
          "measurement_datetime_utc": null,
          "measurement_time_original": "2026-08-05",
          "measurement_timezone": null,
          "operator_provider_id": "hydroinfo_hu",
          "parameter": "water_level",
          "source_file_sha256": "cc1f3aac55d1e5afacbd44e39b749598c2354e09d963e2c6821904e1cdf7917a",
          "source_id": "hydroinfo_hu",
          "source_provider_id": "hydroinfo_hu",
          "source_quality_code": null,
          "source_station_id": "442025",
          "source_status": "complete",
          "source_url": "https://www.hydroinfo.hu/tables/dunhif.html",
          "stale": false,
          "station_id": "hu-442025",
          "station_name": "Esztergom",
          "station_name_local": "Esztergom",
          "unit": "cm",
          "value": -31.0,
          "variation_value": 4.0,
          "variation_window_hours": 24
        },
        "water_temperature": {
          "canonical_quality_flag": "observed",
          "captured_at_utc": "2026-08-04T16:36:35.043185+00:00",
          "captured_via_provider_id": "hydroinfo_hu",
          "country_code": "HU",
          "current_usable": true,
          "measurement_date": "2026-08-04",
          "measurement_datetime_local": null,
          "measurement_datetime_utc": null,
          "measurement_time_original": "2026-08-04",
          "measurement_timezone": null,
          "operator_provider_id": "hydroinfo_hu",
          "parameter": "water_temperature",
          "source_file_sha256": "5e1308a42817c07edfaedbf4e105f41f3a42c18db705e168e5ed8ac761b840a6",
          "source_id": "hydroinfo_hu",
          "source_provider_id": "hydroinfo_hu",
          "source_quality_code": null,
          "source_station_id": "442025",
          "source_status": "complete",
          "source_url": "https://www.hydroinfo.hu/tables/dunhif.html",
          "stale": false,
          "station_id": "hu-442025",
          "station_name": "Esztergom",
          "station_name_local": "Esztergom",
          "unit": "degC",
          "value": 25.3,
          "variation_value": null,
          "variation_window_hours": null
        }
      },
      "type": "Feature"
    },
    {
      "geometry": {
        "coordinates": [
          18.8711331,
          47.8182921
        ],
        "type": "Point"
      },
      "properties": {
        "capture_datetime_utc": "2026-08-05T09:56:05.689538+00:00",
        "coordinate_confidence": "medium",
        "coordinate_method": "geocoded_locality",
        "coordinate_provider": "OpenStreetMap Nominatim",
        "coordinate_review_status": "accepted",
        "coordinate_source": "https://nominatim.openstreetmap.org/search?q=Szob%2C+Hungary&countrycodes=hu&format=jsonv2&addressdetails=1&namedetails=1&limit=5&dedupe=1&accept-language=en",
        "country_code": "HU",
        "discharge": null,
        "is_exact_station_location": false,
        "river_km": null,
        "river_name": "Danube",
        "source_id": "hydroinfo_hu",
        "source_label": "OVF Hydroinfo",
        "source_status": "complete",
        "source_url": "https://www.hydroinfo.hu/tables/dunhif.html",
        "station_id": "hu-442625",
        "station_name": "Szob",
        "station_name_local": "Szob",
        "station_slug": "hu-szob",
        "station_type": "gauge",
        "water_level": {
          "canonical_quality_flag": "observed",
          "captured_at_utc": "2026-08-05T09:56:03.606765+00:00",
          "captured_via_provider_id": "hydroinfo_hu",
          "country_code": "HU",
          "current_usable": true,
          "measurement_date": "2026-08-05",
          "measurement_datetime_local": null,
          "measurement_datetime_utc": null,
          "measurement_time_original": "2026-08-05",
          "measurement_timezone": null,
          "operator_provider_id": "hydroinfo_hu",
          "parameter": "water_level",
          "source_file_sha256": "cc1f3aac55d1e5afacbd44e39b749598c2354e09d963e2c6821904e1cdf7917a",
          "source_id": "hydroinfo_hu",
          "source_provider_id": "hydroinfo_hu",
          "source_quality_code": null,
          "source_station_id": "442625",
          "source_status": "complete",
          "source_url": "https://www.hydroinfo.hu/tables/dunhif.html",
          "stale": false,
          "station_id": "hu-442625",
          "station_name": "Szob",
          "station_name_local": "Szob",
          "unit": "cm",
          "value": -92.0,
          "variation_value": 3.0,
          "variation_window_hours": 24
        },
        "water_temperature": {
          "canonical_quality_flag": "observed",
          "captured_at_utc": "2026-08-05T09:56:03.606765+00:00",
          "captured_via_provider_id": "hydroinfo_hu",
          "country_code": "HU",
          "current_usable": true,
          "measurement_date": "2026-08-05",
          "measurement_datetime_local": null,
          "measurement_datetime_utc": null,
          "measurement_time_original": "2026-08-05",
          "measurement_timezone": null,
          "operator_provider_id": "hydroinfo_hu",
          "parameter": "water_temperature",
          "source_file_sha256": "cc1f3aac55d1e5afacbd44e39b749598c2354e09d963e2c6821904e1cdf7917a",
          "source_id": "hydroinfo_hu",
          "source_provider_id": "hydroinfo_hu",
          "source_quality_code": null,
          "source_station_id": "442625",
          "source_status": "complete",
          "source_url": "https://www.hydroinfo.hu/tables/dunhif.html",
          "stale": false,
          "station_id": "hu-442625",
          "station_name": "Szob",
          "station_name_local": "Szob",
          "unit": "degC",
          "value": 25.9,
          "variation_value": null,
          "variation_window_hours": null
        }
      },
      "type": "Feature"
    },
    {
      "geometry": {
        "coordinates": [
          18.9587262,
          47.7891142
        ],
        "type": "Point"
      },
      "properties": {
        "capture_datetime_utc": "2026-08-05T09:56:05.689538+00:00",
        "coordinate_confidence": "medium",
        "coordinate_method": "geocoded_locality",
        "coordinate_provider": "OpenStreetMap Nominatim",
        "coordinate_review_status": "accepted",
        "coordinate_source": "https://nominatim.openstreetmap.org/search?q=Nagymaros%2C+Hungary&countrycodes=hu&format=jsonv2&addressdetails=1&namedetails=1&limit=5&dedupe=1&accept-language=en",
        "country_code": "HU",
        "discharge": {
          "canonical_quality_flag": "observed",
          "captured_at_utc": "2026-08-05T09:56:03.606765+00:00",
          "captured_via_provider_id": "hydroinfo_hu",
          "country_code": "HU",
          "current_usable": true,
          "measurement_date": "2026-08-05",
          "measurement_datetime_local": null,
          "measurement_datetime_utc": null,
          "measurement_time_original": "2026-08-05",
          "measurement_timezone": null,
          "operator_provider_id": "hydroinfo_hu",
          "parameter": "discharge",
          "source_file_sha256": "cc1f3aac55d1e5afacbd44e39b749598c2354e09d963e2c6821904e1cdf7917a",
          "source_id": "hydroinfo_hu",
          "source_provider_id": "hydroinfo_hu",
          "source_quality_code": null,
          "source_station_id": "442527",
          "source_status": "complete",
          "source_url": "https://www.hydroinfo.hu/tables/dunhif.html",
          "stale": false,
          "station_id": "hu-442527",
          "station_name": "Nagymaros",
          "station_name_local": "Nagymaros",
          "unit": "m3/s",
          "value": 773.0,
          "variation_value": null,
          "variation_window_hours": null
        },
        "is_exact_station_location": false,
        "river_km": null,
        "river_name": "Danube",
        "source_id": "hydroinfo_hu",
        "source_label": "OVF Hydroinfo",
        "source_status": "complete",
        "source_url": "https://www.hydroinfo.hu/tables/dunhif.html",
        "station_id": "hu-442527",
        "station_name": "Nagymaros",
        "station_name_local": "Nagymaros",
        "station_slug": "hu-nagymaros",
        "station_type": "gauge",
        "water_level": {
          "canonical_quality_flag": "observed",
          "captured_at_utc": "2026-08-05T09:56:03.606765+00:00",
          "captured_via_provider_id": "hydroinfo_hu",
          "country_code": "HU",
          "current_usable": true,
          "measurement_date": "2026-08-05",
          "measurement_datetime_local": null,
          "measurement_datetime_utc": null,
          "measurement_time_original": "2026-08-05",
          "measurement_timezone": null,
          "operator_provider_id": "hydroinfo_hu",
          "parameter": "water_level",
          "source_file_sha256": "cc1f3aac55d1e5afacbd44e39b749598c2354e09d963e2c6821904e1cdf7917a",
          "source_id": "hydroinfo_hu",
          "source_provider_id": "hydroinfo_hu",
          "source_quality_code": null,
          "source_station_id": "442527",
          "source_status": "complete",
          "source_url": "https://www.hydroinfo.hu/tables/dunhif.html",
          "stale": false,
          "station_id": "hu-442527",
          "station_name": "Nagymaros",
          "station_name_local": "Nagymaros",
          "unit": "cm",
          "value": -77.0,
          "variation_value": 3.0,
          "variation_window_hours": 24
        },
        "water_temperature": {
          "canonical_quality_flag": "observed",
          "captured_at_utc": "2026-08-05T09:56:03.606765+00:00",
          "captured_via_provider_id": "hydroinfo_hu",
          "country_code": "HU",
          "current_usable": true,
          "measurement_date": "2026-08-05",
          "measurement_datetime_local": null,
          "measurement_datetime_utc": null,
          "measurement_time_original": "2026-08-05",
          "measurement_timezone": null,
          "operator_provider_id": "hydroinfo_hu",
          "parameter": "water_temperature",
          "source_file_sha256": "cc1f3aac55d1e5afacbd44e39b749598c2354e09d963e2c6821904e1cdf7917a",
          "source_id": "hydroinfo_hu",
          "source_provider_id": "hydroinfo_hu",
          "source_quality_code": null,
          "source_station_id": "442527",
          "source_status": "complete",
          "source_url": "https://www.hydroinfo.hu/tables/dunhif.html",
          "stale": false,
          "station_id": "hu-442527",
          "station_name": "Nagymaros",
          "station_name_local": "Nagymaros",
          "unit": "degC",
          "value": 25.2,
          "variation_value": null,
          "variation_window_hours": null
        }
      },
      "type": "Feature"
    },
    {
      "geometry": {
        "coordinates": [
          19.1278294,
          47.7782873
        ],
        "type": "Point"
      },
      "properties": {
        "capture_datetime_utc": "2026-08-05T09:56:05.689538+00:00",
        "coordinate_confidence": "medium",
        "coordinate_method": "geocoded_locality",
        "coordinate_provider": "OpenStreetMap Nominatim",
        "coordinate_review_status": "accepted",
        "coordinate_source": "https://nominatim.openstreetmap.org/search?q=V%C3%A1c%2C+Hungary&countrycodes=hu&format=jsonv2&addressdetails=1&namedetails=1&limit=5&dedupe=1&accept-language=en",
        "country_code": "HU",
        "discharge": {
          "canonical_quality_flag": "observed",
          "captured_at_utc": "2026-08-05T09:56:03.606765+00:00",
          "captured_via_provider_id": "hydroinfo_hu",
          "country_code": "HU",
          "current_usable": true,
          "measurement_date": "2026-08-05",
          "measurement_datetime_local": null,
          "measurement_datetime_utc": null,
          "measurement_time_original": "2026-08-05",
          "measurement_timezone": null,
          "operator_provider_id": "hydroinfo_hu",
          "parameter": "discharge",
          "source_file_sha256": "cc1f3aac55d1e5afacbd44e39b749598c2354e09d963e2c6821904e1cdf7917a",
          "source_id": "hydroinfo_hu",
          "source_provider_id": "hydroinfo_hu",
          "source_quality_code": null,
          "source_station_id": "442026",
          "source_status": "complete",
          "source_url": "https://www.hydroinfo.hu/tables/dunhif.html",
          "stale": false,
          "station_id": "hu-442026",
          "station_name": "Vac",
          "station_name_local": "Vác",
          "unit": "m3/s",
          "value": 609.0,
          "variation_value": null,
          "variation_window_hours": null
        },
        "is_exact_station_location": false,
        "river_km": null,
        "river_name": "Danube",
        "source_id": "hydroinfo_hu",
        "source_label": "OVF Hydroinfo",
        "source_status": "complete",
        "source_url": "https://www.hydroinfo.hu/tables/dunhif.html",
        "station_id": "hu-442026",
        "station_name": "Vac",
        "station_name_local": "Vác",
        "station_slug": "hu-vac",
        "station_type": "gauge",
        "water_level": {
          "canonical_quality_flag": "observed",
          "captured_at_utc": "2026-08-05T09:56:03.606765+00:00",
          "captured_via_provider_id": "hydroinfo_hu",
          "country_code": "HU",
          "current_usable": true,
          "measurement_date": "2026-08-05",
          "measurement_datetime_local": null,
          "measurement_datetime_utc": null,
          "measurement_time_original": "2026-08-05",
          "measurement_timezone": null,
          "operator_provider_id": "hydroinfo_hu",
          "parameter": "water_level",
          "source_file_sha256": "cc1f3aac55d1e5afacbd44e39b749598c2354e09d963e2c6821904e1cdf7917a",
          "source_id": "hydroinfo_hu",
          "source_provider_id": "hydroinfo_hu",
          "source_quality_code": null,
          "source_station_id": "442026",
          "source_status": "complete",
          "source_url": "https://www.hydroinfo.hu/tables/dunhif.html",
          "stale": false,
          "station_id": "hu-442026",
          "station_name": "Vac",
          "station_name_local": "Vác",
          "unit": "cm",
          "value": -65.0,
          "variation_value": 4.0,
          "variation_window_hours": 24
        },
        "water_temperature": {
          "canonical_quality_flag": "observed",
          "captured_at_utc": "2026-08-05T09:56:03.606765+00:00",
          "captured_via_provider_id": "hydroinfo_hu",
          "country_code": "HU",
          "current_usable": true,
          "measurement_date": "2026-08-05",
          "measurement_datetime_local": null,
          "measurement_datetime_utc": null,
          "measurement_time_original": "2026-08-05",
          "measurement_timezone": null,
          "operator_provider_id": "hydroinfo_hu",
          "parameter": "water_temperature",
          "source_file_sha256": "cc1f3aac55d1e5afacbd44e39b749598c2354e09d963e2c6821904e1cdf7917a",
          "source_id": "hydroinfo_hu",
          "source_provider_id": "hydroinfo_hu",
          "source_quality_code": null,
          "source_station_id": "442026",
          "source_status": "complete",
          "source_url": "https://www.hydroinfo.hu/tables/dunhif.html",
          "stale": false,
          "station_id": "hu-442026",
          "station_name": "Vac",
          "station_name_local": "Vác",
          "unit": "degC",
          "value": 26.3,
          "variation_value": null,
          "variation_window_hours": null
        }
      },
      "type": "Feature"
    },
    {
      "geometry": {
        "coordinates": [
          19.1341568,
          47.6834336
        ],
        "type": "Point"
      },
      "properties": {
        "capture_datetime_utc": "2026-08-05T09:56:05.689538+00:00",
        "coordinate_confidence": "medium",
        "coordinate_method": "geocoded_locality",
        "coordinate_provider": "OpenStreetMap Nominatim",
        "coordinate_review_status": "accepted",
        "coordinate_source": "https://nominatim.openstreetmap.org/search?q=G%C3%B6d%2C+Hungary&countrycodes=hu&format=jsonv2&addressdetails=1&namedetails=1&limit=5&dedupe=1&accept-language=en",
        "country_code": "HU",
        "discharge": null,
        "is_exact_station_location": false,
        "river_km": null,
        "river_name": "Danube",
        "source_id": "hydroinfo_hu",
        "source_label": "OVF Hydroinfo",
        "source_status": "complete",
        "source_url": "https://www.hydroinfo.hu/tables/dunhif.html",
        "station_id": "hu-442643",
        "station_name": "God",
        "station_name_local": "Göd",
        "station_slug": "hu-god",
        "station_type": "gauge",
        "water_level": {
          "canonical_quality_flag": "observed",
          "captured_at_utc": "2026-08-05T09:56:03.606765+00:00",
          "captured_via_provider_id": "hydroinfo_hu",
          "country_code": "HU",
          "current_usable": true,
          "measurement_date": "2026-08-05",
          "measurement_datetime_local": null,
          "measurement_datetime_utc": null,
          "measurement_time_original": "2026-08-05",
          "measurement_timezone": null,
          "operator_provider_id": "hydroinfo_hu",
          "parameter": "water_level",
          "source_file_sha256": "cc1f3aac55d1e5afacbd44e39b749598c2354e09d963e2c6821904e1cdf7917a",
          "source_id": "hydroinfo_hu",
          "source_provider_id": "hydroinfo_hu",
          "source_quality_code": null,
          "source_station_id": "442643",
          "source_status": "complete",
          "source_url": "https://www.hydroinfo.hu/tables/dunhif.html",
          "stale": false,
          "station_id": "hu-442643",
          "station_name": "God",
          "station_name_local": "Göd",
          "unit": "cm",
          "value": -37.0,
          "variation_value": 2.0,
          "variation_window_hours": 24
        },
        "water_temperature": {
          "canonical_quality_flag": "observed",
          "captured_at_utc": "2026-08-05T09:56:03.606765+00:00",
          "captured_via_provider_id": "hydroinfo_hu",
          "country_code": "HU",
          "current_usable": true,
          "measurement_date": "2026-08-05",
          "measurement_datetime_local": null,
          "measurement_datetime_utc": null,
          "measurement_time_original": "2026-08-05",
          "measurement_timezone": null,
          "operator_provider_id": "hydroinfo_hu",
          "parameter": "water_temperature",
          "source_file_sha256": "cc1f3aac55d1e5afacbd44e39b749598c2354e09d963e2c6821904e1cdf7917a",
          "source_id": "hydroinfo_hu",
          "source_provider_id": "hydroinfo_hu",
          "source_quality_code": null,
          "source_station_id": "442643",
          "source_status": "complete",
          "source_url": "https://www.hydroinfo.hu/tables/dunhif.html",
          "stale": false,
          "station_id": "hu-442643",
          "station_name": "God",
          "station_name_local": "Göd",
          "unit": "degC",
          "value": 24.0,
          "variation_value": null,
          "variation_window_hours": null
        }
      },
      "type": "Feature"
    },
    {
      "geometry": {
        "coordinates": [
          19.0402383,
          47.4978789
        ],
        "type": "Point"
      },
      "properties": {
        "capture_datetime_utc": "2026-08-05T09:56:05.689538+00:00",
        "coordinate_confidence": "medium",
        "coordinate_method": "geocoded_locality",
        "coordinate_provider": "OpenStreetMap Nominatim",
        "coordinate_review_status": "accepted",
        "coordinate_source": "https://nominatim.openstreetmap.org/search?q=Budapest%2C+Hungary&countrycodes=hu&format=jsonv2&addressdetails=1&namedetails=1&limit=5&dedupe=1&accept-language=en",
        "country_code": "HU",
        "discharge": {
          "canonical_quality_flag": "observed",
          "captured_at_utc": "2026-08-05T09:56:03.606765+00:00",
          "captured_via_provider_id": "hydroinfo_hu",
          "country_code": "HU",
          "current_usable": true,
          "measurement_date": "2026-08-05",
          "measurement_datetime_local": null,
          "measurement_datetime_utc": null,
          "measurement_time_original": "2026-08-05",
          "measurement_timezone": null,
          "operator_provider_id": "hydroinfo_hu",
          "parameter": "discharge",
          "source_file_sha256": "cc1f3aac55d1e5afacbd44e39b749598c2354e09d963e2c6821904e1cdf7917a",
          "source_id": "hydroinfo_hu",
          "source_provider_id": "hydroinfo_hu",
          "source_quality_code": null,
          "source_station_id": "442027",
          "source_status": "complete",
          "source_url": "https://www.hydroinfo.hu/tables/dunhif.html",
          "stale": false,
          "station_id": "hu-442027",
          "station_name": "Budapest",
          "station_name_local": "Budapest",
          "unit": "m3/s",
          "value": 780.0,
          "variation_value": null,
          "variation_window_hours": null
        },
        "is_exact_station_location": false,
        "river_km": null,
        "river_name": "Danube",
        "source_id": "hydroinfo_hu",
        "source_label": "OVF Hydroinfo",
        "source_status": "complete",
        "source_url": "https://www.hydroinfo.hu/tables/dunhif.html",
        "station_id": "hu-442027",
        "station_name": "Budapest",
        "station_name_local": "Budapest",
        "station_slug": "hu-budapest",
        "station_type": "gauge",
        "water_level": {
          "canonical_quality_flag": "observed",
          "captured_at_utc": "2026-08-05T09:56:03.606765+00:00",
          "captured_via_provider_id": "hydroinfo_hu",
          "country_code": "HU",
          "current_usable": true,
          "measurement_date": "2026-08-05",
          "measurement_datetime_local": null,
          "measurement_datetime_utc": null,
          "measurement_time_original": "2026-08-05",
          "measurement_timezone": null,
          "operator_provider_id": "hydroinfo_hu",
          "parameter": "water_level",
          "source_file_sha256": "cc1f3aac55d1e5afacbd44e39b749598c2354e09d963e2c6821904e1cdf7917a",
          "source_id": "hydroinfo_hu",
          "source_provider_id": "hydroinfo_hu",
          "source_quality_code": null,
          "source_station_id": "442027",
          "source_status": "complete",
          "source_url": "https://www.hydroinfo.hu/tables/dunhif.html",
          "stale": false,
          "station_id": "hu-442027",
          "station_name": "Budapest",
          "station_name_local": "Budapest",
          "unit": "cm",
          "value": 20.0,
          "variation_value": 5.0,
          "variation_window_hours": 24
        },
        "water_temperature": {
          "canonical_quality_flag": "observed",
          "captured_at_utc": "2026-08-05T09:56:03.606765+00:00",
          "captured_via_provider_id": "hydroinfo_hu",
          "country_code": "HU",
          "current_usable": true,
          "measurement_date": "2026-08-05",
          "measurement_datetime_local": null,
          "measurement_datetime_utc": null,
          "measurement_time_original": "2026-08-05",
          "measurement_timezone": null,
          "operator_provider_id": "hydroinfo_hu",
          "parameter": "water_temperature",
          "source_file_sha256": "cc1f3aac55d1e5afacbd44e39b749598c2354e09d963e2c6821904e1cdf7917a",
          "source_id": "hydroinfo_hu",
          "source_provider_id": "hydroinfo_hu",
          "source_quality_code": null,
          "source_station_id": "442027",
          "source_status": "complete",
          "source_url": "https://www.hydroinfo.hu/tables/dunhif.html",
          "stale": false,
          "station_id": "hu-442027",
          "station_name": "Budapest",
          "station_name_local": "Budapest",
          "unit": "degC",
          "value": 27.0,
          "variation_value": null,
          "variation_window_hours": null
        }
      },
      "type": "Feature"
    },
    {
      "geometry": {
        "coordinates": [
          19.0260778,
          47.4275301
        ],
        "type": "Point"
      },
      "properties": {
        "capture_datetime_utc": "2026-08-05T09:56:05.689538+00:00",
        "coordinate_confidence": "medium",
        "coordinate_method": "geocoded_locality",
        "coordinate_provider": "OpenStreetMap Nominatim",
        "coordinate_review_status": "accepted",
        "coordinate_source": "https://nominatim.openstreetmap.org/search?q=Budafok%2C+Hungary&countrycodes=hu&format=jsonv2&addressdetails=1&namedetails=1&limit=5&dedupe=1&accept-language=en",
        "country_code": "HU",
        "discharge": null,
        "is_exact_station_location": false,
        "river_km": null,
        "river_name": "Danube",
        "source_id": "hydroinfo_hu",
        "source_label": "OVF Hydroinfo",
        "source_status": "complete",
        "source_url": "https://www.hydroinfo.hu/tables/dunhif.html",
        "station_id": "hu-442533",
        "station_name": "Budafok",
        "station_name_local": "Budafok",
        "station_slug": "hu-budafok",
        "station_type": "gauge",
        "water_level": {
          "canonical_quality_flag": "observed",
          "captured_at_utc": "2026-08-05T09:56:03.606765+00:00",
          "captured_via_provider_id": "hydroinfo_hu",
          "country_code": "HU",
          "current_usable": true,
          "measurement_date": "2026-08-05",
          "measurement_datetime_local": null,
          "measurement_datetime_utc": null,
          "measurement_time_original": "2026-08-05",
          "measurement_timezone": null,
          "operator_provider_id": "hydroinfo_hu",
          "parameter": "water_level",
          "source_file_sha256": "cc1f3aac55d1e5afacbd44e39b749598c2354e09d963e2c6821904e1cdf7917a",
          "source_id": "hydroinfo_hu",
          "source_provider_id": "hydroinfo_hu",
          "source_quality_code": null,
          "source_station_id": "442533",
          "source_status": "complete",
          "source_url": "https://www.hydroinfo.hu/tables/dunhif.html",
          "stale": false,
          "station_id": "hu-442533",
          "station_name": "Budafok",
          "station_name_local": "Budafok",
          "unit": "cm",
          "value": -53.0,
          "variation_value": 4.0,
          "variation_window_hours": 24
        },
        "water_temperature": {
          "canonical_quality_flag": "observed",
          "captured_at_utc": "2026-08-05T09:56:03.606765+00:00",
          "captured_via_provider_id": "hydroinfo_hu",
          "country_code": "HU",
          "current_usable": true,
          "measurement_date": "2026-08-05",
          "measurement_datetime_local": null,
          "measurement_datetime_utc": null,
          "measurement_time_original": "2026-08-05",
          "measurement_timezone": null,
          "operator_provider_id": "hydroinfo_hu",
          "parameter": "water_temperature",
          "source_file_sha256": "cc1f3aac55d1e5afacbd44e39b749598c2354e09d963e2c6821904e1cdf7917a",
          "source_id": "hydroinfo_hu",
          "source_provider_id": "hydroinfo_hu",
          "source_quality_code": null,
          "source_station_id": "442533",
          "source_status": "complete",
          "source_url": "https://www.hydroinfo.hu/tables/dunhif.html",
          "stale": false,
          "station_id": "hu-442533",
          "station_name": "Budafok",
          "station_name_local": "Budafok",
          "unit": "degC",
          "value": 26.6,
          "variation_value": null,
          "variation_window_hours": null
        }
      },
      "type": "Feature"
    },
    {
      "geometry": {
        "coordinates": [
          18.8983773,
          47.2519697
        ],
        "type": "Point"
      },
      "properties": {
        "capture_datetime_utc": "2026-08-05T09:56:05.689538+00:00",
        "coordinate_confidence": "medium",
        "coordinate_method": "geocoded_locality",
        "coordinate_provider": "OpenStreetMap Nominatim",
        "coordinate_review_status": "accepted",
        "coordinate_source": "https://nominatim.openstreetmap.org/search?q=Ercsi%2C+Hungary&countrycodes=hu&format=jsonv2&addressdetails=1&namedetails=1&limit=5&dedupe=1&accept-language=en",
        "country_code": "HU",
        "discharge": null,
        "is_exact_station_location": false,
        "river_km": null,
        "river_name": "Danube",
        "source_id": "hydroinfo_hu",
        "source_label": "OVF Hydroinfo",
        "source_status": "complete",
        "source_url": "https://www.hydroinfo.hu/tables/dunhif.html",
        "station_id": "hu-442534",
        "station_name": "Ercsi",
        "station_name_local": "Ercsi",
        "station_slug": "hu-ercsi",
        "station_type": "gauge",
        "water_level": {
          "canonical_quality_flag": "observed",
          "captured_at_utc": "2026-08-05T09:56:03.606765+00:00",
          "captured_via_provider_id": "hydroinfo_hu",
          "country_code": "HU",
          "current_usable": true,
          "measurement_date": "2026-08-05",
          "measurement_datetime_local": null,
          "measurement_datetime_utc": null,
          "measurement_time_original": "2026-08-05",
          "measurement_timezone": null,
          "operator_provider_id": "hydroinfo_hu",
          "parameter": "water_level",
          "source_file_sha256": "cc1f3aac55d1e5afacbd44e39b749598c2354e09d963e2c6821904e1cdf7917a",
          "source_id": "hydroinfo_hu",
          "source_provider_id": "hydroinfo_hu",
          "source_quality_code": null,
          "source_station_id": "442534",
          "source_status": "complete",
          "source_url": "https://www.hydroinfo.hu/tables/dunhif.html",
          "stale": false,
          "station_id": "hu-442534",
          "station_name": "Ercsi",
          "station_name_local": "Ercsi",
          "unit": "cm",
          "value": -95.0,
          "variation_value": 0.0,
          "variation_window_hours": 24
        },
        "water_temperature": null
      },
      "type": "Feature"
    },
    {
      "geometry": {
        "coordinates": [
          18.8631074,
          47.1208993
        ],
        "type": "Point"
      },
      "properties": {
        "capture_datetime_utc": "2026-08-05T09:56:05.689538+00:00",
        "coordinate_confidence": "medium",
        "coordinate_method": "geocoded_locality",
        "coordinate_provider": "OpenStreetMap Nominatim",
        "coordinate_review_status": "accepted",
        "coordinate_source": "https://nominatim.openstreetmap.org/search?q=Adony%2C+Hungary&countrycodes=hu&format=jsonv2&addressdetails=1&namedetails=1&limit=5&dedupe=1&accept-language=en",
        "country_code": "HU",
        "discharge": null,
        "is_exact_station_location": false,
        "river_km": null,
        "river_name": "Danube",
        "source_id": "hydroinfo_hu",
        "source_label": "OVF Hydroinfo",
        "source_status": "complete",
        "source_url": "https://www.hydroinfo.hu/tables/dunhif.html",
        "station_id": "hu-442535",
        "station_name": "Adony",
        "station_name_local": "Adony",
        "station_slug": "hu-adony",
        "station_type": "gauge",
        "water_level": {
          "canonical_quality_flag": "observed",
          "captured_at_utc": "2026-08-05T09:56:03.606765+00:00",
          "captured_via_provider_id": "hydroinfo_hu",
          "country_code": "HU",
          "current_usable": true,
          "measurement_date": "2026-08-05",
          "measurement_datetime_local": null,
          "measurement_datetime_utc": null,
          "measurement_time_original": "2026-08-05",
          "measurement_timezone": null,
          "operator_provider_id": "hydroinfo_hu",
          "parameter": "water_level",
          "source_file_sha256": "cc1f3aac55d1e5afacbd44e39b749598c2354e09d963e2c6821904e1cdf7917a",
          "source_id": "hydroinfo_hu",
          "source_provider_id": "hydroinfo_hu",
          "source_quality_code": null,
          "source_station_id": "442535",
          "source_status": "complete",
          "source_url": "https://www.hydroinfo.hu/tables/dunhif.html",
          "stale": false,
          "station_id": "hu-442535",
          "station_name": "Adony",
          "station_name_local": "Adony",
          "unit": "cm",
          "value": -82.0,
          "variation_value": 4.0,
          "variation_window_hours": 24
        },
        "water_temperature": {
          "canonical_quality_flag": "observed",
          "captured_at_utc": "2026-08-05T09:56:03.606765+00:00",
          "captured_via_provider_id": "hydroinfo_hu",
          "country_code": "HU",
          "current_usable": true,
          "measurement_date": "2026-08-05",
          "measurement_datetime_local": null,
          "measurement_datetime_utc": null,
          "measurement_time_original": "2026-08-05",
          "measurement_timezone": null,
          "operator_provider_id": "hydroinfo_hu",
          "parameter": "water_temperature",
          "source_file_sha256": "cc1f3aac55d1e5afacbd44e39b749598c2354e09d963e2c6821904e1cdf7917a",
          "source_id": "hydroinfo_hu",
          "source_provider_id": "hydroinfo_hu",
          "source_quality_code": null,
          "source_station_id": "442535",
          "source_status": "complete",
          "source_url": "https://www.hydroinfo.hu/tables/dunhif.html",
          "stale": false,
          "station_id": "hu-442535",
          "station_name": "Adony",
          "station_name_local": "Adony",
          "unit": "degC",
          "value": 25.1,
          "variation_value": null,
          "variation_window_hours": null
        }
      },
      "type": "Feature"
    },
    {
      "geometry": {
        "coordinates": [
          19.0321758,
          47.0200511
        ],
        "type": "Point"
      },
      "properties": {
        "capture_datetime_utc": "2026-08-05T09:56:05.689538+00:00",
        "coordinate_confidence": "medium",
        "coordinate_method": "geocoded_locality",
        "coordinate_provider": "OpenStreetMap Nominatim",
        "coordinate_review_status": "accepted",
        "coordinate_source": "https://nominatim.openstreetmap.org/search?q=Tass%2C+Hungary&countrycodes=hu&format=jsonv2&addressdetails=1&namedetails=1&limit=5&dedupe=1&accept-language=en",
        "country_code": "HU",
        "discharge": null,
        "is_exact_station_location": false,
        "river_km": null,
        "river_name": "Danube",
        "source_id": "hydroinfo_hu",
        "source_label": "OVF Hydroinfo",
        "source_status": "complete",
        "source_url": "https://www.hydroinfo.hu/tables/dunhif.html",
        "station_id": "hu-442536",
        "station_name": "Tass",
        "station_name_local": "Tass",
        "station_slug": "hu-tass",
        "station_type": "gauge",
        "water_level": {
          "canonical_quality_flag": "observed",
          "captured_at_utc": "2026-08-05T09:56:03.606765+00:00",
          "captured_via_provider_id": "hydroinfo_hu",
          "country_code": "HU",
          "current_usable": true,
          "measurement_date": "2026-08-05",
          "measurement_datetime_local": null,
          "measurement_datetime_utc": null,
          "measurement_time_original": "2026-08-05",
          "measurement_timezone": null,
          "operator_provider_id": "hydroinfo_hu",
          "parameter": "water_level",
          "source_file_sha256": "cc1f3aac55d1e5afacbd44e39b749598c2354e09d963e2c6821904e1cdf7917a",
          "source_id": "hydroinfo_hu",
          "source_provider_id": "hydroinfo_hu",
          "source_quality_code": null,
          "source_station_id": "442536",
          "source_status": "complete",
          "source_url": "https://www.hydroinfo.hu/tables/dunhif.html",
          "stale": false,
          "station_id": "hu-442536",
          "station_name": "Tass",
          "station_name_local": "Tass",
          "unit": "cm",
          "value": 69.0,
          "variation_value": -13.0,
          "variation_window_hours": 24
        },
        "water_temperature": null
      },
      "type": "Feature"
    },
    {
      "geometry": {
        "coordinates": [
          18.9405047,
          46.9649048
        ],
        "type": "Point"
      },
      "properties": {
        "capture_datetime_utc": "2026-08-05T09:56:05.689538+00:00",
        "coordinate_confidence": "medium",
        "coordinate_method": "geocoded_locality",
        "coordinate_provider": "OpenStreetMap Nominatim",
        "coordinate_review_status": "accepted",
        "coordinate_source": "https://nominatim.openstreetmap.org/search?q=Duna%C3%BAjv%C3%A1ros%2C+Hungary&countrycodes=hu&format=jsonv2&addressdetails=1&namedetails=1&limit=5&dedupe=1&accept-language=en",
        "country_code": "HU",
        "discharge": {
          "canonical_quality_flag": "observed",
          "captured_at_utc": "2026-08-05T09:56:03.606765+00:00",
          "captured_via_provider_id": "hydroinfo_hu",
          "country_code": "HU",
          "current_usable": true,
          "measurement_date": "2026-08-05",
          "measurement_datetime_local": null,
          "measurement_datetime_utc": null,
          "measurement_time_original": "2026-08-05",
          "measurement_timezone": null,
          "operator_provider_id": "hydroinfo_hu",
          "parameter": "discharge",
          "source_file_sha256": "cc1f3aac55d1e5afacbd44e39b749598c2354e09d963e2c6821904e1cdf7917a",
          "source_id": "hydroinfo_hu",
          "source_provider_id": "hydroinfo_hu",
          "source_quality_code": null,
          "source_station_id": "442028",
          "source_status": "complete",
          "source_url": "https://www.hydroinfo.hu/tables/dunhif.html",
          "stale": false,
          "station_id": "hu-442028",
          "station_name": "Dunaujvaros",
          "station_name_local": "Dunaújváros",
          "unit": "m3/s",
          "value": 732.0,
          "variation_value": null,
          "variation_window_hours": null
        },
        "is_exact_station_location": false,
        "river_km": null,
        "river_name": "Danube",
        "source_id": "hydroinfo_hu",
        "source_label": "OVF Hydroinfo",
        "source_status": "complete",
        "source_url": "https://www.hydroinfo.hu/tables/dunhif.html",
        "station_id": "hu-442028",
        "station_name": "Dunaujvaros",
        "station_name_local": "Dunaújváros",
        "station_slug": "hu-dunaujvaros",
        "station_type": "gauge",
        "water_level": {
          "canonical_quality_flag": "observed",
          "captured_at_utc": "2026-08-05T09:56:03.606765+00:00",
          "captured_via_provider_id": "hydroinfo_hu",
          "country_code": "HU",
          "current_usable": true,
          "measurement_date": "2026-08-05",
          "measurement_datetime_local": null,
          "measurement_datetime_utc": null,
          "measurement_time_original": "2026-08-05",
          "measurement_timezone": null,
          "operator_provider_id": "hydroinfo_hu",
          "parameter": "water_level",
          "source_file_sha256": "cc1f3aac55d1e5afacbd44e39b749598c2354e09d963e2c6821904e1cdf7917a",
          "source_id": "hydroinfo_hu",
          "source_provider_id": "hydroinfo_hu",
          "source_quality_code": null,
          "source_station_id": "442028",
          "source_status": "complete",
          "source_url": "https://www.hydroinfo.hu/tables/dunhif.html",
          "stale": false,
          "station_id": "hu-442028",
          "station_name": "Dunaujvaros",
          "station_name_local": "Dunaújváros",
          "unit": "cm",
          "value": -102.0,
          "variation_value": 0.0,
          "variation_window_hours": 24
        },
        "water_temperature": {
          "canonical_quality_flag": "observed",
          "captured_at_utc": "2026-08-05T09:56:03.606765+00:00",
          "captured_via_provider_id": "hydroinfo_hu",
          "country_code": "HU",
          "current_usable": true,
          "measurement_date": "2026-08-05",
          "measurement_datetime_local": null,
          "measurement_datetime_utc": null,
          "measurement_time_original": "2026-08-05",
          "measurement_timezone": null,
          "operator_provider_id": "hydroinfo_hu",
          "parameter": "water_temperature",
          "source_file_sha256": "cc1f3aac55d1e5afacbd44e39b749598c2354e09d963e2c6821904e1cdf7917a",
          "source_id": "hydroinfo_hu",
          "source_provider_id": "hydroinfo_hu",
          "source_quality_code": null,
          "source_station_id": "442028",
          "source_status": "complete",
          "source_url": "https://www.hydroinfo.hu/tables/dunhif.html",
          "stale": false,
          "station_id": "hu-442028",
          "station_name": "Dunaujvaros",
          "station_name_local": "Dunaújváros",
          "unit": "degC",
          "value": 27.8,
          "variation_value": null,
          "variation_window_hours": null
        }
      },
      "type": "Feature"
    },
    {
      "geometry": {
        "coordinates": [
          18.9222921,
          46.810432
        ],
        "type": "Point"
      },
      "properties": {
        "capture_datetime_utc": "2026-08-05T09:56:05.689538+00:00",
        "coordinate_confidence": "medium",
        "coordinate_method": "geocoded_locality",
        "coordinate_provider": "OpenStreetMap Nominatim",
        "coordinate_review_status": "accepted",
        "coordinate_source": "https://nominatim.openstreetmap.org/search?q=Dunaf%C3%B6ldv%C3%A1r%2C+Hungary&countrycodes=hu&format=jsonv2&addressdetails=1&namedetails=1&limit=5&dedupe=1&accept-language=en",
        "country_code": "HU",
        "discharge": null,
        "is_exact_station_location": false,
        "river_km": null,
        "river_name": "Danube",
        "source_id": "hydroinfo_hu",
        "source_label": "OVF Hydroinfo",
        "source_status": "complete",
        "source_url": "https://www.hydroinfo.hu/tables/dunhif.html",
        "station_id": "hu-442029",
        "station_name": "Dunafoldvar",
        "station_name_local": "Dunaföldvár",
        "station_slug": "hu-dunafoldvar",
        "station_type": "gauge",
        "water_level": {
          "canonical_quality_flag": "observed",
          "captured_at_utc": "2026-08-05T09:56:03.606765+00:00",
          "captured_via_provider_id": "hydroinfo_hu",
          "country_code": "HU",
          "current_usable": true,
          "measurement_date": "2026-08-05",
          "measurement_datetime_local": null,
          "measurement_datetime_utc": null,
          "measurement_time_original": "2026-08-05",
          "measurement_timezone": null,
          "operator_provider_id": "hydroinfo_hu",
          "parameter": "water_level",
          "source_file_sha256": "cc1f3aac55d1e5afacbd44e39b749598c2354e09d963e2c6821904e1cdf7917a",
          "source_id": "hydroinfo_hu",
          "source_provider_id": "hydroinfo_hu",
          "source_quality_code": null,
          "source_station_id": "442029",
          "source_status": "complete",
          "source_url": "https://www.hydroinfo.hu/tables/dunhif.html",
          "stale": false,
          "station_id": "hu-442029",
          "station_name": "Dunafoldvar",
          "station_name_local": "Dunaföldvár",
          "unit": "cm",
          "value": -228.0,
          "variation_value": 0.0,
          "variation_window_hours": 24
        },
        "water_temperature": {
          "canonical_quality_flag": "observed",
          "captured_at_utc": "2026-08-05T09:56:03.606765+00:00",
          "captured_via_provider_id": "hydroinfo_hu",
          "country_code": "HU",
          "current_usable": true,
          "measurement_date": "2026-08-05",
          "measurement_datetime_local": null,
          "measurement_datetime_utc": null,
          "measurement_time_original": "2026-08-05",
          "measurement_timezone": null,
          "operator_provider_id": "hydroinfo_hu",
          "parameter": "water_temperature",
          "source_file_sha256": "cc1f3aac55d1e5afacbd44e39b749598c2354e09d963e2c6821904e1cdf7917a",
          "source_id": "hydroinfo_hu",
          "source_provider_id": "hydroinfo_hu",
          "source_quality_code": null,
          "source_station_id": "442029",
          "source_status": "complete",
          "source_url": "https://www.hydroinfo.hu/tables/dunhif.html",
          "stale": false,
          "station_id": "hu-442029",
          "station_name": "Dunafoldvar",
          "station_name_local": "Dunaföldvár",
          "unit": "degC",
          "value": 24.6,
          "variation_value": null,
          "variation_window_hours": null
        }
      },
      "type": "Feature"
    },
    {
      "geometry": {
        "coordinates": [
          18.8589364,
          46.6229468
        ],
        "type": "Point"
      },
      "properties": {
        "capture_datetime_utc": "2026-08-05T09:56:05.689538+00:00",
        "coordinate_confidence": "medium",
        "coordinate_method": "geocoded_locality",
        "coordinate_provider": "OpenStreetMap Nominatim",
        "coordinate_review_status": "accepted",
        "coordinate_source": "https://nominatim.openstreetmap.org/search?q=Paks%2C+Hungary&countrycodes=hu&format=jsonv2&addressdetails=1&namedetails=1&limit=5&dedupe=1&accept-language=en",
        "country_code": "HU",
        "discharge": {
          "canonical_quality_flag": "observed",
          "captured_at_utc": "2026-08-05T09:56:03.606765+00:00",
          "captured_via_provider_id": "hydroinfo_hu",
          "country_code": "HU",
          "current_usable": true,
          "measurement_date": "2026-08-05",
          "measurement_datetime_local": null,
          "measurement_datetime_utc": null,
          "measurement_time_original": "2026-08-05",
          "measurement_timezone": null,
          "operator_provider_id": "hydroinfo_hu",
          "parameter": "discharge",
          "source_file_sha256": "cc1f3aac55d1e5afacbd44e39b749598c2354e09d963e2c6821904e1cdf7917a",
          "source_id": "hydroinfo_hu",
          "source_provider_id": "hydroinfo_hu",
          "source_quality_code": null,
          "source_station_id": "442030",
          "source_status": "complete",
          "source_url": "https://www.hydroinfo.hu/tables/dunhif.html",
          "stale": false,
          "station_id": "hu-442030",
          "station_name": "Paks",
          "station_name_local": "Paks",
          "unit": "m3/s",
          "value": 735.0,
          "variation_value": null,
          "variation_window_hours": null
        },
        "is_exact_station_location": false,
        "river_km": null,
        "river_name": "Danube",
        "source_id": "hydroinfo_hu",
        "source_label": "OVF Hydroinfo",
        "source_status": "complete",
        "source_url": "https://www.hydroinfo.hu/tables/dunhif.html",
        "station_id": "hu-442030",
        "station_name": "Paks",
        "station_name_local": "Paks",
        "station_slug": "hu-paks",
        "station_type": "gauge",
        "water_level": {
          "canonical_quality_flag": "observed",
          "captured_at_utc": "2026-08-05T09:56:03.606765+00:00",
          "captured_via_provider_id": "hydroinfo_hu",
          "country_code": "HU",
          "current_usable": true,
          "measurement_date": "2026-08-05",
          "measurement_datetime_local": null,
          "measurement_datetime_utc": null,
          "measurement_time_original": "2026-08-05",
          "measurement_timezone": null,
          "operator_provider_id": "hydroinfo_hu",
          "parameter": "water_level",
          "source_file_sha256": "cc1f3aac55d1e5afacbd44e39b749598c2354e09d963e2c6821904e1cdf7917a",
          "source_id": "hydroinfo_hu",
          "source_provider_id": "hydroinfo_hu",
          "source_quality_code": null,
          "source_station_id": "442030",
          "source_status": "complete",
          "source_url": "https://www.hydroinfo.hu/tables/dunhif.html",
          "stale": false,
          "station_id": "hu-442030",
          "station_name": "Paks",
          "station_name_local": "Paks",
          "unit": "cm",
          "value": -134.0,
          "variation_value": 4.0,
          "variation_window_hours": 24
        },
        "water_temperature": {
          "canonical_quality_flag": "observed",
          "captured_at_utc": "2026-08-05T09:56:03.606765+00:00",
          "captured_via_provider_id": "hydroinfo_hu",
          "country_code": "HU",
          "current_usable": true,
          "measurement_date": "2026-08-05",
          "measurement_datetime_local": null,
          "measurement_datetime_utc": null,
          "measurement_time_original": "2026-08-05",
          "measurement_timezone": null,
          "operator_provider_id": "hydroinfo_hu",
          "parameter": "water_temperature",
          "source_file_sha256": "cc1f3aac55d1e5afacbd44e39b749598c2354e09d963e2c6821904e1cdf7917a",
          "source_id": "hydroinfo_hu",
          "source_provider_id": "hydroinfo_hu",
          "source_quality_code": null,
          "source_station_id": "442030",
          "source_status": "complete",
          "source_url": "https://www.hydroinfo.hu/tables/dunhif.html",
          "stale": false,
          "station_id": "hu-442030",
          "station_name": "Paks",
          "station_name_local": "Paks",
          "unit": "degC",
          "value": 28.0,
          "variation_value": null,
          "variation_window_hours": null
        }
      },
      "type": "Feature"
    },
    {
      "geometry": {
        "coordinates": [
          18.8712337,
          46.4366964
        ],
        "type": "Point"
      },
      "properties": {
        "capture_datetime_utc": "2026-08-05T09:56:05.689538+00:00",
        "coordinate_confidence": "medium",
        "coordinate_method": "geocoded_locality",
        "coordinate_provider": "OpenStreetMap Nominatim",
        "coordinate_review_status": "accepted",
        "coordinate_source": "https://nominatim.openstreetmap.org/search?q=Dombori%2C+Hungary&countrycodes=hu&format=jsonv2&addressdetails=1&namedetails=1&limit=5&dedupe=1&accept-language=en",
        "country_code": "HU",
        "discharge": {
          "canonical_quality_flag": "observed",
          "captured_at_utc": "2026-08-05T09:56:03.606765+00:00",
          "captured_via_provider_id": "hydroinfo_hu",
          "country_code": "HU",
          "current_usable": true,
          "measurement_date": "2026-08-05",
          "measurement_datetime_local": null,
          "measurement_datetime_utc": null,
          "measurement_time_original": "2026-08-05",
          "measurement_timezone": null,
          "operator_provider_id": "hydroinfo_hu",
          "parameter": "discharge",
          "source_file_sha256": "cc1f3aac55d1e5afacbd44e39b749598c2354e09d963e2c6821904e1cdf7917a",
          "source_id": "hydroinfo_hu",
          "source_provider_id": "hydroinfo_hu",
          "source_quality_code": null,
          "source_station_id": "442540",
          "source_status": "complete",
          "source_url": "https://www.hydroinfo.hu/tables/dunhif.html",
          "stale": false,
          "station_id": "hu-442540",
          "station_name": "Dombori",
          "station_name_local": "Dombori",
          "unit": "m3/s",
          "value": 750.0,
          "variation_value": null,
          "variation_window_hours": null
        },
        "is_exact_station_location": false,
        "river_km": null,
        "river_name": "Danube",
        "source_id": "hydroinfo_hu",
        "source_label": "OVF Hydroinfo",
        "source_status": "complete",
        "source_url": "https://www.hydroinfo.hu/tables/dunhif.html",
        "station_id": "hu-442540",
        "station_name": "Dombori",
        "station_name_local": "Dombori",
        "station_slug": "hu-dombori",
        "station_type": "gauge",
        "water_level": null,
        "water_temperature": {
          "canonical_quality_flag": "observed",
          "captured_at_utc": "2026-08-05T09:56:03.606765+00:00",
          "captured_via_provider_id": "hydroinfo_hu",
          "country_code": "HU",
          "current_usable": true,
          "measurement_date": "2026-08-05",
          "measurement_datetime_local": null,
          "measurement_datetime_utc": null,
          "measurement_time_original": "2026-08-05",
          "measurement_timezone": null,
          "operator_provider_id": "hydroinfo_hu",
          "parameter": "water_temperature",
          "source_file_sha256": "cc1f3aac55d1e5afacbd44e39b749598c2354e09d963e2c6821904e1cdf7917a",
          "source_id": "hydroinfo_hu",
          "source_provider_id": "hydroinfo_hu",
          "source_quality_code": null,
          "source_station_id": "442540",
          "source_status": "complete",
          "source_url": "https://www.hydroinfo.hu/tables/dunhif.html",
          "stale": false,
          "station_id": "hu-442540",
          "station_name": "Dombori",
          "station_name_local": "Dombori",
          "unit": "degC",
          "value": 28.2,
          "variation_value": null,
          "variation_window_hours": null
        }
      },
      "type": "Feature"
    },
    {
      "geometry": {
        "coordinates": [
          18.9517255,
          46.1785471
        ],
        "type": "Point"
      },
      "properties": {
        "capture_datetime_utc": "2026-08-05T09:56:05.689538+00:00",
        "coordinate_confidence": "medium",
        "coordinate_method": "geocoded_locality",
        "coordinate_provider": "OpenStreetMap Nominatim",
        "coordinate_review_status": "accepted",
        "coordinate_source": "https://nominatim.openstreetmap.org/search?q=Baja%2C+Hungary&countrycodes=hu&format=jsonv2&addressdetails=1&namedetails=1&limit=5&dedupe=1&accept-language=en",
        "country_code": "HU",
        "discharge": null,
        "is_exact_station_location": false,
        "river_km": null,
        "river_name": "Danube",
        "source_id": "hydroinfo_hu",
        "source_label": "OVF Hydroinfo",
        "source_status": "complete",
        "source_url": "https://www.hydroinfo.hu/tables/dunhif.html",
        "station_id": "hu-442031",
        "station_name": "Baja",
        "station_name_local": "Baja",
        "station_slug": "hu-baja",
        "station_type": "gauge",
        "water_level": {
          "canonical_quality_flag": "observed",
          "captured_at_utc": "2026-08-05T09:56:03.606765+00:00",
          "captured_via_provider_id": "hydroinfo_hu",
          "country_code": "HU",
          "current_usable": true,
          "measurement_date": "2026-08-05",
          "measurement_datetime_local": null,
          "measurement_datetime_utc": null,
          "measurement_time_original": "2026-08-05",
          "measurement_timezone": null,
          "operator_provider_id": "hydroinfo_hu",
          "parameter": "water_level",
          "source_file_sha256": "cc1f3aac55d1e5afacbd44e39b749598c2354e09d963e2c6821904e1cdf7917a",
          "source_id": "hydroinfo_hu",
          "source_provider_id": "hydroinfo_hu",
          "source_quality_code": null,
          "source_station_id": "442031",
          "source_status": "complete",
          "source_url": "https://www.hydroinfo.hu/tables/dunhif.html",
          "stale": false,
          "station_id": "hu-442031",
          "station_name": "Baja",
          "station_name_local": "Baja",
          "unit": "cm",
          "value": -26.0,
          "variation_value": 2.0,
          "variation_window_hours": 24
        },
        "water_temperature": {
          "canonical_quality_flag": "observed",
          "captured_at_utc": "2026-08-05T09:56:03.606765+00:00",
          "captured_via_provider_id": "hydroinfo_hu",
          "country_code": "HU",
          "current_usable": true,
          "measurement_date": "2026-08-05",
          "measurement_datetime_local": null,
          "measurement_datetime_utc": null,
          "measurement_time_original": "2026-08-05",
          "measurement_timezone": null,
          "operator_provider_id": "hydroinfo_hu",
          "parameter": "water_temperature",
          "source_file_sha256": "cc1f3aac55d1e5afacbd44e39b749598c2354e09d963e2c6821904e1cdf7917a",
          "source_id": "hydroinfo_hu",
          "source_provider_id": "hydroinfo_hu",
          "source_quality_code": null,
          "source_station_id": "442031",
          "source_status": "complete",
          "source_url": "https://www.hydroinfo.hu/tables/dunhif.html",
          "stale": false,
          "station_id": "hu-442031",
          "station_name": "Baja",
          "station_name_local": "Baja",
          "unit": "degC",
          "value": 27.7,
          "variation_value": null,
          "variation_window_hours": null
        }
      },
      "type": "Feature"
    },
    {
      "geometry": {
        "coordinates": [
          18.7597386,
          46.0849215
        ],
        "type": "Point"
      },
      "properties": {
        "capture_datetime_utc": "2026-08-05T09:56:05.689538+00:00",
        "coordinate_confidence": "medium",
        "coordinate_method": "geocoded_locality",
        "coordinate_provider": "OpenStreetMap Nominatim",
        "coordinate_review_status": "accepted",
        "coordinate_source": "https://nominatim.openstreetmap.org/search?q=Dunaszekcs%C5%91%2C+Hungary&countrycodes=hu&format=jsonv2&addressdetails=1&namedetails=1&limit=5&dedupe=1&accept-language=en",
        "country_code": "HU",
        "discharge": {
          "canonical_quality_flag": "observed",
          "captured_at_utc": "2026-08-05T09:56:03.606765+00:00",
          "captured_via_provider_id": "hydroinfo_hu",
          "country_code": "HU",
          "current_usable": true,
          "measurement_date": "2026-08-05",
          "measurement_datetime_local": null,
          "measurement_datetime_utc": null,
          "measurement_time_original": "2026-08-05",
          "measurement_timezone": null,
          "operator_provider_id": "hydroinfo_hu",
          "parameter": "discharge",
          "source_file_sha256": "cc1f3aac55d1e5afacbd44e39b749598c2354e09d963e2c6821904e1cdf7917a",
          "source_id": "hydroinfo_hu",
          "source_provider_id": "hydroinfo_hu",
          "source_quality_code": null,
          "source_station_id": "442560",
          "source_status": "complete",
          "source_url": "https://www.hydroinfo.hu/tables/dunhif.html",
          "stale": false,
          "station_id": "hu-442560",
          "station_name": "Dunaszekcso",
          "station_name_local": "Dunaszekcső",
          "unit": "m3/s",
          "value": 687.0,
          "variation_value": null,
          "variation_window_hours": null
        },
        "is_exact_station_location": false,
        "river_km": null,
        "river_name": "Danube",
        "source_id": "hydroinfo_hu",
        "source_label": "OVF Hydroinfo",
        "source_status": "complete",
        "source_url": "https://www.hydroinfo.hu/tables/dunhif.html",
        "station_id": "hu-442560",
        "station_name": "Dunaszekcso",
        "station_name_local": "Dunaszekcső",
        "station_slug": "hu-dunaszekcso",
        "station_type": "gauge",
        "water_level": {
          "canonical_quality_flag": "observed",
          "captured_at_utc": "2026-08-05T09:56:03.606765+00:00",
          "captured_via_provider_id": "hydroinfo_hu",
          "country_code": "HU",
          "current_usable": true,
          "measurement_date": "2026-08-05",
          "measurement_datetime_local": null,
          "measurement_datetime_utc": null,
          "measurement_time_original": "2026-08-05",
          "measurement_timezone": null,
          "operator_provider_id": "hydroinfo_hu",
          "parameter": "water_level",
          "source_file_sha256": "cc1f3aac55d1e5afacbd44e39b749598c2354e09d963e2c6821904e1cdf7917a",
          "source_id": "hydroinfo_hu",
          "source_provider_id": "hydroinfo_hu",
          "source_quality_code": null,
          "source_station_id": "442560",
          "source_status": "complete",
          "source_url": "https://www.hydroinfo.hu/tables/dunhif.html",
          "stale": false,
          "station_id": "hu-442560",
          "station_name": "Dunaszekcso",
          "station_name_local": "Dunaszekcső",
          "unit": "cm",
          "value": -9.0,
          "variation_value": 1.0,
          "variation_window_hours": 24
        },
        "water_temperature": {
          "canonical_quality_flag": "observed",
          "captured_at_utc": "2026-08-05T09:56:03.606765+00:00",
          "captured_via_provider_id": "hydroinfo_hu",
          "country_code": "HU",
          "current_usable": true,
          "measurement_date": "2026-08-05",
          "measurement_datetime_local": null,
          "measurement_datetime_utc": null,
          "measurement_time_original": "2026-08-05",
          "measurement_timezone": null,
          "operator_provider_id": "hydroinfo_hu",
          "parameter": "water_temperature",
          "source_file_sha256": "cc1f3aac55d1e5afacbd44e39b749598c2354e09d963e2c6821904e1cdf7917a",
          "source_id": "hydroinfo_hu",
          "source_provider_id": "hydroinfo_hu",
          "source_quality_code": null,
          "source_station_id": "442560",
          "source_status": "complete",
          "source_url": "https://www.hydroinfo.hu/tables/dunhif.html",
          "stale": false,
          "station_id": "hu-442560",
          "station_name": "Dunaszekcso",
          "station_name_local": "Dunaszekcső",
          "unit": "degC",
          "value": 27.3,
          "variation_value": null,
          "variation_window_hours": null
        }
      },
      "type": "Feature"
    },
    {
      "geometry": {
        "coordinates": [
          18.6821079,
          45.9933836
        ],
        "type": "Point"
      },
      "properties": {
        "capture_datetime_utc": "2026-08-05T09:56:05.689538+00:00",
        "coordinate_confidence": "medium",
        "coordinate_method": "geocoded_locality",
        "coordinate_provider": "OpenStreetMap Nominatim",
        "coordinate_review_status": "accepted",
        "coordinate_source": "https://nominatim.openstreetmap.org/search?q=Moh%C3%A1cs%2C+Hungary&countrycodes=hu&format=jsonv2&addressdetails=1&namedetails=1&limit=5&dedupe=1&accept-language=en",
        "country_code": "HU",
        "discharge": {
          "canonical_quality_flag": "observed",
          "captured_at_utc": "2026-08-05T09:56:03.606765+00:00",
          "captured_via_provider_id": "hydroinfo_hu",
          "country_code": "HU",
          "current_usable": true,
          "measurement_date": "2026-08-05",
          "measurement_datetime_local": null,
          "measurement_datetime_utc": null,
          "measurement_time_original": "2026-08-05",
          "measurement_timezone": null,
          "operator_provider_id": "hydroinfo_hu",
          "parameter": "discharge",
          "source_file_sha256": "cc1f3aac55d1e5afacbd44e39b749598c2354e09d963e2c6821904e1cdf7917a",
          "source_id": "hydroinfo_hu",
          "source_provider_id": "hydroinfo_hu",
          "source_quality_code": null,
          "source_station_id": "442032",
          "source_status": "complete",
          "source_url": "https://www.hydroinfo.hu/tables/dunhif.html",
          "stale": false,
          "station_id": "hu-442032",
          "station_name": "Mohacs",
          "station_name_local": "Mohács",
          "unit": "m3/s",
          "value": 716.0,
          "variation_value": null,
          "variation_window_hours": null
        },
        "is_exact_station_location": false,
        "river_km": null,
        "river_name": "Danube",
        "source_id": "hydroinfo_hu",
        "source_label": "OVF Hydroinfo",
        "source_status": "complete",
        "source_url": "https://www.hydroinfo.hu/tables/dunhif.html",
        "station_id": "hu-442032",
        "station_name": "Mohacs",
        "station_name_local": "Mohács",
        "station_slug": "hu-mohacs",
        "station_type": "gauge",
        "water_level": {
          "canonical_quality_flag": "observed",
          "captured_at_utc": "2026-08-05T09:56:03.606765+00:00",
          "captured_via_provider_id": "hydroinfo_hu",
          "country_code": "HU",
          "current_usable": true,
          "measurement_date": "2026-08-05",
          "measurement_datetime_local": null,
          "measurement_datetime_utc": null,
          "measurement_time_original": "2026-08-05",
          "measurement_timezone": null,
          "operator_provider_id": "hydroinfo_hu",
          "parameter": "water_level",
          "source_file_sha256": "cc1f3aac55d1e5afacbd44e39b749598c2354e09d963e2c6821904e1cdf7917a",
          "source_id": "hydroinfo_hu",
          "source_provider_id": "hydroinfo_hu",
          "source_quality_code": null,
          "source_station_id": "442032",
          "source_status": "complete",
          "source_url": "https://www.hydroinfo.hu/tables/dunhif.html",
          "stale": false,
          "station_id": "hu-442032",
          "station_name": "Mohacs",
          "station_name_local": "Mohács",
          "unit": "cm",
          "value": -13.0,
          "variation_value": 0.0,
          "variation_window_hours": 24
        },
        "water_temperature": {
          "canonical_quality_flag": "observed",
          "captured_at_utc": "2026-08-05T09:56:03.606765+00:00",
          "captured_via_provider_id": "hydroinfo_hu",
          "country_code": "HU",
          "current_usable": true,
          "measurement_date": "2026-08-05",
          "measurement_datetime_local": null,
          "measurement_datetime_utc": null,
          "measurement_time_original": "2026-08-05",
          "measurement_timezone": null,
          "operator_provider_id": "hydroinfo_hu",
          "parameter": "water_temperature",
          "source_file_sha256": "cc1f3aac55d1e5afacbd44e39b749598c2354e09d963e2c6821904e1cdf7917a",
          "source_id": "hydroinfo_hu",
          "source_provider_id": "hydroinfo_hu",
          "source_quality_code": null,
          "source_station_id": "442032",
          "source_status": "complete",
          "source_url": "https://www.hydroinfo.hu/tables/dunhif.html",
          "stale": false,
          "station_id": "hu-442032",
          "station_name": "Mohacs",
          "station_name_local": "Mohács",
          "unit": "degC",
          "value": 27.9,
          "variation_value": null,
          "variation_window_hours": null
        }
      },
      "type": "Feature"
    },
    {
      "geometry": {
        "coordinates": [
          18.9497264,
          45.5294464
        ],
        "type": "Point"
      },
      "properties": {
        "capture_datetime_utc": "2026-08-05T09:56:06.390774+00:00",
        "coordinate_confidence": "medium",
        "coordinate_method": "geocoded_locality",
        "coordinate_provider": "OpenStreetMap Nominatim",
        "coordinate_review_status": "accepted",
        "coordinate_source": "https://nominatim.openstreetmap.org/search?q=Aljma%C5%A1%2C+Croatia&countrycodes=hr&format=jsonv2&addressdetails=1&namedetails=1&limit=5&dedupe=1&accept-language=en",
        "country_code": "HR",
        "discharge": null,
        "is_exact_station_location": false,
        "river_km": null,
        "river_name": "Danube",
        "source_id": "vodniputovi_hr",
        "source_label": "Croatian waterways / DHMZ",
        "source_status": "suspended",
        "source_url": "https://vodniputovi.hr/dhmz_vodostaji/getwaterstuff.php",
        "station_id": "hr-5001",
        "station_name": "Aljmas",
        "station_name_local": "Aljmaš",
        "station_slug": "hr-aljmas",
        "station_type": "gauge",
        "water_level": null,
        "water_temperature": null
      },
      "type": "Feature"
    },
    {
      "geometry": {
        "coordinates": [
          19.002376,
          45.3444094
        ],
        "type": "Point"
      },
      "properties": {
        "capture_datetime_utc": "2026-08-05T09:56:06.390774+00:00",
        "coordinate_confidence": "medium",
        "coordinate_method": "geocoded_locality",
        "coordinate_provider": "OpenStreetMap Nominatim",
        "coordinate_review_status": "accepted",
        "coordinate_source": "https://nominatim.openstreetmap.org/search?q=Vukovar%2C+Croatia&countrycodes=hr&format=jsonv2&addressdetails=1&namedetails=1&limit=5&dedupe=1&accept-language=en",
        "country_code": "HR",
        "discharge": null,
        "is_exact_station_location": false,
        "river_km": null,
        "river_name": "Danube",
        "source_id": "vodniputovi_hr",
        "source_label": "Croatian waterways / DHMZ",
        "source_status": "suspended",
        "source_url": "https://vodniputovi.hr/dhmz_vodostaji/getwaterstuff.php",
        "station_id": "hr-5070",
        "station_name": "Vukovar",
        "station_name_local": "Vukovar",
        "station_slug": "hr-vukovar",
        "station_type": "gauge",
        "water_level": null,
        "water_temperature": null
      },
      "type": "Feature"
    },
    {
      "geometry": {
        "coordinates": [
          22.8772194,
          43.9857242
        ],
        "type": "Point"
      },
      "properties": {
        "capture_datetime_utc": "2026-08-05T09:56:08.453784+00:00",
        "coordinate_confidence": "medium",
        "coordinate_method": "geocoded_locality",
        "coordinate_provider": "OpenStreetMap Nominatim",
        "coordinate_review_status": "accepted",
        "coordinate_source": "https://nominatim.openstreetmap.org/search?q=Vidin%2C+Bulgaria&countrycodes=bg&format=jsonv2&addressdetails=1&namedetails=1&limit=5&dedupe=1&accept-language=en",
        "country_code": "BG",
        "discharge": null,
        "is_exact_station_location": false,
        "river_km": 790.3,
        "river_name": "Danube",
        "source_id": "appd_bg",
        "source_label": "APPD",
        "source_status": "partial",
        "source_url": "https://www.appd-bg.org/hidrology-en",
        "station_id": "bg-vidin-manual",
        "station_name": "Vidin",
        "station_name_local": "Vidin",
        "station_slug": "bg-vidin-manual",
        "station_type": "manual",
        "water_level": {
          "canonical_quality_flag": "observed",
          "captured_at_utc": "2026-08-05T09:56:07.048089+00:00",
          "captured_via_provider_id": "appd_bg",
          "country_code": "BG",
          "current_usable": true,
          "measurement_date": "2026-08-05",
          "measurement_datetime_local": null,
          "measurement_datetime_utc": null,
          "measurement_time_original": "2026-08-05",
          "measurement_timezone": null,
          "operator_provider_id": "appd_bg",
          "parameter": "water_level",
          "source_file_sha256": "d41f67b51a29a162313f2207e73c8705a12d0e5e766f02783f75f4ee0d4f4b82",
          "source_id": "appd_bg",
          "source_provider_id": "appd_bg",
          "source_quality_code": null,
          "source_station_id": null,
          "source_status": "partial",
          "source_url": "https://www.appd-bg.org/hidrology-en",
          "stale": false,
          "station_id": "bg-vidin-manual",
          "station_name": "Vidin",
          "station_name_local": "Vidin",
          "unit": "cm",
          "value": -26.0,
          "variation_value": -3.0,
          "variation_window_hours": 24
        },
        "water_temperature": {
          "canonical_quality_flag": "observed",
          "captured_at_utc": "2026-08-05T09:56:07.048089+00:00",
          "captured_via_provider_id": "appd_bg",
          "country_code": "BG",
          "current_usable": true,
          "measurement_date": "2026-08-05",
          "measurement_datetime_local": null,
          "measurement_datetime_utc": null,
          "measurement_time_original": "2026-08-05",
          "measurement_timezone": null,
          "operator_provider_id": "appd_bg",
          "parameter": "water_temperature",
          "source_file_sha256": "d41f67b51a29a162313f2207e73c8705a12d0e5e766f02783f75f4ee0d4f4b82",
          "source_id": "appd_bg",
          "source_provider_id": "appd_bg",
          "source_quality_code": null,
          "source_station_id": null,
          "source_status": "partial",
          "source_url": "https://www.appd-bg.org/hidrology-en",
          "stale": false,
          "station_id": "bg-vidin-manual",
          "station_name": "Vidin",
          "station_name_local": "Vidin",
          "unit": "degC",
          "value": 26.5,
          "variation_value": null,
          "variation_window_hours": null
        }
      },
      "type": "Feature"
    },
    {
      "geometry": {
        "coordinates": [
          23.2386638,
          43.8201697
        ],
        "type": "Point"
      },
      "properties": {
        "capture_datetime_utc": "2026-08-05T09:56:08.453784+00:00",
        "coordinate_confidence": "medium",
        "coordinate_method": "geocoded_locality",
        "coordinate_provider": "OpenStreetMap Nominatim",
        "coordinate_review_status": "accepted",
        "coordinate_source": "https://nominatim.openstreetmap.org/search?q=Lom%2C+Bulgaria&countrycodes=bg&format=jsonv2&addressdetails=1&namedetails=1&limit=5&dedupe=1&accept-language=en",
        "country_code": "BG",
        "discharge": {
          "canonical_quality_flag": "observed",
          "captured_at_utc": "2026-08-05T09:56:07.048089+00:00",
          "captured_via_provider_id": "appd_bg",
          "country_code": "BG",
          "current_usable": true,
          "measurement_date": "2026-08-05",
          "measurement_datetime_local": null,
          "measurement_datetime_utc": null,
          "measurement_time_original": "2026-08-05",
          "measurement_timezone": null,
          "operator_provider_id": "appd_bg",
          "parameter": "discharge",
          "source_file_sha256": "d41f67b51a29a162313f2207e73c8705a12d0e5e766f02783f75f4ee0d4f4b82",
          "source_id": "appd_bg",
          "source_provider_id": "appd_bg",
          "source_quality_code": null,
          "source_station_id": null,
          "source_status": "partial",
          "source_url": "https://www.appd-bg.org/hidrology-en",
          "stale": false,
          "station_id": "bg-lom-manual",
          "station_name": "Lom",
          "station_name_local": "Lom",
          "unit": "m3/s",
          "value": 1508.0,
          "variation_value": null,
          "variation_window_hours": null
        },
        "is_exact_station_location": false,
        "river_km": 743.3,
        "river_name": "Danube",
        "source_id": "appd_bg",
        "source_label": "APPD",
        "source_status": "partial",
        "source_url": "https://www.appd-bg.org/hidrology-en",
        "station_id": "bg-lom-manual",
        "station_name": "Lom",
        "station_name_local": "Lom",
        "station_slug": "bg-lom-manual",
        "station_type": "manual",
        "water_level": {
          "canonical_quality_flag": "observed",
          "captured_at_utc": "2026-08-05T09:56:07.048089+00:00",
          "captured_via_provider_id": "appd_bg",
          "country_code": "BG",
          "current_usable": true,
          "measurement_date": "2026-08-05",
          "measurement_datetime_local": null,
          "measurement_datetime_utc": null,
          "measurement_time_original": "2026-08-05",
          "measurement_timezone": null,
          "operator_provider_id": "appd_bg",
          "parameter": "water_level",
          "source_file_sha256": "d41f67b51a29a162313f2207e73c8705a12d0e5e766f02783f75f4ee0d4f4b82",
          "source_id": "appd_bg",
          "source_provider_id": "appd_bg",
          "source_quality_code": null,
          "source_station_id": null,
          "source_status": "partial",
          "source_url": "https://www.appd-bg.org/hidrology-en",
          "stale": false,
          "station_id": "bg-lom-manual",
          "station_name": "Lom",
          "station_name_local": "Lom",
          "unit": "cm",
          "value": -11.0,
          "variation_value": -7.0,
          "variation_window_hours": 24
        },
        "water_temperature": {
          "canonical_quality_flag": "observed",
          "captured_at_utc": "2026-08-05T09:56:07.048089+00:00",
          "captured_via_provider_id": "appd_bg",
          "country_code": "BG",
          "current_usable": true,
          "measurement_date": "2026-08-05",
          "measurement_datetime_local": null,
          "measurement_datetime_utc": null,
          "measurement_time_original": "2026-08-05",
          "measurement_timezone": null,
          "operator_provider_id": "appd_bg",
          "parameter": "water_temperature",
          "source_file_sha256": "d41f67b51a29a162313f2207e73c8705a12d0e5e766f02783f75f4ee0d4f4b82",
          "source_id": "appd_bg",
          "source_provider_id": "appd_bg",
          "source_quality_code": null,
          "source_station_id": null,
          "source_status": "partial",
          "source_url": "https://www.appd-bg.org/hidrology-en",
          "stale": false,
          "station_id": "bg-lom-manual",
          "station_name": "Lom",
          "station_name_local": "Lom",
          "unit": "degC",
          "value": 27.0,
          "variation_value": null,
          "variation_window_hours": null
        }
      },
      "type": "Feature"
    },
    {
      "geometry": {
        "coordinates": [
          23.9591325,
          43.7346254
        ],
        "type": "Point"
      },
      "properties": {
        "capture_datetime_utc": "2026-08-05T09:56:08.453784+00:00",
        "coordinate_confidence": "medium",
        "coordinate_method": "geocoded_locality",
        "coordinate_provider": "OpenStreetMap Nominatim",
        "coordinate_review_status": "accepted",
        "coordinate_source": "https://nominatim.openstreetmap.org/search?q=Oryahovo%2C+Bulgaria&countrycodes=bg&format=jsonv2&addressdetails=1&namedetails=1&limit=5&dedupe=1&accept-language=en",
        "country_code": "BG",
        "discharge": {
          "canonical_quality_flag": "observed",
          "captured_at_utc": "2026-08-05T09:56:07.048089+00:00",
          "captured_via_provider_id": "appd_bg",
          "country_code": "BG",
          "current_usable": true,
          "measurement_date": "2026-08-05",
          "measurement_datetime_local": null,
          "measurement_datetime_utc": null,
          "measurement_time_original": "2026-08-05",
          "measurement_timezone": null,
          "operator_provider_id": "appd_bg",
          "parameter": "discharge",
          "source_file_sha256": "d41f67b51a29a162313f2207e73c8705a12d0e5e766f02783f75f4ee0d4f4b82",
          "source_id": "appd_bg",
          "source_provider_id": "appd_bg",
          "source_quality_code": null,
          "source_station_id": null,
          "source_status": "partial",
          "source_url": "https://www.appd-bg.org/hidrology-en",
          "stale": false,
          "station_id": "bg-oryahovo-manual",
          "station_name": "Oryahovo",
          "station_name_local": "Oryahovo",
          "unit": "m3/s",
          "value": 1491.0,
          "variation_value": null,
          "variation_window_hours": null
        },
        "is_exact_station_location": false,
        "river_km": 678.0,
        "river_name": "Danube",
        "source_id": "appd_bg",
        "source_label": "APPD",
        "source_status": "partial",
        "source_url": "https://www.appd-bg.org/hidrology-en",
        "station_id": "bg-oryahovo-manual",
        "station_name": "Oryahovo",
        "station_name_local": "Oryahovo",
        "station_slug": "bg-oryahovo-manual",
        "station_type": "manual",
        "water_level": {
          "canonical_quality_flag": "observed",
          "captured_at_utc": "2026-08-05T09:56:07.048089+00:00",
          "captured_via_provider_id": "appd_bg",
          "country_code": "BG",
          "current_usable": true,
          "measurement_date": "2026-08-05",
          "measurement_datetime_local": null,
          "measurement_datetime_utc": null,
          "measurement_time_original": "2026-08-05",
          "measurement_timezone": null,
          "operator_provider_id": "appd_bg",
          "parameter": "water_level",
          "source_file_sha256": "d41f67b51a29a162313f2207e73c8705a12d0e5e766f02783f75f4ee0d4f4b82",
          "source_id": "appd_bg",
          "source_provider_id": "appd_bg",
          "source_quality_code": null,
          "source_station_id": null,
          "source_status": "partial",
          "source_url": "https://www.appd-bg.org/hidrology-en",
          "stale": false,
          "station_id": "bg-oryahovo-manual",
          "station_name": "Oryahovo",
          "station_name_local": "Oryahovo",
          "unit": "cm",
          "value": -89.0,
          "variation_value": -4.0,
          "variation_window_hours": 24
        },
        "water_temperature": {
          "canonical_quality_flag": "observed",
          "captured_at_utc": "2026-08-05T09:56:07.048089+00:00",
          "captured_via_provider_id": "appd_bg",
          "country_code": "BG",
          "current_usable": true,
          "measurement_date": "2026-08-05",
          "measurement_datetime_local": null,
          "measurement_datetime_utc": null,
          "measurement_time_original": "2026-08-05",
          "measurement_timezone": null,
          "operator_provider_id": "appd_bg",
          "parameter": "water_temperature",
          "source_file_sha256": "d41f67b51a29a162313f2207e73c8705a12d0e5e766f02783f75f4ee0d4f4b82",
          "source_id": "appd_bg",
          "source_provider_id": "appd_bg",
          "source_quality_code": null,
          "source_station_id": null,
          "source_status": "partial",
          "source_url": "https://www.appd-bg.org/hidrology-en",
          "stale": false,
          "station_id": "bg-oryahovo-manual",
          "station_name": "Oryahovo",
          "station_name_local": "Oryahovo",
          "unit": "degC",
          "value": 27.5,
          "variation_value": null,
          "variation_window_hours": null
        }
      },
      "type": "Feature"
    },
    {
      "geometry": {
        "coordinates": [
          24.8996563,
          43.7070803
        ],
        "type": "Point"
      },
      "properties": {
        "capture_datetime_utc": "2026-08-05T09:56:08.453784+00:00",
        "coordinate_confidence": "medium",
        "coordinate_method": "geocoded_locality",
        "coordinate_provider": "OpenStreetMap Nominatim",
        "coordinate_review_status": "accepted",
        "coordinate_source": "https://nominatim.openstreetmap.org/search?q=Nikopol%2C+Bulgaria&countrycodes=bg&format=jsonv2&addressdetails=1&namedetails=1&limit=5&dedupe=1&accept-language=en",
        "country_code": "BG",
        "discharge": null,
        "is_exact_station_location": false,
        "river_km": 597.5,
        "river_name": "Danube",
        "source_id": "appd_bg",
        "source_label": "APPD",
        "source_status": "partial",
        "source_url": "https://www.appd-bg.org/hidrology-en",
        "station_id": "bg-nikopol-manual",
        "station_name": "Nikopol",
        "station_name_local": "Nikopol",
        "station_slug": "bg-nikopol-manual",
        "station_type": "manual",
        "water_level": {
          "canonical_quality_flag": "observed",
          "captured_at_utc": "2026-08-05T09:56:07.048089+00:00",
          "captured_via_provider_id": "appd_bg",
          "country_code": "BG",
          "current_usable": true,
          "measurement_date": "2026-08-05",
          "measurement_datetime_local": null,
          "measurement_datetime_utc": null,
          "measurement_time_original": "2026-08-05",
          "measurement_timezone": null,
          "operator_provider_id": "appd_bg",
          "parameter": "water_level",
          "source_file_sha256": "d41f67b51a29a162313f2207e73c8705a12d0e5e766f02783f75f4ee0d4f4b82",
          "source_id": "appd_bg",
          "source_provider_id": "appd_bg",
          "source_quality_code": null,
          "source_station_id": null,
          "source_status": "partial",
          "source_url": "https://www.appd-bg.org/hidrology-en",
          "stale": false,
          "station_id": "bg-nikopol-manual",
          "station_name": "Nikopol",
          "station_name_local": "Nikopol",
          "unit": "cm",
          "value": -5.0,
          "variation_value": -7.0,
          "variation_window_hours": 24
        },
        "water_temperature": {
          "canonical_quality_flag": "observed",
          "captured_at_utc": "2026-08-05T09:56:07.048089+00:00",
          "captured_via_provider_id": "appd_bg",
          "country_code": "BG",
          "current_usable": true,
          "measurement_date": "2026-08-05",
          "measurement_datetime_local": null,
          "measurement_datetime_utc": null,
          "measurement_time_original": "2026-08-05",
          "measurement_timezone": null,
          "operator_provider_id": "appd_bg",
          "parameter": "water_temperature",
          "source_file_sha256": "d41f67b51a29a162313f2207e73c8705a12d0e5e766f02783f75f4ee0d4f4b82",
          "source_id": "appd_bg",
          "source_provider_id": "appd_bg",
          "source_quality_code": null,
          "source_station_id": null,
          "source_status": "partial",
          "source_url": "https://www.appd-bg.org/hidrology-en",
          "stale": false,
          "station_id": "bg-nikopol-manual",
          "station_name": "Nikopol",
          "station_name_local": "Nikopol",
          "unit": "degC",
          "value": 27.3,
          "variation_value": null,
          "variation_window_hours": null
        }
      },
      "type": "Feature"
    },
    {
      "geometry": {
        "coordinates": [
          25.3509536,
          43.6158817
        ],
        "type": "Point"
      },
      "properties": {
        "capture_datetime_utc": "2026-08-05T09:56:08.453784+00:00",
        "coordinate_confidence": "medium",
        "coordinate_method": "geocoded_locality",
        "coordinate_provider": "OpenStreetMap Nominatim",
        "coordinate_review_status": "accepted",
        "coordinate_source": "https://nominatim.openstreetmap.org/search?q=Svishtov%2C+Bulgaria&countrycodes=bg&format=jsonv2&addressdetails=1&namedetails=1&limit=5&dedupe=1&accept-language=en",
        "country_code": "BG",
        "discharge": {
          "canonical_quality_flag": "observed",
          "captured_at_utc": "2026-08-05T09:56:07.048089+00:00",
          "captured_via_provider_id": "appd_bg",
          "country_code": "BG",
          "current_usable": true,
          "measurement_date": "2026-08-05",
          "measurement_datetime_local": null,
          "measurement_datetime_utc": null,
          "measurement_time_original": "2026-08-05",
          "measurement_timezone": null,
          "operator_provider_id": "appd_bg",
          "parameter": "discharge",
          "source_file_sha256": "d41f67b51a29a162313f2207e73c8705a12d0e5e766f02783f75f4ee0d4f4b82",
          "source_id": "appd_bg",
          "source_provider_id": "appd_bg",
          "source_quality_code": null,
          "source_station_id": null,
          "source_status": "partial",
          "source_url": "https://www.appd-bg.org/hidrology-en",
          "stale": false,
          "station_id": "bg-svishtov-manual",
          "station_name": "Svishtov",
          "station_name_local": "Svishtov",
          "unit": "m3/s",
          "value": 1572.0,
          "variation_value": null,
          "variation_window_hours": null
        },
        "is_exact_station_location": false,
        "river_km": 554.3,
        "river_name": "Danube",
        "source_id": "appd_bg",
        "source_label": "APPD",
        "source_status": "partial",
        "source_url": "https://www.appd-bg.org/hidrology-en",
        "station_id": "bg-svishtov-manual",
        "station_name": "Svishtov",
        "station_name_local": "Svishtov",
        "station_slug": "bg-svishtov-manual",
        "station_type": "manual",
        "water_level": {
          "canonical_quality_flag": "observed",
          "captured_at_utc": "2026-08-05T09:56:07.048089+00:00",
          "captured_via_provider_id": "appd_bg",
          "country_code": "BG",
          "current_usable": true,
          "measurement_date": "2026-08-05",
          "measurement_datetime_local": null,
          "measurement_datetime_utc": null,
          "measurement_time_original": "2026-08-05",
          "measurement_timezone": null,
          "operator_provider_id": "appd_bg",
          "parameter": "water_level",
          "source_file_sha256": "d41f67b51a29a162313f2207e73c8705a12d0e5e766f02783f75f4ee0d4f4b82",
          "source_id": "appd_bg",
          "source_provider_id": "appd_bg",
          "source_quality_code": null,
          "source_station_id": null,
          "source_status": "partial",
          "source_url": "https://www.appd-bg.org/hidrology-en",
          "stale": false,
          "station_id": "bg-svishtov-manual",
          "station_name": "Svishtov",
          "station_name_local": "Svishtov",
          "unit": "cm",
          "value": -44.0,
          "variation_value": -4.0,
          "variation_window_hours": 24
        },
        "water_temperature": {
          "canonical_quality_flag": "observed",
          "captured_at_utc": "2026-08-05T09:56:07.048089+00:00",
          "captured_via_provider_id": "appd_bg",
          "country_code": "BG",
          "current_usable": true,
          "measurement_date": "2026-08-05",
          "measurement_datetime_local": null,
          "measurement_datetime_utc": null,
          "measurement_time_original": "2026-08-05",
          "measurement_timezone": null,
          "operator_provider_id": "appd_bg",
          "parameter": "water_temperature",
          "source_file_sha256": "d41f67b51a29a162313f2207e73c8705a12d0e5e766f02783f75f4ee0d4f4b82",
          "source_id": "appd_bg",
          "source_provider_id": "appd_bg",
          "source_quality_code": null,
          "source_station_id": null,
          "source_status": "partial",
          "source_url": "https://www.appd-bg.org/hidrology-en",
          "stale": false,
          "station_id": "bg-svishtov-manual",
          "station_name": "Svishtov",
          "station_name_local": "Svishtov",
          "unit": "degC",
          "value": 27.0,
          "variation_value": null,
          "variation_window_hours": null
        }
      },
      "type": "Feature"
    },
    {
      "geometry": {
        "coordinates": [
          25.9579915,
          43.8350657
        ],
        "type": "Point"
      },
      "properties": {
        "capture_datetime_utc": "2026-08-05T09:56:08.453784+00:00",
        "coordinate_confidence": "medium",
        "coordinate_method": "geocoded_locality",
        "coordinate_provider": "OpenStreetMap Nominatim",
        "coordinate_review_status": "accepted",
        "coordinate_source": "https://nominatim.openstreetmap.org/search?q=Ruse%2C+Bulgaria&countrycodes=bg&format=jsonv2&addressdetails=1&namedetails=1&limit=5&dedupe=1&accept-language=en",
        "country_code": "BG",
        "discharge": {
          "canonical_quality_flag": "observed",
          "captured_at_utc": "2026-08-05T09:56:07.048089+00:00",
          "captured_via_provider_id": "appd_bg",
          "country_code": "BG",
          "current_usable": true,
          "measurement_date": "2026-08-05",
          "measurement_datetime_local": null,
          "measurement_datetime_utc": null,
          "measurement_time_original": "2026-08-05",
          "measurement_timezone": null,
          "operator_provider_id": "appd_bg",
          "parameter": "discharge",
          "source_file_sha256": "d41f67b51a29a162313f2207e73c8705a12d0e5e766f02783f75f4ee0d4f4b82",
          "source_id": "appd_bg",
          "source_provider_id": "appd_bg",
          "source_quality_code": null,
          "source_station_id": null,
          "source_status": "partial",
          "source_url": "https://www.appd-bg.org/hidrology-en",
          "stale": false,
          "station_id": "bg-ruse-manual",
          "station_name": "Ruse",
          "station_name_local": "Ruse",
          "unit": "m3/s",
          "value": 1686.0,
          "variation_value": null,
          "variation_window_hours": null
        },
        "is_exact_station_location": false,
        "river_km": 495.6,
        "river_name": "Danube",
        "source_id": "appd_bg",
        "source_label": "APPD",
        "source_status": "partial",
        "source_url": "https://www.appd-bg.org/hidrology-en",
        "station_id": "bg-ruse-manual",
        "station_name": "Ruse",
        "station_name_local": "Ruse",
        "station_slug": "bg-ruse-manual",
        "station_type": "manual",
        "water_level": {
          "canonical_quality_flag": "observed",
          "captured_at_utc": "2026-08-05T09:56:07.048089+00:00",
          "captured_via_provider_id": "appd_bg",
          "country_code": "BG",
          "current_usable": true,
          "measurement_date": "2026-08-05",
          "measurement_datetime_local": null,
          "measurement_datetime_utc": null,
          "measurement_time_original": "2026-08-05",
          "measurement_timezone": null,
          "operator_provider_id": "appd_bg",
          "parameter": "water_level",
          "source_file_sha256": "d41f67b51a29a162313f2207e73c8705a12d0e5e766f02783f75f4ee0d4f4b82",
          "source_id": "appd_bg",
          "source_provider_id": "appd_bg",
          "source_quality_code": null,
          "source_station_id": null,
          "source_status": "partial",
          "source_url": "https://www.appd-bg.org/hidrology-en",
          "stale": false,
          "station_id": "bg-ruse-manual",
          "station_name": "Ruse",
          "station_name_local": "Ruse",
          "unit": "cm",
          "value": -97.0,
          "variation_value": -3.0,
          "variation_window_hours": 24
        },
        "water_temperature": {
          "canonical_quality_flag": "observed",
          "captured_at_utc": "2026-08-05T09:56:07.048089+00:00",
          "captured_via_provider_id": "appd_bg",
          "country_code": "BG",
          "current_usable": true,
          "measurement_date": "2026-08-05",
          "measurement_datetime_local": null,
          "measurement_datetime_utc": null,
          "measurement_time_original": "2026-08-05",
          "measurement_timezone": null,
          "operator_provider_id": "appd_bg",
          "parameter": "water_temperature",
          "source_file_sha256": "d41f67b51a29a162313f2207e73c8705a12d0e5e766f02783f75f4ee0d4f4b82",
          "source_id": "appd_bg",
          "source_provider_id": "appd_bg",
          "source_quality_code": null,
          "source_station_id": null,
          "source_status": "partial",
          "source_url": "https://www.appd-bg.org/hidrology-en",
          "stale": false,
          "station_id": "bg-ruse-manual",
          "station_name": "Ruse",
          "station_name_local": "Ruse",
          "unit": "degC",
          "value": 27.4,
          "variation_value": null,
          "variation_window_hours": null
        }
      },
      "type": "Feature"
    },
    {
      "geometry": {
        "coordinates": [
          27.2600031,
          44.118308
        ],
        "type": "Point"
      },
      "properties": {
        "capture_datetime_utc": "2026-08-05T09:56:08.453784+00:00",
        "coordinate_confidence": "medium",
        "coordinate_method": "geocoded_locality",
        "coordinate_provider": "OpenStreetMap Nominatim",
        "coordinate_review_status": "accepted",
        "coordinate_source": "https://nominatim.openstreetmap.org/search?q=Silistra%2C+Bulgaria&countrycodes=bg&format=jsonv2&addressdetails=1&namedetails=1&limit=5&dedupe=1&accept-language=en",
        "country_code": "BG",
        "discharge": {
          "canonical_quality_flag": "observed",
          "captured_at_utc": "2026-08-05T09:56:07.048089+00:00",
          "captured_via_provider_id": "appd_bg",
          "country_code": "BG",
          "current_usable": true,
          "measurement_date": "2026-08-05",
          "measurement_datetime_local": null,
          "measurement_datetime_utc": null,
          "measurement_time_original": "2026-08-05",
          "measurement_timezone": null,
          "operator_provider_id": "appd_bg",
          "parameter": "discharge",
          "source_file_sha256": "d41f67b51a29a162313f2207e73c8705a12d0e5e766f02783f75f4ee0d4f4b82",
          "source_id": "appd_bg",
          "source_provider_id": "appd_bg",
          "source_quality_code": null,
          "source_station_id": null,
          "source_status": "partial",
          "source_url": "https://www.appd-bg.org/hidrology-en",
          "stale": false,
          "station_id": "bg-silistra-manual",
          "station_name": "Silistra",
          "station_name_local": "Silistra",
          "unit": "m3/s",
          "value": 1750.0,
          "variation_value": null,
          "variation_window_hours": null
        },
        "is_exact_station_location": false,
        "river_km": 375.5,
        "river_name": "Danube",
        "source_id": "appd_bg",
        "source_label": "APPD",
        "source_status": "partial",
        "source_url": "https://www.appd-bg.org/hidrology-en",
        "station_id": "bg-silistra-manual",
        "station_name": "Silistra",
        "station_name_local": "Silistra",
        "station_slug": "bg-silistra-manual",
        "station_type": "manual",
        "water_level": {
          "canonical_quality_flag": "observed",
          "captured_at_utc": "2026-08-05T09:56:07.048089+00:00",
          "captured_via_provider_id": "appd_bg",
          "country_code": "BG",
          "current_usable": true,
          "measurement_date": "2026-08-05",
          "measurement_datetime_local": null,
          "measurement_datetime_utc": null,
          "measurement_time_original": "2026-08-05",
          "measurement_timezone": null,
          "operator_provider_id": "appd_bg",
          "parameter": "water_level",
          "source_file_sha256": "d41f67b51a29a162313f2207e73c8705a12d0e5e766f02783f75f4ee0d4f4b82",
          "source_id": "appd_bg",
          "source_provider_id": "appd_bg",
          "source_quality_code": null,
          "source_station_id": null,
          "source_status": "partial",
          "source_url": "https://www.appd-bg.org/hidrology-en",
          "stale": false,
          "station_id": "bg-silistra-manual",
          "station_name": "Silistra",
          "station_name_local": "Silistra",
          "unit": "cm",
          "value": -79.0,
          "variation_value": -2.0,
          "variation_window_hours": 24
        },
        "water_temperature": {
          "canonical_quality_flag": "observed",
          "captured_at_utc": "2026-08-05T09:56:07.048089+00:00",
          "captured_via_provider_id": "appd_bg",
          "country_code": "BG",
          "current_usable": true,
          "measurement_date": "2026-08-05",
          "measurement_datetime_local": null,
          "measurement_datetime_utc": null,
          "measurement_time_original": "2026-08-05",
          "measurement_timezone": null,
          "operator_provider_id": "appd_bg",
          "parameter": "water_temperature",
          "source_file_sha256": "d41f67b51a29a162313f2207e73c8705a12d0e5e766f02783f75f4ee0d4f4b82",
          "source_id": "appd_bg",
          "source_provider_id": "appd_bg",
          "source_quality_code": null,
          "source_station_id": null,
          "source_status": "partial",
          "source_url": "https://www.appd-bg.org/hidrology-en",
          "stale": false,
          "station_id": "bg-silistra-manual",
          "station_name": "Silistra",
          "station_name_local": "Silistra",
          "unit": "degC",
          "value": 27.6,
          "variation_value": null,
          "variation_window_hours": null
        }
      },
      "type": "Feature"
    },
    {
      "geometry": {
        "coordinates": [
          22.9679382,
          44.0912358
        ],
        "type": "Point"
      },
      "properties": {
        "capture_datetime_utc": "2026-08-05T09:56:08.453784+00:00",
        "coordinate_confidence": "medium",
        "coordinate_method": "geocoded_locality",
        "coordinate_provider": "OpenStreetMap Nominatim",
        "coordinate_review_status": "accepted",
        "coordinate_source": "https://nominatim.openstreetmap.org/search?q=Gomotartsi%2C+Bulgaria&countrycodes=bg&format=jsonv2&addressdetails=1&namedetails=1&limit=5&dedupe=1&accept-language=en",
        "country_code": "BG",
        "discharge": null,
        "is_exact_station_location": false,
        "river_km": 819.0,
        "river_name": "Danube",
        "source_id": "appd_bg",
        "source_label": "APPD",
        "source_status": "partial",
        "source_url": "https://www.appd-bg.org/hidrology-en",
        "station_id": "bg-gomotartsi-automatic",
        "station_name": "Gomotartsi",
        "station_name_local": "Gomotartsi",
        "station_slug": "bg-gomotartsi-automatic",
        "station_type": "automatic",
        "water_level": {
          "canonical_quality_flag": "observed",
          "captured_at_utc": "2026-08-05T09:56:07.048089+00:00",
          "captured_via_provider_id": "appd_bg",
          "country_code": "BG",
          "current_usable": true,
          "measurement_date": "2026-08-05",
          "measurement_datetime_local": null,
          "measurement_datetime_utc": null,
          "measurement_time_original": "2026-08-05",
          "measurement_timezone": null,
          "operator_provider_id": "appd_bg",
          "parameter": "water_level",
          "source_file_sha256": "d41f67b51a29a162313f2207e73c8705a12d0e5e766f02783f75f4ee0d4f4b82",
          "source_id": "appd_bg",
          "source_provider_id": "appd_bg",
          "source_quality_code": "six_hour_direction=down",
          "source_station_id": null,
          "source_status": "partial",
          "source_url": "https://www.appd-bg.org/hidrology-en",
          "stale": false,
          "station_id": "bg-gomotartsi-automatic",
          "station_name": "Gomotartsi",
          "station_name_local": "Gomotartsi",
          "unit": "cm",
          "value": -187.0,
          "variation_value": null,
          "variation_window_hours": 6
        },
        "water_temperature": {
          "canonical_quality_flag": "observed",
          "captured_at_utc": "2026-08-05T09:56:07.048089+00:00",
          "captured_via_provider_id": "appd_bg",
          "country_code": "BG",
          "current_usable": true,
          "measurement_date": "2026-08-05",
          "measurement_datetime_local": null,
          "measurement_datetime_utc": null,
          "measurement_time_original": "2026-08-05",
          "measurement_timezone": null,
          "operator_provider_id": "appd_bg",
          "parameter": "water_temperature",
          "source_file_sha256": "d41f67b51a29a162313f2207e73c8705a12d0e5e766f02783f75f4ee0d4f4b82",
          "source_id": "appd_bg",
          "source_provider_id": "appd_bg",
          "source_quality_code": "six_hour_direction=down",
          "source_station_id": null,
          "source_status": "partial",
          "source_url": "https://www.appd-bg.org/hidrology-en",
          "stale": false,
          "station_id": "bg-gomotartsi-automatic",
          "station_name": "Gomotartsi",
          "station_name_local": "Gomotartsi",
          "unit": "degC",
          "value": 27.1,
          "variation_value": null,
          "variation_window_hours": null
        }
      },
      "type": "Feature"
    },
    {
      "geometry": {
        "coordinates": [
          23.2386638,
          43.8201697
        ],
        "type": "Point"
      },
      "properties": {
        "capture_datetime_utc": "2026-08-05T09:56:08.453784+00:00",
        "coordinate_confidence": "medium",
        "coordinate_method": "geocoded_locality",
        "coordinate_provider": "OpenStreetMap Nominatim",
        "coordinate_review_status": "accepted",
        "coordinate_source": "https://nominatim.openstreetmap.org/search?q=Lom%2C+Bulgaria&countrycodes=bg&format=jsonv2&addressdetails=1&namedetails=1&limit=5&dedupe=1&accept-language=en",
        "country_code": "BG",
        "discharge": null,
        "is_exact_station_location": false,
        "river_km": 743.3,
        "river_name": "Danube",
        "source_id": "appd_bg",
        "source_label": "APPD",
        "source_status": "partial",
        "source_url": "https://www.appd-bg.org/hidrology-en",
        "station_id": "bg-lom-automatic",
        "station_name": "Lom",
        "station_name_local": "Lom",
        "station_slug": "bg-lom-automatic",
        "station_type": "automatic",
        "water_level": {
          "canonical_quality_flag": "observed",
          "captured_at_utc": "2026-08-05T09:56:07.048089+00:00",
          "captured_via_provider_id": "appd_bg",
          "country_code": "BG",
          "current_usable": true,
          "measurement_date": "2026-08-05",
          "measurement_datetime_local": null,
          "measurement_datetime_utc": null,
          "measurement_time_original": "2026-08-05",
          "measurement_timezone": null,
          "operator_provider_id": "appd_bg",
          "parameter": "water_level",
          "source_file_sha256": "d41f67b51a29a162313f2207e73c8705a12d0e5e766f02783f75f4ee0d4f4b82",
          "source_id": "appd_bg",
          "source_provider_id": "appd_bg",
          "source_quality_code": "six_hour_direction=up",
          "source_station_id": null,
          "source_status": "partial",
          "source_url": "https://www.appd-bg.org/hidrology-en",
          "stale": false,
          "station_id": "bg-lom-automatic",
          "station_name": "Lom",
          "station_name_local": "Lom",
          "unit": "cm",
          "value": -10.0,
          "variation_value": null,
          "variation_window_hours": 6
        },
        "water_temperature": {
          "canonical_quality_flag": "observed",
          "captured_at_utc": "2026-08-05T09:56:07.048089+00:00",
          "captured_via_provider_id": "appd_bg",
          "country_code": "BG",
          "current_usable": true,
          "measurement_date": "2026-08-05",
          "measurement_datetime_local": null,
          "measurement_datetime_utc": null,
          "measurement_time_original": "2026-08-05",
          "measurement_timezone": null,
          "operator_provider_id": "appd_bg",
          "parameter": "water_temperature",
          "source_file_sha256": "d41f67b51a29a162313f2207e73c8705a12d0e5e766f02783f75f4ee0d4f4b82",
          "source_id": "appd_bg",
          "source_provider_id": "appd_bg",
          "source_quality_code": "six_hour_direction=up",
          "source_station_id": null,
          "source_status": "partial",
          "source_url": "https://www.appd-bg.org/hidrology-en",
          "stale": false,
          "station_id": "bg-lom-automatic",
          "station_name": "Lom",
          "station_name_local": "Lom",
          "unit": "degC",
          "value": 27.5,
          "variation_value": null,
          "variation_window_hours": null
        }
      },
      "type": "Feature"
    },
    {
      "geometry": {
        "coordinates": [
          23.7293313,
          43.7750934
        ],
        "type": "Point"
      },
      "properties": {
        "capture_datetime_utc": "2026-08-05T09:56:08.453784+00:00",
        "coordinate_confidence": "medium",
        "coordinate_method": "geocoded_locality",
        "coordinate_provider": "OpenStreetMap Nominatim",
        "coordinate_review_status": "accepted",
        "coordinate_source": "https://nominatim.openstreetmap.org/search?q=Kozloduy%2C+Bulgaria&countrycodes=bg&format=jsonv2&addressdetails=1&namedetails=1&limit=5&dedupe=1&accept-language=en",
        "country_code": "BG",
        "discharge": null,
        "is_exact_station_location": false,
        "river_km": 703.9,
        "river_name": "Danube",
        "source_id": "appd_bg",
        "source_label": "APPD",
        "source_status": "partial",
        "source_url": "https://www.appd-bg.org/hidrology-en",
        "station_id": "bg-kozloduj-automatic",
        "station_name": "Kozloduj",
        "station_name_local": "Kozloduj",
        "station_slug": "bg-kozloduj-automatic",
        "station_type": "automatic",
        "water_level": {
          "canonical_quality_flag": "observed",
          "captured_at_utc": "2026-08-05T09:56:07.048089+00:00",
          "captured_via_provider_id": "appd_bg",
          "country_code": "BG",
          "current_usable": true,
          "measurement_date": "2026-08-05",
          "measurement_datetime_local": null,
          "measurement_datetime_utc": null,
          "measurement_time_original": "2026-08-05",
          "measurement_timezone": null,
          "operator_provider_id": "appd_bg",
          "parameter": "water_level",
          "source_file_sha256": "d41f67b51a29a162313f2207e73c8705a12d0e5e766f02783f75f4ee0d4f4b82",
          "source_id": "appd_bg",
          "source_provider_id": "appd_bg",
          "source_quality_code": "six_hour_direction=nochange",
          "source_station_id": null,
          "source_status": "partial",
          "source_url": "https://www.appd-bg.org/hidrology-en",
          "stale": false,
          "station_id": "bg-kozloduj-automatic",
          "station_name": "Kozloduj",
          "station_name_local": "Kozloduj",
          "unit": "cm",
          "value": -218.0,
          "variation_value": null,
          "variation_window_hours": 6
        },
        "water_temperature": {
          "canonical_quality_flag": "observed",
          "captured_at_utc": "2026-08-05T09:56:07.048089+00:00",
          "captured_via_provider_id": "appd_bg",
          "country_code": "BG",
          "current_usable": true,
          "measurement_date": "2026-08-05",
          "measurement_datetime_local": null,
          "measurement_datetime_utc": null,
          "measurement_time_original": "2026-08-05",
          "measurement_timezone": null,
          "operator_provider_id": "appd_bg",
          "parameter": "water_temperature",
          "source_file_sha256": "d41f67b51a29a162313f2207e73c8705a12d0e5e766f02783f75f4ee0d4f4b82",
          "source_id": "appd_bg",
          "source_provider_id": "appd_bg",
          "source_quality_code": "six_hour_direction=nochange",
          "source_station_id": null,
          "source_status": "partial",
          "source_url": "https://www.appd-bg.org/hidrology-en",
          "stale": false,
          "station_id": "bg-kozloduj-automatic",
          "station_name": "Kozloduj",
          "station_name_local": "Kozloduj",
          "unit": "degC",
          "value": 27.6,
          "variation_value": null,
          "variation_window_hours": null
        }
      },
      "type": "Feature"
    },
    {
      "geometry": {
        "coordinates": [
          23.9591325,
          43.7346254
        ],
        "type": "Point"
      },
      "properties": {
        "capture_datetime_utc": "2026-08-05T09:56:08.453784+00:00",
        "coordinate_confidence": "medium",
        "coordinate_method": "geocoded_locality",
        "coordinate_provider": "OpenStreetMap Nominatim",
        "coordinate_review_status": "accepted",
        "coordinate_source": "https://nominatim.openstreetmap.org/search?q=Oryahovo%2C+Bulgaria&countrycodes=bg&format=jsonv2&addressdetails=1&namedetails=1&limit=5&dedupe=1&accept-language=en",
        "country_code": "BG",
        "discharge": null,
        "is_exact_station_location": false,
        "river_km": 678.0,
        "river_name": "Danube",
        "source_id": "appd_bg",
        "source_label": "APPD",
        "source_status": "partial",
        "source_url": "https://www.appd-bg.org/hidrology-en",
        "station_id": "bg-oryahovo-automatic",
        "station_name": "Oryahovo",
        "station_name_local": "Oryahovo",
        "station_slug": "bg-oryahovo-automatic",
        "station_type": "automatic",
        "water_level": {
          "canonical_quality_flag": "observed",
          "captured_at_utc": "2026-08-05T09:56:07.048089+00:00",
          "captured_via_provider_id": "appd_bg",
          "country_code": "BG",
          "current_usable": true,
          "measurement_date": "2026-08-05",
          "measurement_datetime_local": null,
          "measurement_datetime_utc": null,
          "measurement_time_original": "2026-08-05",
          "measurement_timezone": null,
          "operator_provider_id": "appd_bg",
          "parameter": "water_level",
          "source_file_sha256": "d41f67b51a29a162313f2207e73c8705a12d0e5e766f02783f75f4ee0d4f4b82",
          "source_id": "appd_bg",
          "source_provider_id": "appd_bg",
          "source_quality_code": "six_hour_direction=down",
          "source_station_id": null,
          "source_status": "partial",
          "source_url": "https://www.appd-bg.org/hidrology-en",
          "stale": false,
          "station_id": "bg-oryahovo-automatic",
          "station_name": "Oryahovo",
          "station_name_local": "Oryahovo",
          "unit": "cm",
          "value": -90.0,
          "variation_value": null,
          "variation_window_hours": 6
        },
        "water_temperature": {
          "canonical_quality_flag": "observed",
          "captured_at_utc": "2026-08-05T09:56:07.048089+00:00",
          "captured_via_provider_id": "appd_bg",
          "country_code": "BG",
          "current_usable": true,
          "measurement_date": "2026-08-05",
          "measurement_datetime_local": null,
          "measurement_datetime_utc": null,
          "measurement_time_original": "2026-08-05",
          "measurement_timezone": null,
          "operator_provider_id": "appd_bg",
          "parameter": "water_temperature",
          "source_file_sha256": "d41f67b51a29a162313f2207e73c8705a12d0e5e766f02783f75f4ee0d4f4b82",
          "source_id": "appd_bg",
          "source_provider_id": "appd_bg",
          "source_quality_code": "six_hour_direction=down",
          "source_station_id": null,
          "source_status": "partial",
          "source_url": "https://www.appd-bg.org/hidrology-en",
          "stale": false,
          "station_id": "bg-oryahovo-automatic",
          "station_name": "Oryahovo",
          "station_name_local": "Oryahovo",
          "unit": "degC",
          "value": 28.0,
          "variation_value": null,
          "variation_window_hours": null
        }
      },
      "type": "Feature"
    },
    {
      "geometry": {
        "coordinates": [
          24.8996563,
          43.7070803
        ],
        "type": "Point"
      },
      "properties": {
        "capture_datetime_utc": "2026-08-05T09:56:08.453784+00:00",
        "coordinate_confidence": "medium",
        "coordinate_method": "geocoded_locality",
        "coordinate_provider": "OpenStreetMap Nominatim",
        "coordinate_review_status": "accepted",
        "coordinate_source": "https://nominatim.openstreetmap.org/search?q=Nikopol%2C+Bulgaria&countrycodes=bg&format=jsonv2&addressdetails=1&namedetails=1&limit=5&dedupe=1&accept-language=en",
        "country_code": "BG",
        "discharge": null,
        "is_exact_station_location": false,
        "river_km": 597.5,
        "river_name": "Danube",
        "source_id": "appd_bg",
        "source_label": "APPD",
        "source_status": "partial",
        "source_url": "https://www.appd-bg.org/hidrology-en",
        "station_id": "bg-nikopol-automatic",
        "station_name": "Nikopol",
        "station_name_local": "Nikopol",
        "station_slug": "bg-nikopol-automatic",
        "station_type": "automatic",
        "water_level": {
          "canonical_quality_flag": "observed",
          "captured_at_utc": "2026-08-05T09:56:07.048089+00:00",
          "captured_via_provider_id": "appd_bg",
          "country_code": "BG",
          "current_usable": true,
          "measurement_date": "2026-08-05",
          "measurement_datetime_local": null,
          "measurement_datetime_utc": null,
          "measurement_time_original": "2026-08-05",
          "measurement_timezone": null,
          "operator_provider_id": "appd_bg",
          "parameter": "water_level",
          "source_file_sha256": "d41f67b51a29a162313f2207e73c8705a12d0e5e766f02783f75f4ee0d4f4b82",
          "source_id": "appd_bg",
          "source_provider_id": "appd_bg",
          "source_quality_code": "six_hour_direction=down",
          "source_station_id": null,
          "source_status": "partial",
          "source_url": "https://www.appd-bg.org/hidrology-en",
          "stale": false,
          "station_id": "bg-nikopol-automatic",
          "station_name": "Nikopol",
          "station_name_local": "Nikopol",
          "unit": "cm",
          "value": -3.0,
          "variation_value": null,
          "variation_window_hours": 6
        },
        "water_temperature": {
          "canonical_quality_flag": "observed",
          "captured_at_utc": "2026-08-05T09:56:07.048089+00:00",
          "captured_via_provider_id": "appd_bg",
          "country_code": "BG",
          "current_usable": true,
          "measurement_date": "2026-08-05",
          "measurement_datetime_local": null,
          "measurement_datetime_utc": null,
          "measurement_time_original": "2026-08-05",
          "measurement_timezone": null,
          "operator_provider_id": "appd_bg",
          "parameter": "water_temperature",
          "source_file_sha256": "d41f67b51a29a162313f2207e73c8705a12d0e5e766f02783f75f4ee0d4f4b82",
          "source_id": "appd_bg",
          "source_provider_id": "appd_bg",
          "source_quality_code": "six_hour_direction=down",
          "source_station_id": null,
          "source_status": "partial",
          "source_url": "https://www.appd-bg.org/hidrology-en",
          "stale": false,
          "station_id": "bg-nikopol-automatic",
          "station_name": "Nikopol",
          "station_name_local": "Nikopol",
          "unit": "degC",
          "value": 28.8,
          "variation_value": null,
          "variation_window_hours": null
        }
      },
      "type": "Feature"
    },
    {
      "geometry": {
        "coordinates": [
          25.3509536,
          43.6158817
        ],
        "type": "Point"
      },
      "properties": {
        "capture_datetime_utc": "2026-08-05T09:56:08.453784+00:00",
        "coordinate_confidence": "medium",
        "coordinate_method": "geocoded_locality",
        "coordinate_provider": "OpenStreetMap Nominatim",
        "coordinate_review_status": "accepted",
        "coordinate_source": "https://nominatim.openstreetmap.org/search?q=Svishtov%2C+Bulgaria&countrycodes=bg&format=jsonv2&addressdetails=1&namedetails=1&limit=5&dedupe=1&accept-language=en",
        "country_code": "BG",
        "discharge": null,
        "is_exact_station_location": false,
        "river_km": 554.3,
        "river_name": "Danube",
        "source_id": "appd_bg",
        "source_label": "APPD",
        "source_status": "partial",
        "source_url": "https://www.appd-bg.org/hidrology-en",
        "station_id": "bg-svishtov-automatic",
        "station_name": "Svishtov",
        "station_name_local": "Svishtov",
        "station_slug": "bg-svishtov-automatic",
        "station_type": "automatic",
        "water_level": {
          "canonical_quality_flag": "observed",
          "captured_at_utc": "2026-08-05T09:56:07.048089+00:00",
          "captured_via_provider_id": "appd_bg",
          "country_code": "BG",
          "current_usable": true,
          "measurement_date": "2026-08-05",
          "measurement_datetime_local": null,
          "measurement_datetime_utc": null,
          "measurement_time_original": "2026-08-05",
          "measurement_timezone": null,
          "operator_provider_id": "appd_bg",
          "parameter": "water_level",
          "source_file_sha256": "d41f67b51a29a162313f2207e73c8705a12d0e5e766f02783f75f4ee0d4f4b82",
          "source_id": "appd_bg",
          "source_provider_id": "appd_bg",
          "source_quality_code": "six_hour_direction=down",
          "source_station_id": null,
          "source_status": "partial",
          "source_url": "https://www.appd-bg.org/hidrology-en",
          "stale": false,
          "station_id": "bg-svishtov-automatic",
          "station_name": "Svishtov",
          "station_name_local": "Svishtov",
          "unit": "cm",
          "value": -41.0,
          "variation_value": null,
          "variation_window_hours": 6
        },
        "water_temperature": {
          "canonical_quality_flag": "observed",
          "captured_at_utc": "2026-08-05T09:56:07.048089+00:00",
          "captured_via_provider_id": "appd_bg",
          "country_code": "BG",
          "current_usable": true,
          "measurement_date": "2026-08-05",
          "measurement_datetime_local": null,
          "measurement_datetime_utc": null,
          "measurement_time_original": "2026-08-05",
          "measurement_timezone": null,
          "operator_provider_id": "appd_bg",
          "parameter": "water_temperature",
          "source_file_sha256": "d41f67b51a29a162313f2207e73c8705a12d0e5e766f02783f75f4ee0d4f4b82",
          "source_id": "appd_bg",
          "source_provider_id": "appd_bg",
          "source_quality_code": "six_hour_direction=down",
          "source_station_id": null,
          "source_status": "partial",
          "source_url": "https://www.appd-bg.org/hidrology-en",
          "stale": false,
          "station_id": "bg-svishtov-automatic",
          "station_name": "Svishtov",
          "station_name_local": "Svishtov",
          "unit": "degC",
          "value": 28.7,
          "variation_value": null,
          "variation_window_hours": null
        }
      },
      "type": "Feature"
    },
    {
      "geometry": {
        "coordinates": [
          25.9579915,
          43.8350657
        ],
        "type": "Point"
      },
      "properties": {
        "capture_datetime_utc": "2026-08-05T09:56:08.453784+00:00",
        "coordinate_confidence": "medium",
        "coordinate_method": "geocoded_locality",
        "coordinate_provider": "OpenStreetMap Nominatim",
        "coordinate_review_status": "accepted",
        "coordinate_source": "https://nominatim.openstreetmap.org/search?q=Ruse%2C+Bulgaria&countrycodes=bg&format=jsonv2&addressdetails=1&namedetails=1&limit=5&dedupe=1&accept-language=en",
        "country_code": "BG",
        "discharge": null,
        "is_exact_station_location": false,
        "river_km": 495.6,
        "river_name": "Danube",
        "source_id": "appd_bg",
        "source_label": "APPD",
        "source_status": "partial",
        "source_url": "https://www.appd-bg.org/hidrology-en",
        "station_id": "bg-ruse-automatic",
        "station_name": "Ruse",
        "station_name_local": "Ruse",
        "station_slug": "bg-ruse-automatic",
        "station_type": "automatic",
        "water_level": {
          "canonical_quality_flag": "observed",
          "captured_at_utc": "2026-08-05T09:56:07.048089+00:00",
          "captured_via_provider_id": "appd_bg",
          "country_code": "BG",
          "current_usable": true,
          "measurement_date": "2026-08-05",
          "measurement_datetime_local": null,
          "measurement_datetime_utc": null,
          "measurement_time_original": "2026-08-05",
          "measurement_timezone": null,
          "operator_provider_id": "appd_bg",
          "parameter": "water_level",
          "source_file_sha256": "d41f67b51a29a162313f2207e73c8705a12d0e5e766f02783f75f4ee0d4f4b82",
          "source_id": "appd_bg",
          "source_provider_id": "appd_bg",
          "source_quality_code": "six_hour_direction=down",
          "source_station_id": null,
          "source_status": "partial",
          "source_url": "https://www.appd-bg.org/hidrology-en",
          "stale": false,
          "station_id": "bg-ruse-automatic",
          "station_name": "Ruse",
          "station_name_local": "Ruse",
          "unit": "cm",
          "value": -94.0,
          "variation_value": null,
          "variation_window_hours": 6
        },
        "water_temperature": {
          "canonical_quality_flag": "observed",
          "captured_at_utc": "2026-08-05T09:56:07.048089+00:00",
          "captured_via_provider_id": "appd_bg",
          "country_code": "BG",
          "current_usable": true,
          "measurement_date": "2026-08-05",
          "measurement_datetime_local": null,
          "measurement_datetime_utc": null,
          "measurement_time_original": "2026-08-05",
          "measurement_timezone": null,
          "operator_provider_id": "appd_bg",
          "parameter": "water_temperature",
          "source_file_sha256": "d41f67b51a29a162313f2207e73c8705a12d0e5e766f02783f75f4ee0d4f4b82",
          "source_id": "appd_bg",
          "source_provider_id": "appd_bg",
          "source_quality_code": "six_hour_direction=down",
          "source_station_id": null,
          "source_status": "partial",
          "source_url": "https://www.appd-bg.org/hidrology-en",
          "stale": false,
          "station_id": "bg-ruse-automatic",
          "station_name": "Ruse",
          "station_name_local": "Ruse",
          "unit": "degC",
          "value": 27.7,
          "variation_value": null,
          "variation_window_hours": null
        }
      },
      "type": "Feature"
    },
    {
      "geometry": {
        "coordinates": [
          26.23997,
          43.98705
        ],
        "type": "Point"
      },
      "properties": {
        "capture_datetime_utc": "2026-08-05T09:56:08.453784+00:00",
        "coordinate_confidence": "medium",
        "coordinate_method": "geocoded_locality",
        "coordinate_provider": "OpenStreetMap Nominatim",
        "coordinate_review_status": "accepted",
        "coordinate_source": "https://nominatim.openstreetmap.org/search?q=Ryahovo%2C+Bulgaria&countrycodes=bg&format=jsonv2&addressdetails=1&namedetails=1&limit=5&dedupe=1&accept-language=en",
        "country_code": "BG",
        "discharge": null,
        "is_exact_station_location": false,
        "river_km": 465.4,
        "river_name": "Danube",
        "source_id": "appd_bg",
        "source_label": "APPD",
        "source_status": "partial",
        "source_url": "https://www.appd-bg.org/hidrology-en",
        "station_id": "bg-ryahovo-automatic",
        "station_name": "Ryahovo",
        "station_name_local": "Ryahovo",
        "station_slug": "bg-ryahovo-automatic",
        "station_type": "automatic",
        "water_level": {
          "canonical_quality_flag": "observed",
          "captured_at_utc": "2026-08-05T09:56:07.048089+00:00",
          "captured_via_provider_id": "appd_bg",
          "country_code": "BG",
          "current_usable": true,
          "measurement_date": "2026-08-05",
          "measurement_datetime_local": null,
          "measurement_datetime_utc": null,
          "measurement_time_original": "2026-08-05",
          "measurement_timezone": null,
          "operator_provider_id": "appd_bg",
          "parameter": "water_level",
          "source_file_sha256": "d41f67b51a29a162313f2207e73c8705a12d0e5e766f02783f75f4ee0d4f4b82",
          "source_id": "appd_bg",
          "source_provider_id": "appd_bg",
          "source_quality_code": "six_hour_direction=down",
          "source_station_id": null,
          "source_status": "partial",
          "source_url": "https://www.appd-bg.org/hidrology-en",
          "stale": false,
          "station_id": "bg-ryahovo-automatic",
          "station_name": "Ryahovo",
          "station_name_local": "Ryahovo",
          "unit": "cm",
          "value": -297.0,
          "variation_value": null,
          "variation_window_hours": 6
        },
        "water_temperature": {
          "canonical_quality_flag": "observed",
          "captured_at_utc": "2026-08-05T09:56:07.048089+00:00",
          "captured_via_provider_id": "appd_bg",
          "country_code": "BG",
          "current_usable": true,
          "measurement_date": "2026-08-05",
          "measurement_datetime_local": null,
          "measurement_datetime_utc": null,
          "measurement_time_original": "2026-08-05",
          "measurement_timezone": null,
          "operator_provider_id": "appd_bg",
          "parameter": "water_temperature",
          "source_file_sha256": "d41f67b51a29a162313f2207e73c8705a12d0e5e766f02783f75f4ee0d4f4b82",
          "source_id": "appd_bg",
          "source_provider_id": "appd_bg",
          "source_quality_code": "six_hour_direction=down",
          "source_station_id": null,
          "source_status": "partial",
          "source_url": "https://www.appd-bg.org/hidrology-en",
          "stale": false,
          "station_id": "bg-ryahovo-automatic",
          "station_name": "Ryahovo",
          "station_name_local": "Ryahovo",
          "unit": "degC",
          "value": 28.2,
          "variation_value": null,
          "variation_window_hours": null
        }
      },
      "type": "Feature"
    },
    {
      "geometry": {
        "coordinates": [
          26.8449,
          44.06541
        ],
        "type": "Point"
      },
      "properties": {
        "capture_datetime_utc": "2026-08-05T09:56:08.453784+00:00",
        "coordinate_confidence": "medium",
        "coordinate_method": "geocoded_locality",
        "coordinate_provider": "OpenStreetMap Nominatim",
        "coordinate_review_status": "accepted",
        "coordinate_source": "https://nominatim.openstreetmap.org/search?q=Malak+Preslavets%2C+Bulgaria&countrycodes=bg&format=jsonv2&addressdetails=1&namedetails=1&limit=5&dedupe=1&accept-language=en",
        "country_code": "BG",
        "discharge": null,
        "is_exact_station_location": false,
        "river_km": 413.9,
        "river_name": "Danube",
        "source_id": "appd_bg",
        "source_label": "APPD",
        "source_status": "partial",
        "source_url": "https://www.appd-bg.org/hidrology-en",
        "station_id": "bg-malak-preslavets-automatic",
        "station_name": "Malak Preslavets",
        "station_name_local": "Malak Preslavets",
        "station_slug": "bg-malak-preslavets-automatic",
        "station_type": "automatic",
        "water_level": {
          "canonical_quality_flag": "observed",
          "captured_at_utc": "2026-08-05T09:56:07.048089+00:00",
          "captured_via_provider_id": "appd_bg",
          "country_code": "BG",
          "current_usable": true,
          "measurement_date": "2026-08-05",
          "measurement_datetime_local": null,
          "measurement_datetime_utc": null,
          "measurement_time_original": "2026-08-05",
          "measurement_timezone": null,
          "operator_provider_id": "appd_bg",
          "parameter": "water_level",
          "source_file_sha256": "d41f67b51a29a162313f2207e73c8705a12d0e5e766f02783f75f4ee0d4f4b82",
          "source_id": "appd_bg",
          "source_provider_id": "appd_bg",
          "source_quality_code": "six_hour_direction=down",
          "source_station_id": null,
          "source_status": "partial",
          "source_url": "https://www.appd-bg.org/hidrology-en",
          "stale": false,
          "station_id": "bg-malak-preslavets-automatic",
          "station_name": "Malak Preslavets",
          "station_name_local": "Malak Preslavets",
          "unit": "cm",
          "value": -246.0,
          "variation_value": null,
          "variation_window_hours": 6
        },
        "water_temperature": {
          "canonical_quality_flag": "observed",
          "captured_at_utc": "2026-08-05T09:56:07.048089+00:00",
          "captured_via_provider_id": "appd_bg",
          "country_code": "BG",
          "current_usable": true,
          "measurement_date": "2026-08-05",
          "measurement_datetime_local": null,
          "measurement_datetime_utc": null,
          "measurement_time_original": "2026-08-05",
          "measurement_timezone": null,
          "operator_provider_id": "appd_bg",
          "parameter": "water_temperature",
          "source_file_sha256": "d41f67b51a29a162313f2207e73c8705a12d0e5e766f02783f75f4ee0d4f4b82",
          "source_id": "appd_bg",
          "source_provider_id": "appd_bg",
          "source_quality_code": "six_hour_direction=down",
          "source_station_id": null,
          "source_status": "partial",
          "source_url": "https://www.appd-bg.org/hidrology-en",
          "stale": false,
          "station_id": "bg-malak-preslavets-automatic",
          "station_name": "Malak Preslavets",
          "station_name_local": "Malak Preslavets",
          "unit": "degC",
          "value": 27.3,
          "variation_value": null,
          "variation_window_hours": null
        }
      },
      "type": "Feature"
    },
    {
      "geometry": {
        "coordinates": [
          27.2600031,
          44.118308
        ],
        "type": "Point"
      },
      "properties": {
        "capture_datetime_utc": "2026-08-05T09:56:08.453784+00:00",
        "coordinate_confidence": "medium",
        "coordinate_method": "geocoded_locality",
        "coordinate_provider": "OpenStreetMap Nominatim",
        "coordinate_review_status": "accepted",
        "coordinate_source": "https://nominatim.openstreetmap.org/search?q=Silistra%2C+Bulgaria&countrycodes=bg&format=jsonv2&addressdetails=1&namedetails=1&limit=5&dedupe=1&accept-language=en",
        "country_code": "BG",
        "discharge": null,
        "is_exact_station_location": false,
        "river_km": 375.5,
        "river_name": "Danube",
        "source_id": "appd_bg",
        "source_label": "APPD",
        "source_status": "partial",
        "source_url": "https://www.appd-bg.org/hidrology-en",
        "station_id": "bg-silistra-automatic",
        "station_name": "Silistra",
        "station_name_local": "Силистра",
        "station_slug": "bg-silistra-automatic",
        "station_type": "automatic",
        "water_level": {
          "canonical_quality_flag": "observed",
          "captured_at_utc": "2026-08-05T09:56:07.048089+00:00",
          "captured_via_provider_id": "appd_bg",
          "country_code": "BG",
          "current_usable": true,
          "measurement_date": "2026-08-05",
          "measurement_datetime_local": null,
          "measurement_datetime_utc": null,
          "measurement_time_original": "2026-08-05",
          "measurement_timezone": null,
          "operator_provider_id": "appd_bg",
          "parameter": "water_level",
          "source_file_sha256": "d41f67b51a29a162313f2207e73c8705a12d0e5e766f02783f75f4ee0d4f4b82",
          "source_id": "appd_bg",
          "source_provider_id": "appd_bg",
          "source_quality_code": "six_hour_direction=nochange",
          "source_station_id": null,
          "source_status": "partial",
          "source_url": "https://www.appd-bg.org/hidrology-en",
          "stale": false,
          "station_id": "bg-silistra-automatic",
          "station_name": "Silistra",
          "station_name_local": "Силистра",
          "unit": "cm",
          "value": -77.0,
          "variation_value": null,
          "variation_window_hours": 6
        },
        "water_temperature": {
          "canonical_quality_flag": "observed",
          "captured_at_utc": "2026-08-05T09:56:07.048089+00:00",
          "captured_via_provider_id": "appd_bg",
          "country_code": "BG",
          "current_usable": true,
          "measurement_date": "2026-08-05",
          "measurement_datetime_local": null,
          "measurement_datetime_utc": null,
          "measurement_time_original": "2026-08-05",
          "measurement_timezone": null,
          "operator_provider_id": "appd_bg",
          "parameter": "water_temperature",
          "source_file_sha256": "d41f67b51a29a162313f2207e73c8705a12d0e5e766f02783f75f4ee0d4f4b82",
          "source_id": "appd_bg",
          "source_provider_id": "appd_bg",
          "source_quality_code": "six_hour_direction=nochange",
          "source_station_id": null,
          "source_status": "partial",
          "source_url": "https://www.appd-bg.org/hidrology-en",
          "stale": false,
          "station_id": "bg-silistra-automatic",
          "station_name": "Silistra",
          "station_name_local": "Силистра",
          "unit": "degC",
          "value": 26.8,
          "variation_value": null,
          "variation_window_hours": null
        }
      },
      "type": "Feature"
    },
    {
      "geometry": {
        "coordinates": [
          18.9817862,
          45.6712544
        ],
        "type": "Point"
      },
      "properties": {
        "capture_datetime_utc": null,
        "coordinate_confidence": "medium",
        "coordinate_method": "geocoded_locality",
        "coordinate_provider": "OpenStreetMap Nominatim",
        "coordinate_review_status": "accepted",
        "coordinate_source": "https://nominatim.openstreetmap.org/search?q=Apatin%2C+Serbia&countrycodes=rs&format=jsonv2&addressdetails=1&namedetails=1&limit=5&dedupe=1&accept-language=en",
        "country_code": "RS",
        "discharge": null,
        "is_exact_station_location": false,
        "river_km": null,
        "river_name": "Danube",
        "source_id": "hidmet_rs",
        "source_label": "RHMZ / Hidmet",
        "source_status": "suspended",
        "source_url": "https://www.hidmet.gov.rs/eng/hidrologija/izvestajne/index.php",
        "station_id": "rs-42015",
        "station_name": "Apatin",
        "station_name_local": "Apatin",
        "station_slug": "rs-apatin",
        "station_type": "hydrometric",
        "water_level": null,
        "water_temperature": null
      },
      "type": "Feature"
    },
    {
      "geometry": {
        "coordinates": [
          19.3829401,
          45.2501002
        ],
        "type": "Point"
      },
      "properties": {
        "capture_datetime_utc": null,
        "coordinate_confidence": "medium",
        "coordinate_method": "geocoded_locality",
        "coordinate_provider": "OpenStreetMap Nominatim",
        "coordinate_review_status": "accepted",
        "coordinate_source": "https://nominatim.openstreetmap.org/search?q=Ba%C4%8Dka+Palanka%2C+Serbia&countrycodes=rs&format=jsonv2&addressdetails=1&namedetails=1&limit=5&dedupe=1&accept-language=en",
        "country_code": "RS",
        "discharge": null,
        "is_exact_station_location": false,
        "river_km": null,
        "river_name": "Danube",
        "source_id": "hidmet_rs",
        "source_label": "RHMZ / Hidmet",
        "source_status": "suspended",
        "source_url": "https://www.hidmet.gov.rs/eng/hidrologija/izvestajne/index.php",
        "station_id": "rs-42030",
        "station_name": "Backa Palanka",
        "station_name_local": "Bačka Palanka",
        "station_slug": "rs-backa-palanka",
        "station_type": "hydrometric",
        "water_level": null,
        "water_temperature": null
      },
      "type": "Feature"
    },
    {
      "geometry": {
        "coordinates": [
          21.3321355,
          44.8444157
        ],
        "type": "Point"
      },
      "properties": {
        "capture_datetime_utc": null,
        "coordinate_confidence": "medium",
        "coordinate_method": "geocoded_locality",
        "coordinate_provider": "OpenStreetMap Nominatim",
        "coordinate_review_status": "accepted",
        "coordinate_source": "https://nominatim.openstreetmap.org/search?q=Banatska+Palanka%2C+Serbia&countrycodes=rs&format=jsonv2&addressdetails=1&namedetails=1&limit=5&dedupe=1&accept-language=en",
        "country_code": "RS",
        "discharge": null,
        "is_exact_station_location": false,
        "river_km": null,
        "river_name": "Danube",
        "source_id": "hidmet_rs",
        "source_label": "RHMZ / Hidmet",
        "source_status": "suspended",
        "source_url": "https://www.hidmet.gov.rs/eng/hidrologija/izvestajne/index.php",
        "station_id": "rs-42060",
        "station_name": "Banatska Palanka",
        "station_name_local": "Banatska Palanka",
        "station_slug": "rs-banatska-palanka",
        "station_type": "hydrometric",
        "water_level": null,
        "water_temperature": null
      },
      "type": "Feature"
    },
    {
      "geometry": {
        "coordinates": [
          18.9240467,
          45.8493634
        ],
        "type": "Point"
      },
      "properties": {
        "capture_datetime_utc": null,
        "coordinate_confidence": "medium",
        "coordinate_method": "geocoded_locality",
        "coordinate_provider": "OpenStreetMap Nominatim",
        "coordinate_review_status": "accepted",
        "coordinate_source": "https://nominatim.openstreetmap.org/search?q=Bezdan%2C+Serbia&countrycodes=rs&format=jsonv2&addressdetails=1&namedetails=1&limit=5&dedupe=1&accept-language=en",
        "country_code": "RS",
        "discharge": null,
        "is_exact_station_location": false,
        "river_km": null,
        "river_name": "Danube",
        "source_id": "hidmet_rs",
        "source_label": "RHMZ / Hidmet",
        "source_status": "suspended",
        "source_url": "https://www.hidmet.gov.rs/eng/hidrologija/izvestajne/index.php",
        "station_id": "rs-42010",
        "station_name": "Bezdan",
        "station_name_local": "Bezdan",
        "station_slug": "rs-bezdan",
        "station_type": "hydrometric",
        "water_level": null,
        "water_temperature": null
      },
      "type": "Feature"
    },
    {
      "geometry": {
        "coordinates": [
          19.1302139,
          45.5302367
        ],
        "type": "Point"
      },
      "properties": {
        "capture_datetime_utc": null,
        "coordinate_confidence": "medium",
        "coordinate_method": "geocoded_locality",
        "coordinate_provider": "OpenStreetMap Nominatim",
        "coordinate_review_status": "accepted",
        "coordinate_source": "https://nominatim.openstreetmap.org/search?q=Bogojevo%2C+Serbia&countrycodes=rs&format=jsonv2&addressdetails=1&namedetails=1&limit=5&dedupe=1&accept-language=en",
        "country_code": "RS",
        "discharge": null,
        "is_exact_station_location": false,
        "river_km": null,
        "river_name": "Danube",
        "source_id": "hidmet_rs",
        "source_label": "RHMZ / Hidmet",
        "source_status": "suspended",
        "source_url": "https://www.hidmet.gov.rs/eng/hidrologija/izvestajne/index.php",
        "station_id": "rs-42020",
        "station_name": "Bogojevo",
        "station_name_local": "Bogojevo",
        "station_slug": "rs-bogojevo",
        "station_type": "hydrometric",
        "water_level": null,
        "water_temperature": null
      },
      "type": "Feature"
    },
    {
      "geometry": {
        "coordinates": [
          21.6305205,
          44.6531108
        ],
        "type": "Point"
      },
      "properties": {
        "capture_datetime_utc": null,
        "coordinate_confidence": "medium",
        "coordinate_method": "geocoded_locality",
        "coordinate_provider": "OpenStreetMap Nominatim",
        "coordinate_review_status": "accepted",
        "coordinate_source": "https://nominatim.openstreetmap.org/search?q=Golubac%2C+Serbia&countrycodes=rs&format=jsonv2&addressdetails=1&namedetails=1&limit=5&dedupe=1&accept-language=en",
        "country_code": "RS",
        "discharge": null,
        "is_exact_station_location": false,
        "river_km": null,
        "river_name": "Danube",
        "source_id": "hidmet_rs",
        "source_label": "RHMZ / Hidmet",
        "source_status": "suspended",
        "source_url": "https://www.hidmet.gov.rs/eng/hidrologija/izvestajne/index.php",
        "station_id": "rs-42070",
        "station_name": "Golubac",
        "station_name_local": "Golubac",
        "station_slug": "rs-golubac",
        "station_type": "hydrometric",
        "water_level": null,
        "water_temperature": null
      },
      "type": "Feature"
    },
    {
      "geometry": {
        "coordinates": [
          19.8451756,
          45.2551338
        ],
        "type": "Point"
      },
      "properties": {
        "capture_datetime_utc": null,
        "coordinate_confidence": "medium",
        "coordinate_method": "geocoded_locality",
        "coordinate_provider": "OpenStreetMap Nominatim",
        "coordinate_review_status": "accepted",
        "coordinate_source": "https://nominatim.openstreetmap.org/search?q=Novi+Sad%2C+Serbia&countrycodes=rs&format=jsonv2&addressdetails=1&namedetails=1&limit=5&dedupe=1&accept-language=en",
        "country_code": "RS",
        "discharge": null,
        "is_exact_station_location": false,
        "river_km": null,
        "river_name": "Danube",
        "source_id": "hidmet_rs",
        "source_label": "RHMZ / Hidmet",
        "source_status": "suspended",
        "source_url": "https://www.hidmet.gov.rs/eng/hidrologija/izvestajne/index.php",
        "station_id": "rs-42035",
        "station_name": "Novi Sad",
        "station_name_local": "Novi Sad",
        "station_slug": "rs-novi-sad",
        "station_type": "hydrometric",
        "water_level": null,
        "water_temperature": null
      },
      "type": "Feature"
    },
    {
      "geometry": {
        "coordinates": [
          20.6399643,
          44.8705686
        ],
        "type": "Point"
      },
      "properties": {
        "capture_datetime_utc": null,
        "coordinate_confidence": "medium",
        "coordinate_method": "geocoded_locality",
        "coordinate_provider": "OpenStreetMap Nominatim",
        "coordinate_review_status": "accepted",
        "coordinate_source": "https://nominatim.openstreetmap.org/search?q=Pan%C4%8Devo%2C+Serbia&countrycodes=rs&format=jsonv2&addressdetails=1&namedetails=1&limit=5&dedupe=1&accept-language=en",
        "country_code": "RS",
        "discharge": null,
        "is_exact_station_location": false,
        "river_km": null,
        "river_name": "Danube",
        "source_id": "hidmet_rs",
        "source_label": "RHMZ / Hidmet",
        "source_status": "suspended",
        "source_url": "https://www.hidmet.gov.rs/eng/hidrologija/izvestajne/index.php",
        "station_id": "rs-42050",
        "station_name": "Pancevo",
        "station_name_local": "Pančevo",
        "station_slug": "rs-pancevo",
        "station_type": "hydrometric",
        "water_level": null,
        "water_temperature": null
      },
      "type": "Feature"
    },
    {
      "geometry": {
        "coordinates": [
          22.5840091,
          44.2947674
        ],
        "type": "Point"
      },
      "properties": {
        "capture_datetime_utc": null,
        "coordinate_confidence": "medium",
        "coordinate_method": "geocoded_locality",
        "coordinate_provider": "OpenStreetMap Nominatim",
        "coordinate_review_status": "accepted",
        "coordinate_source": "https://nominatim.openstreetmap.org/search?q=Prahovo%2C+Serbia&countrycodes=rs&format=jsonv2&addressdetails=1&namedetails=1&limit=5&dedupe=1&accept-language=en",
        "country_code": "RS",
        "discharge": null,
        "is_exact_station_location": false,
        "river_km": null,
        "river_name": "Danube",
        "source_id": "hidmet_rs",
        "source_label": "RHMZ / Hidmet",
        "source_status": "suspended",
        "source_url": "https://www.hidmet.gov.rs/eng/hidrologija/izvestajne/index.php",
        "station_id": "rs-42095",
        "station_name": "Prahovo",
        "station_name_local": "Prahovo",
        "station_slug": "rs-prahovo",
        "station_type": "hydrometric",
        "water_level": null,
        "water_temperature": null
      },
      "type": "Feature"
    },
    {
      "geometry": {
        "coordinates": [
          20.2585993,
          45.1414778
        ],
        "type": "Point"
      },
      "properties": {
        "capture_datetime_utc": null,
        "coordinate_confidence": "medium",
        "coordinate_method": "geocoded_locality",
        "coordinate_provider": "OpenStreetMap Nominatim",
        "coordinate_review_status": "accepted",
        "coordinate_source": "https://nominatim.openstreetmap.org/search?q=Slankamen%2C+Serbia&countrycodes=rs&format=jsonv2&addressdetails=1&namedetails=1&limit=5&dedupe=1&accept-language=en",
        "country_code": "RS",
        "discharge": null,
        "is_exact_station_location": false,
        "river_km": null,
        "river_name": "Danube",
        "source_id": "hidmet_rs",
        "source_label": "RHMZ / Hidmet",
        "source_status": "suspended",
        "source_url": "https://www.hidmet.gov.rs/eng/hidrologija/izvestajne/index.php",
        "station_id": "rs-42040",
        "station_name": "Slankamen",
        "station_name_local": "Slankamen",
        "station_slug": "rs-slankamen",
        "station_type": "hydrometric",
        "water_level": null,
        "water_temperature": null
      },
      "type": "Feature"
    },
    {
      "geometry": {
        "coordinates": [
          20.9271115,
          44.6651048
        ],
        "type": "Point"
      },
      "properties": {
        "capture_datetime_utc": null,
        "coordinate_confidence": "medium",
        "coordinate_method": "geocoded_locality",
        "coordinate_provider": "OpenStreetMap Nominatim",
        "coordinate_review_status": "accepted",
        "coordinate_source": "https://nominatim.openstreetmap.org/search?q=Smederevo%2C+Serbia&countrycodes=rs&format=jsonv2&addressdetails=1&namedetails=1&limit=5&dedupe=1&accept-language=en",
        "country_code": "RS",
        "discharge": null,
        "is_exact_station_location": false,
        "river_km": null,
        "river_name": "Danube",
        "source_id": "hidmet_rs",
        "source_label": "RHMZ / Hidmet",
        "source_status": "suspended",
        "source_url": "https://www.hidmet.gov.rs/eng/hidrologija/izvestajne/index.php",
        "station_id": "rs-42055",
        "station_name": "Smederevo",
        "station_name_local": "Smederevo",
        "station_slug": "rs-smederevo",
        "station_type": "hydrometric",
        "water_level": null,
        "water_temperature": null
      },
      "type": "Feature"
    },
    {
      "geometry": {
        "coordinates": [
          21.5161946,
          44.7629166
        ],
        "type": "Point"
      },
      "properties": {
        "capture_datetime_utc": null,
        "coordinate_confidence": "medium",
        "coordinate_method": "geocoded_locality",
        "coordinate_provider": "OpenStreetMap Nominatim",
        "coordinate_review_status": "accepted",
        "coordinate_source": "https://nominatim.openstreetmap.org/search?q=Veliko+Gradi%C5%A1te%2C+Serbia&countrycodes=rs&format=jsonv2&addressdetails=1&namedetails=1&limit=5&dedupe=1&accept-language=en",
        "country_code": "RS",
        "discharge": null,
        "is_exact_station_location": false,
        "river_km": null,
        "river_name": "Danube",
        "source_id": "hidmet_rs",
        "source_label": "RHMZ / Hidmet",
        "source_status": "suspended",
        "source_url": "https://www.hidmet.gov.rs/eng/hidrologija/izvestajne/index.php",
        "station_id": "rs-42065",
        "station_name": "Veliko Gradiste",
        "station_name_local": "Veliko Gradište",
        "station_slug": "rs-veliko-gradiste",
        "station_type": "hydrometric",
        "water_level": null,
        "water_temperature": null
      },
      "type": "Feature"
    },
    {
      "geometry": {
        "coordinates": [
          20.4123996,
          44.8444
        ],
        "type": "Point"
      },
      "properties": {
        "capture_datetime_utc": null,
        "coordinate_confidence": "medium",
        "coordinate_method": "geocoded_locality",
        "coordinate_provider": "OpenStreetMap Nominatim",
        "coordinate_review_status": "accepted",
        "coordinate_source": "https://nominatim.openstreetmap.org/search?q=Zemun%2C+Serbia&countrycodes=rs&format=jsonv2&addressdetails=1&namedetails=1&limit=5&dedupe=1&accept-language=en",
        "country_code": "RS",
        "discharge": null,
        "is_exact_station_location": false,
        "river_km": null,
        "river_name": "Danube",
        "source_id": "hidmet_rs",
        "source_label": "RHMZ / Hidmet",
        "source_status": "suspended",
        "source_url": "https://www.hidmet.gov.rs/eng/hidrologija/izvestajne/index.php",
        "station_id": "rs-42045",
        "station_name": "Zemun",
        "station_name_local": "Zemun",
        "station_slug": "rs-zemun",
        "station_type": "hydrometric",
        "water_level": null,
        "water_temperature": null
      },
      "type": "Feature"
    }
  ],
  "type": "FeatureCollection"
}
